2025-12-02T19:39:22.525-05:00 DEBUG 124510 --- [tenant-service] [org.springframework.amqp.rabbit.RabbitListenerEndpointContainer#0-1] o.s.a.r.listener.BlockingQueueConsumer   : Rejecting messages (requeue=true)
2025-12-02T19:39:22.525-05:00 DEBUG 124510 --- [tenant-service] [pool-2-thread-14] o.s.a.r.listener.BlockingQueueConsumer   : Storing delivery for consumerTag: 'amq.ctag-cAqrhI9n0NxPX1HhqC9Csg' with deliveryTag: '1632' in Consumer@2baf9cd4: tags=[[amq.ctag-cAqrhI9n0NxPX1HhqC9Csg]], channel=Cached Rabbit Channel: AMQChannel(amqp://guest@127.0.0.1:5672/,1), conn: Proxy@ae449e7 Shared Rabbit Connection: SimpleConnection@15beb40b [delegate=amqp://guest@127.0.0.1:5672/, localPort=40784], acknowledgeMode=AUTO local queue size=0
2025-12-02T19:39:22.526-05:00 DEBUG 124510 --- [tenant-service] [org.springframework.amqp.rabbit.RabbitListenerEndpointContainer#0-1] o.s.a.r.listener.BlockingQueueConsumer   : Received message: (Body:'[B@1def8548(byte[176])' MessageProperties [headers={__ContentTypeId__=java.lang.Object, __KeyTypeId__=java.lang.Object, __TypeId__=java.util.HashMap}, contentType=application/json, contentEncoding=UTF-8, contentLength=0, receivedDeliveryMode=PERSISTENT, priority=0, redelivered=true, receivedExchange=auth-exchange, receivedRoutingKey=auth.user.registered, deliveryTag=1632, consumerTag=amq.ctag-cAqrhI9n0NxPX1HhqC9Csg, consumerQueue=auth.user.registered.queue])
2025-12-02T19:39:22.526-05:00 DEBUG 124510 --- [tenant-service] [org.springframework.amqp.rabbit.RabbitListenerEndpointContainer#0-1] .a.r.l.a.MessagingMessageListenerAdapter : Processing [GenericMessage [payload={globalRole=USER, eventType=auth.user.registered, userId=83278a9a-ba74-469a-994e-effb51d8837e, email=prueba@correo.com, timestamp=2025-12-02T19:33:08.964523491}, headers={amqp_receivedDeliveryMode=PERSISTENT, amqp_receivedExchange=auth-exchange, amqp_deliveryTag=1632, amqp_consumerQueue=auth.user.registered.queue, amqp_redelivered=true, __ContentTypeId__=java.lang.Object, amqp_receivedRoutingKey=auth.user.registered, amqp_contentEncoding=UTF-8, __KeyTypeId__=java.lang.Object, amqp_retryCount=0, id=85698b95-c7d8-3bcf-fc99-7dc350c8a5a6, amqp_consumerTag=amq.ctag-cAqrhI9n0NxPX1HhqC9Csg, amqp_lastInBatch=false, contentType=application/json, __TypeId__=java.util.HashMap, timestamp=1764722362526}]]
2025-12-02T19:39:22.526-05:00  INFO 124510 --- [tenant-service] [org.springframework.amqp.rabbit.RabbitListenerEndpointContainer#0-1] c.s.t.e.l.UserRegisteredListener         : Received auth.user.registered event: {globalRole=USER, eventType=auth.user.registered, userId=83278a9a-ba74-469a-994e-effb51d8837e, email=prueba@correo.com, timestamp=2025-12-02T19:33:08.964523491}
2025-12-02T19:39:22.526-05:00  INFO 124510 --- [tenant-service] [org.springframework.amqp.rabbit.RabbitListenerEndpointContainer#0-1] c.s.t.e.l.UserRegisteredListener         : Creating tenant for new user: prueba@correo.com (83278a9a-ba74-469a-994e-effb51d8837e)
2025-12-02T19:39:22.526-05:00  INFO 124510 --- [tenant-service] [org.springframework.amqp.rabbit.RabbitListenerEndpointContainer#0-1] c.s.t.service.impl.TenantServiceImpl     : Auto-creating tenant for new user: 83278a9a-ba74-469a-994e-effb51d8837e
2025-12-02T19:39:22.526-05:00 ERROR 124510 --- [tenant-service] [org.springframework.amqp.rabbit.RabbitListenerEndpointContainer#0-1] c.s.t.e.l.UserRegisteredListener         : Error processing auth.user.registered event: Range [0, 18) out of bounds for length 17

java.lang.StringIndexOutOfBoundsException: Range [0, 18) out of bounds for length 17
	at java.base/jdk.internal.util.Preconditions$1.apply(Preconditions.java:55) ~[na:na]
	at java.base/jdk.internal.util.Preconditions$1.apply(Preconditions.java:52) ~[na:na]
	at java.base/jdk.internal.util.Preconditions$4.apply(Preconditions.java:213) ~[na:na]
	at java.base/jdk.internal.util.Preconditions$4.apply(Preconditions.java:210) ~[na:na]
	at java.base/jdk.internal.util.Preconditions.outOfBounds(Preconditions.java:98) ~[na:na]
	at java.base/jdk.internal.util.Preconditions.outOfBoundsCheckFromToIndex(Preconditions.java:112) ~[na:na]
	at java.base/jdk.internal.util.Preconditions.checkFromToIndex(Preconditions.java:349) ~[na:na]
	at java.base/java.lang.String.checkBoundsBeginEnd(String.java:4865) ~[na:na]
	at java.base/java.lang.String.substring(String.java:2834) ~[na:na]
	at com.sentinel.tenant_service.service.impl.TenantServiceImpl.generateSlug(TenantServiceImpl.java:296) ~[classes/:na]
	at com.sentinel.tenant_service.service.impl.TenantServiceImpl.createTenantForUser(TenantServiceImpl.java:91) ~[classes/:na]
	at java.base/jdk.internal.reflect.DirectMethodHandleAccessor.invoke(DirectMethodHandleAccessor.java:103) ~[na:na]
	at java.base/java.lang.reflect.Method.invoke(Method.java:580) ~[na:na]
	at org.springframework.aop.support.AopUtils.invokeJoinpointUsingReflection(AopUtils.java:360) ~[spring-aop-6.2.14.jar:6.2.14]
	at org.springframework.aop.framework.ReflectiveMethodInvocation.invokeJoinpoint(ReflectiveMethodInvocation.java:196) ~[spring-aop-6.2.14.jar:6.2.14]
	at org.springframework.aop.framework.ReflectiveMethodInvocation.proceed(ReflectiveMethodInvocation.java:163) ~[spring-aop-6.2.14.jar:6.2.14]
	at org.springframework.transaction.interceptor.TransactionAspectSupport.invokeWithinTransaction(TransactionAspectSupport.java:380) ~[spring-tx-6.2.14.jar:6.2.14]
	at org.springframework.transaction.interceptor.TransactionInterceptor.invoke(TransactionInterceptor.java:119) ~[spring-tx-6.2.14.jar:6.2.14]
	at org.springframework.aop.framework.ReflectiveMethodInvocation.proceed(ReflectiveMethodInvocation.java:184) ~[spring-aop-6.2.14.jar:6.2.14]
	at org.springframework.aop.framework.CglibAopProxy$DynamicAdvisedInterceptor.intercept(CglibAopProxy.java:728) ~[spring-aop-6.2.14.jar:6.2.14]
	at com.sentinel.tenant_service.service.impl.TenantServiceImpl$$SpringCGLIB$$0.createTenantForUser(<generated>) ~[classes/:na]
	at com.sentinel.tenant_service.events.listeners.UserRegisteredListener.handleUserRegistered(UserRegisteredListener.java:52) ~[classes/:na]
	at java.base/jdk.internal.reflect.DirectMethodHandleAccessor.invoke(DirectMethodHandleAccessor.java:103) ~[na:na]
	at java.base/java.lang.reflect.Method.invoke(Method.java:580) ~[na:na]
	at org.springframework.messaging.handler.invocation.InvocableHandlerMethod.doInvoke(InvocableHandlerMethod.java:169) ~[spring-messaging-6.2.14.jar:6.2.14]
	at org.springframework.amqp.rabbit.listener.adapter.KotlinAwareInvocableHandlerMethod.doInvoke(KotlinAwareInvocableHandlerMethod.java:45) ~[spring-rabbit-3.2.8.jar:3.2.8]
	at org.springframework.messaging.handler.invocation.InvocableHandlerMethod.invoke(InvocableHandlerMethod.java:119) ~[spring-messaging-6.2.14.jar:6.2.14]
	at org.springframework.amqp.rabbit.listener.adapter.HandlerAdapter.invoke(HandlerAdapter.java:80) ~[spring-rabbit-3.2.8.jar:3.2.8]
	at org.springframework.amqp.rabbit.listener.adapter.MessagingMessageListenerAdapter.invokeHandler(MessagingMessageListenerAdapter.java:274) ~[spring-rabbit-3.2.8.jar:3.2.8]
	at org.springframework.amqp.rabbit.listener.adapter.MessagingMessageListenerAdapter.invokeHandlerAndProcessResult(MessagingMessageListenerAdapter.java:221) ~[spring-rabbit-3.2.8.jar:3.2.8]
	at org.springframework.amqp.rabbit.listener.adapter.MessagingMessageListenerAdapter.onMessage(MessagingMessageListenerAdapter.java:148) ~[spring-rabbit-3.2.8.jar:3.2.8]
	at org.springframework.amqp.rabbit.listener.AbstractMessageListenerContainer.doInvokeListener(AbstractMessageListenerContainer.java:1694) ~[spring-rabbit-3.2.8.jar:3.2.8]
	at org.springframework.amqp.rabbit.listener.AbstractMessageListenerContainer.actualInvokeListener(AbstractMessageListenerContainer.java:1616) ~[spring-rabbit-3.2.8.jar:3.2.8]
	at org.springframework.amqp.rabbit.listener.AbstractMessageListenerContainer.invokeListener(AbstractMessageListenerContainer.java:1604) ~[spring-rabbit-3.2.8.jar:3.2.8]
	at org.springframework.amqp.rabbit.listener.AbstractMessageListenerContainer.doExecuteListener(AbstractMessageListenerContainer.java:1595) ~[spring-rabbit-3.2.8.jar:3.2.8]
	at org.springframework.amqp.rabbit.listener.AbstractMessageListenerContainer.executeListenerAndHandleException(AbstractMessageListenerContainer.java:1540) ~[spring-rabbit-3.2.8.jar:3.2.8]
	at org.springframework.amqp.rabbit.listener.AbstractMessageListenerContainer.executeListener(AbstractMessageListenerContainer.java:1521) ~[spring-rabbit-3.2.8.jar:3.2.8]
	at org.springframework.amqp.rabbit.listener.SimpleMessageListenerContainer.doReceiveAndExecute(SimpleMessageListenerContainer.java:1091) ~[spring-rabbit-3.2.8.jar:3.2.8]
	at org.springframework.amqp.rabbit.listener.SimpleMessageListenerContainer.receiveAndExecute(SimpleMessageListenerContainer.java:1027) ~[spring-rabbit-3.2.8.jar:3.2.8]
	at org.springframework.amqp.rabbit.listener.SimpleMessageListenerContainer$AsyncMessageProcessingConsumer.mainLoop(SimpleMessageListenerContainer.java:1431) ~[spring-rabbit-3.2.8.jar:3.2.8]
	at org.springframework.amqp.rabbit.listener.SimpleMessageListenerContainer$AsyncMessageProcessingConsumer.run(SimpleMessageListenerContainer.java:1331) ~[spring-rabbit-3.2.8.jar:3.2.8]
	at java.base/java.lang.Thread.run(Thread.java:1583) ~[na:na]

2025-12-02T19:39:22.526-05:00  WARN 124510 --- [tenant-service] [org.springframework.amqp.rabbit.RabbitListenerEndpointContainer#0-1] s.a.r.l.ConditionalRejectingErrorHandler : Execution of Rabbit message listener failed.

org.springframework.amqp.rabbit.support.ListenerExecutionFailedException: Listener method 'public void com.sentinel.tenant_service.events.listeners.UserRegisteredListener.handleUserRegistered(java.util.Map<java.lang.String, java.lang.Object>)' threw exception
	at org.springframework.amqp.rabbit.listener.adapter.MessagingMessageListenerAdapter.invokeHandler(MessagingMessageListenerAdapter.java:283) ~[spring-rabbit-3.2.8.jar:3.2.8]
	at org.springframework.amqp.rabbit.listener.adapter.MessagingMessageListenerAdapter.invokeHandlerAndProcessResult(MessagingMessageListenerAdapter.java:221) ~[spring-rabbit-3.2.8.jar:3.2.8]
	at org.springframework.amqp.rabbit.listener.adapter.MessagingMessageListenerAdapter.onMessage(MessagingMessageListenerAdapter.java:148) ~[spring-rabbit-3.2.8.jar:3.2.8]
	at org.springframework.amqp.rabbit.listener.AbstractMessageListenerContainer.doInvokeListener(AbstractMessageListenerContainer.java:1694) ~[spring-rabbit-3.2.8.jar:3.2.8]
	at org.springframework.amqp.rabbit.listener.AbstractMessageListenerContainer.actualInvokeListener(AbstractMessageListenerContainer.java:1616) ~[spring-rabbit-3.2.8.jar:3.2.8]
	at org.springframework.amqp.rabbit.listener.AbstractMessageListenerContainer.invokeListener(AbstractMessageListenerContainer.java:1604) ~[spring-rabbit-3.2.8.jar:3.2.8]
	at org.springframework.amqp.rabbit.listener.AbstractMessageListenerContainer.doExecuteListener(AbstractMessageListenerContainer.java:1595) ~[spring-rabbit-3.2.8.jar:3.2.8]
	at org.springframework.amqp.rabbit.listener.AbstractMessageListenerContainer.executeListenerAndHandleException(AbstractMessageListenerContainer.java:1540) ~[spring-rabbit-3.2.8.jar:3.2.8]
	at org.springframework.amqp.rabbit.listener.AbstractMessageListenerContainer.executeListener(AbstractMessageListenerContainer.java:1521) ~[spring-rabbit-3.2.8.jar:3.2.8]
	at org.springframework.amqp.rabbit.listener.SimpleMessageListenerContainer.doReceiveAndExecute(SimpleMessageListenerContainer.java:1091) ~[spring-rabbit-3.2.8.jar:3.2.8]
	at org.springframework.amqp.rabbit.listener.SimpleMessageListenerContainer.receiveAndExecute(SimpleMessageListenerContainer.java:1027) ~[spring-rabbit-3.2.8.jar:3.2.8]
	at org.springframework.amqp.rabbit.listener.SimpleMessageListenerContainer$AsyncMessageProcessingConsumer.mainLoop(SimpleMessageListenerContainer.java:1431) ~[spring-rabbit-3.2.8.jar:3.2.8]
	at org.springframework.amqp.rabbit.listener.SimpleMessageListenerContainer$AsyncMessageProcessingConsumer.run(SimpleMessageListenerContainer.java:1331) ~[spring-rabbit-3.2.8.jar:3.2.8]
	at java.base/java.lang.Thread.run(Thread.java:1583) ~[na:na]
Caused by: java.lang.StringIndexOutOfBoundsException: Range [0, 18) out of bounds for length 17
	at java.base/jdk.internal.util.Preconditions$1.apply(Preconditions.java:55) ~[na:na]
	at java.base/jdk.internal.util.Preconditions$1.apply(Preconditions.java:52) ~[na:na]
	at java.base/jdk.internal.util.Preconditions$4.apply(Preconditions.java:213) ~[na:na]
	at java.base/jdk.internal.util.Preconditions$4.apply(Preconditions.java:210) ~[na:na]
	at java.base/jdk.internal.util.Preconditions.outOfBounds(Preconditions.java:98) ~[na:na]
	at java.base/jdk.internal.util.Preconditions.outOfBoundsCheckFromToIndex(Preconditions.java:112) ~[na:na]
	at java.base/jdk.internal.util.Preconditions.checkFromToIndex(Preconditions.java:349) ~[na:na]
	at java.base/java.lang.String.checkBoundsBeginEnd(String.java:4865) ~[na:na]
	at java.base/java.lang.String.substring(String.java:2834) ~[na:na]
	at com.sentinel.tenant_service.service.impl.TenantServiceImpl.generateSlug(TenantServiceImpl.java:296) ~[classes/:na]
	at com.sentinel.tenant_service.service.impl.TenantServiceImpl.createTenantForUser(TenantServiceImpl.java:91) ~[classes/:na]
	at java.base/jdk.internal.reflect.DirectMethodHandleAccessor.invoke(DirectMethodHandleAccessor.java:103) ~[na:na]
	at java.base/java.lang.reflect.Method.invoke(Method.java:580) ~[na:na]
	at org.springframework.aop.support.AopUtils.invokeJoinpointUsingReflection(AopUtils.java:360) ~[spring-aop-6.2.14.jar:6.2.14]
	at org.springframework.aop.framework.ReflectiveMethodInvocation.invokeJoinpoint(ReflectiveMethodInvocation.java:196) ~[spring-aop-6.2.14.jar:6.2.14]
	at org.springframework.aop.framework.ReflectiveMethodInvocation.proceed(ReflectiveMethodInvocation.java:163) ~[spring-aop-6.2.14.jar:6.2.14]
	at org.springframework.transaction.interceptor.TransactionAspectSupport.invokeWithinTransaction(TransactionAspectSupport.java:380) ~[spring-tx-6.2.14.jar:6.2.14]
	at org.springframework.transaction.interceptor.TransactionInterceptor.invoke(TransactionInterceptor.java:119) ~[spring-tx-6.2.14.jar:6.2.14]
	at org.springframework.aop.framework.ReflectiveMethodInvocation.proceed(ReflectiveMethodInvocation.java:184) ~[spring-aop-6.2.14.jar:6.2.14]
	at org.springframework.aop.framework.CglibAopProxy$DynamicAdvisedInterceptor.intercept(CglibAopProxy.java:728) ~[spring-aop-6.2.14.jar:6.2.14]
	at com.sentinel.tenant_service.service.impl.TenantServiceImpl$$SpringCGLIB$$0.createTenantForUser(<generated>) ~[classes/:na]
	at com.sentinel.tenant_service.events.listeners.UserRegisteredListener.handleUserRegistered(UserRegisteredListener.java:52) ~[classes/:na]
	at java.base/jdk.internal.reflect.DirectMethodHandleAccessor.invoke(DirectMethodHandleAccessor.java:103) ~[na:na]
	at java.base/java.lang.reflect.Method.invoke(Method.java:580) ~[na:na]
	at org.springframework.messaging.handler.invocation.InvocableHandlerMethod.doInvoke(InvocableHandlerMethod.java:169) ~[spring-messaging-6.2.14.jar:6.2.14]
	at org.springframework.amqp.rabbit.listener.adapter.KotlinAwareInvocableHandlerMethod.doInvoke(KotlinAwareInvocableHandlerMethod.java:45) ~[spring-rabbit-3.2.8.jar:3.2.8]
	at org.springframework.messaging.handler.invocation.InvocableHandlerMethod.invoke(InvocableHandlerMethod.java:119) ~[spring-messaging-6.2.14.jar:6.2.14]
	at org.springframework.amqp.rabbit.listener.adapter.HandlerAdapter.invoke(HandlerAdapter.java:80) ~[spring-rabbit-3.2.8.jar:3.2.8]
	at org.springframework.amqp.rabbit.listener.adapter.MessagingMessageListenerAdapter.invokeHandler(MessagingMessageListenerAdapter.java:274) ~[spring-rabbit-3.2.8.jar:3.2.8]
	... 13 common frames omitted

2025-12-02T19:39:22.526-05:00 DEBUG 124510 --- [tenant-service] [org.springframework.amqp.rabbit.RabbitListenerEndpointContainer#0-1] o.s.a.r.listener.BlockingQueueConsumer   : Rejecting messages (requeue=true)
2025-12-02T19:39:22.526-05:00 DEBUG 124510 --- [tenant-service] [pool-2-thread-3] o.s.a.r.listener.BlockingQueueConsumer   : Storing delivery for consumerTag: 'amq.ctag-cAqrhI9n0NxPX1HhqC9Csg' with deliveryTag: '1633' in Consumer@2baf9cd4: tags=[[amq.ctag-cAqrhI9n0NxPX1HhqC9Csg]], channel=Cached Rabbit Channel: AMQChannel(amqp://guest@127.0.0.1:5672/,1), conn: Proxy@ae449e7 Shared Rabbit Connection: SimpleConnection@15beb40b [delegate=amqp://guest@127.0.0.1:5672/, localPort=40784], acknowledgeMode=AUTO local queue size=0
2025-12-02T19:39:22.526-05:00 DEBUG 124510 --- [tenant-service] [org.springframework.amqp.rabbit.RabbitListenerEndpointContainer#0-1] o.s.a.r.listener.BlockingQueueConsumer   : Received message: (Body:'[B@3da31a8b(byte[176])' MessageProperties [headers={__ContentTypeId__=java.lang.Object, __KeyTypeId__=java.lang.Object, __TypeId__=java.util.HashMap}, contentType=application/json, contentEncoding=UTF-8, contentLength=0, receivedDeliveryMode=PERSISTENT, priority=0, redelivered=true, receivedExchange=auth-exchange, receivedRoutingKey=auth.user.registered, deliveryTag=1633, consumerTag=amq.ctag-cAqrhI9n0NxPX1HhqC9Csg, consumerQueue=auth.user.registered.queue])
2025-12-02T19:39:22.526-05:00 DEBUG 124510 --- [tenant-service] [org.springframework.amqp.rabbit.RabbitListenerEndpointContainer#0-1] .a.r.l.a.MessagingMessageListenerAdapter : Processing [GenericMessage [payload={globalRole=USER, eventType=auth.user.registered, userId=83278a9a-ba74-469a-994e-effb51d8837e, email=prueba@correo.com, timestamp=2025-12-02T19:33:08.964523491}, headers={amqp_receivedDeliveryMode=PERSISTENT, amqp_receivedExchange=auth-exchange, amqp_deliveryTag=1633, amqp_consumerQueue=auth.user.registered.queue, amqp_redelivered=true, __ContentTypeId__=java.lang.Object, amqp_receivedRoutingKey=auth.user.registered, amqp_contentEncoding=UTF-8, __KeyTypeId__=java.lang.Object, amqp_retryCount=0, id=652f6c1f-ca95-f26c-efc1-11348e8f9ec9, amqp_consumerTag=amq.ctag-cAqrhI9n0NxPX1HhqC9Csg, amqp_lastInBatch=false, contentType=application/json, __TypeId__=java.util.HashMap, timestamp=1764722362526}]]
2025-12-02T19:39:22.526-05:00  INFO 124510 --- [tenant-service] [org.springframework.amqp.rabbit.RabbitListenerEndpointContainer#0-1] c.s.t.e.l.UserRegisteredListener         : Received auth.user.registered event: {globalRole=USER, eventType=auth.user.registered, userId=83278a9a-ba74-469a-994e-effb51d8837e, email=prueba@correo.com, timestamp=2025-12-02T19:33:08.964523491}
2025-12-02T19:39:22.526-05:00  INFO 124510 --- [tenant-service] [org.springframework.amqp.rabbit.RabbitListenerEndpointContainer#0-1] c.s.t.e.l.UserRegisteredListener         : Creating tenant for new user: prueba@correo.com (83278a9a-ba74-469a-994e-effb51d8837e)
2025-12-02T19:39:22.527-05:00  INFO 124510 --- [tenant-service] [org.springframework.amqp.rabbit.RabbitListenerEndpointContainer#0-1] c.s.t.service.impl.TenantServiceImpl     : Auto-creating tenant for new user: 83278a9a-ba74-469a-994e-effb51d8837e
2025-12-02T19:39:22.527-05:00 ERROR 124510 --- [tenant-service] [org.springframework.amqp.rabbit.RabbitListenerEndpointContainer#0-1] c.s.t.e.l.UserRegisteredListener         : Error processing auth.user.registered event: Range [0, 18) out of bounds for length 17

java.lang.StringIndexOutOfBoundsException: Range [0, 18) out of bounds for length 17
	at java.base/jdk.internal.util.Preconditions$1.apply(Preconditions.java:55) ~[na:na]
	at java.base/jdk.internal.util.Preconditions$1.apply(Preconditions.java:52) ~[na:na]
	at java.base/jdk.internal.util.Preconditions$4.apply(Preconditions.java:213) ~[na:na]
	at java.base/jdk.internal.util.Preconditions$4.apply(Preconditions.java:210) ~[na:na]
	at java.base/jdk.internal.util.Preconditions.outOfBounds(Preconditions.java:98) ~[na:na]
	at java.base/jdk.internal.util.Preconditions.outOfBoundsCheckFromToIndex(Preconditions.java:112) ~[na:na]
	at java.base/jdk.internal.util.Preconditions.checkFromToIndex(Preconditions.java:349) ~[na:na]
	at java.base/java.lang.String.checkBoundsBeginEnd(String.java:4865) ~[na:na]
	at java.base/java.lang.String.substring(String.java:2834) ~[na:na]
	at com.sentinel.tenant_service.service.impl.TenantServiceImpl.generateSlug(TenantServiceImpl.java:296) ~[classes/:na]
	at com.sentinel.tenant_service.service.impl.TenantServiceImpl.createTenantForUser(TenantServiceImpl.java:91) ~[classes/:na]
	at java.base/jdk.internal.reflect.DirectMethodHandleAccessor.invoke(DirectMethodHandleAccessor.java:103) ~[na:na]
	at java.base/java.lang.reflect.Method.invoke(Method.java:580) ~[na:na]
	at org.springframework.aop.support.AopUtils.invokeJoinpointUsingReflection(AopUtils.java:360) ~[spring-aop-6.2.14.jar:6.2.14]
	at org.springframework.aop.framework.ReflectiveMethodInvocation.invokeJoinpoint(ReflectiveMethodInvocation.java:196) ~[spring-aop-6.2.14.jar:6.2.14]
	at org.springframework.aop.framework.ReflectiveMethodInvocation.proceed(ReflectiveMethodInvocation.java:163) ~[spring-aop-6.2.14.jar:6.2.14]
	at org.springframework.transaction.interceptor.TransactionAspectSupport.invokeWithinTransaction(TransactionAspectSupport.java:380) ~[spring-tx-6.2.14.jar:6.2.14]
	at org.springframework.transaction.interceptor.TransactionInterceptor.invoke(TransactionInterceptor.java:119) ~[spring-tx-6.2.14.jar:6.2.14]
	at org.springframework.aop.framework.ReflectiveMethodInvocation.proceed(ReflectiveMethodInvocation.java:184) ~[spring-aop-6.2.14.jar:6.2.14]
	at org.springframework.aop.framework.CglibAopProxy$DynamicAdvisedInterceptor.intercept(CglibAopProxy.java:728) ~[spring-aop-6.2.14.jar:6.2.14]
	at com.sentinel.tenant_service.service.impl.TenantServiceImpl$$SpringCGLIB$$0.createTenantForUser(<generated>) ~[classes/:na]
	at com.sentinel.tenant_service.events.listeners.UserRegisteredListener.handleUserRegistered(UserRegisteredListener.java:52) ~[classes/:na]
	at java.base/jdk.internal.reflect.DirectMethodHandleAccessor.invoke(DirectMethodHandleAccessor.java:103) ~[na:na]
	at java.base/java.lang.reflect.Method.invoke(Method.java:580) ~[na:na]
	at org.springframework.messaging.handler.invocation.InvocableHandlerMethod.doInvoke(InvocableHandlerMethod.java:169) ~[spring-messaging-6.2.14.jar:6.2.14]
	at org.springframework.amqp.rabbit.listener.adapter.KotlinAwareInvocableHandlerMethod.doInvoke(KotlinAwareInvocableHandlerMethod.java:45) ~[spring-rabbit-3.2.8.jar:3.2.8]
	at org.springframework.messaging.handler.invocation.InvocableHandlerMethod.invoke(InvocableHandlerMethod.java:119) ~[spring-messaging-6.2.14.jar:6.2.14]
	at org.springframework.amqp.rabbit.listener.adapter.HandlerAdapter.invoke(HandlerAdapter.java:80) ~[spring-rabbit-3.2.8.jar:3.2.8]
	at org.springframework.amqp.rabbit.listener.adapter.MessagingMessageListenerAdapter.invokeHandler(MessagingMessageListenerAdapter.java:274) ~[spring-rabbit-3.2.8.jar:3.2.8]
	at org.springframework.amqp.rabbit.listener.adapter.MessagingMessageListenerAdapter.invokeHandlerAndProcessResult(MessagingMessageListenerAdapter.java:221) ~[spring-rabbit-3.2.8.jar:3.2.8]
	at org.springframework.amqp.rabbit.listener.adapter.MessagingMessageListenerAdapter.onMessage(MessagingMessageListenerAdapter.java:148) ~[spring-rabbit-3.2.8.jar:3.2.8]
	at org.springframework.amqp.rabbit.listener.AbstractMessageListenerContainer.doInvokeListener(AbstractMessageListenerContainer.java:1694) ~[spring-rabbit-3.2.8.jar:3.2.8]
	at org.springframework.amqp.rabbit.listener.AbstractMessageListenerContainer.actualInvokeListener(AbstractMessageListenerContainer.java:1616) ~[spring-rabbit-3.2.8.jar:3.2.8]
	at org.springframework.amqp.rabbit.listener.AbstractMessageListenerContainer.invokeListener(AbstractMessageListenerContainer.java:1604) ~[spring-rabbit-3.2.8.jar:3.2.8]
	at org.springframework.amqp.rabbit.listener.AbstractMessageListenerContainer.doExecuteListener(AbstractMessageListenerContainer.java:1595) ~[spring-rabbit-3.2.8.jar:3.2.8]
	at org.springframework.amqp.rabbit.listener.AbstractMessageListenerContainer.executeListenerAndHandleException(AbstractMessageListenerContainer.java:1540) ~[spring-rabbit-3.2.8.jar:3.2.8]
	at org.springframework.amqp.rabbit.listener.AbstractMessageListenerContainer.executeListener(AbstractMessageListenerContainer.java:1521) ~[spring-rabbit-3.2.8.jar:3.2.8]
	at org.springframework.amqp.rabbit.listener.SimpleMessageListenerContainer.doReceiveAndExecute(SimpleMessageListenerContainer.java:1091) ~[spring-rabbit-3.2.8.jar:3.2.8]
	at org.springframework.amqp.rabbit.listener.SimpleMessageListenerContainer.receiveAndExecute(SimpleMessageListenerContainer.java:1027) ~[spring-rabbit-3.2.8.jar:3.2.8]
	at org.springframework.amqp.rabbit.listener.SimpleMessageListenerContainer$AsyncMessageProcessingConsumer.mainLoop(SimpleMessageListenerContainer.java:1431) ~[spring-rabbit-3.2.8.jar:3.2.8]
	at org.springframework.amqp.rabbit.listener.SimpleMessageListenerContainer$AsyncMessageProcessingConsumer.run(SimpleMessageListenerContainer.java:1331) ~[spring-rabbit-3.2.8.jar:3.2.8]
	at java.base/java.lang.Thread.run(Thread.java:1583) ~[na:na]

2025-12-02T19:39:22.527-05:00  WARN 124510 --- [tenant-service] [org.springframework.amqp.rabbit.RabbitListenerEndpointContainer#0-1] s.a.r.l.ConditionalRejectingErrorHandler : Execution of Rabbit message listener failed.

org.springframework.amqp.rabbit.support.ListenerExecutionFailedException: Listener method 'public void com.sentinel.tenant_service.events.listeners.UserRegisteredListener.handleUserRegistered(java.util.Map<java.lang.String, java.lang.Object>)' threw exception
	at org.springframework.amqp.rabbit.listener.adapter.MessagingMessageListenerAdapter.invokeHandler(MessagingMessageListenerAdapter.java:283) ~[spring-rabbit-3.2.8.jar:3.2.8]
	at org.springframework.amqp.rabbit.listener.adapter.MessagingMessageListenerAdapter.invokeHandlerAndProcessResult(MessagingMessageListenerAdapter.java:221) ~[spring-rabbit-3.2.8.jar:3.2.8]
	at org.springframework.amqp.rabbit.listener.adapter.MessagingMessageListenerAdapter.onMessage(MessagingMessageListenerAdapter.java:148) ~[spring-rabbit-3.2.8.jar:3.2.8]
	at org.springframework.amqp.rabbit.listener.AbstractMessageListenerContainer.doInvokeListener(AbstractMessageListenerContainer.java:1694) ~[spring-rabbit-3.2.8.jar:3.2.8]
	at org.springframework.amqp.rabbit.listener.AbstractMessageListenerContainer.actualInvokeListener(AbstractMessageListenerContainer.java:1616) ~[spring-rabbit-3.2.8.jar:3.2.8]
	at org.springframework.amqp.rabbit.listener.AbstractMessageListenerContainer.invokeListener(AbstractMessageListenerContainer.java:1604) ~[spring-rabbit-3.2.8.jar:3.2.8]
	at org.springframework.amqp.rabbit.listener.AbstractMessageListenerContainer.doExecuteListener(AbstractMessageListenerContainer.java:1595) ~[spring-rabbit-3.2.8.jar:3.2.8]
	at org.springframework.amqp.rabbit.listener.AbstractMessageListenerContainer.executeListenerAndHandleException(AbstractMessageListenerContainer.java:1540) ~[spring-rabbit-3.2.8.jar:3.2.8]
	at org.springframework.amqp.rabbit.listener.AbstractMessageListenerContainer.executeListener(AbstractMessageListenerContainer.java:1521) ~[spring-rabbit-3.2.8.jar:3.2.8]
	at org.springframework.amqp.rabbit.listener.SimpleMessageListenerContainer.doReceiveAndExecute(SimpleMessageListenerContainer.java:1091) ~[spring-rabbit-3.2.8.jar:3.2.8]
	at org.springframework.amqp.rabbit.listener.SimpleMessageListenerContainer.receiveAndExecute(SimpleMessageListenerContainer.java:1027) ~[spring-rabbit-3.2.8.jar:3.2.8]
	at org.springframework.amqp.rabbit.listener.SimpleMessageListenerContainer$AsyncMessageProcessingConsumer.mainLoop(SimpleMessageListenerContainer.java:1431) ~[spring-rabbit-3.2.8.jar:3.2.8]
	at org.springframework.amqp.rabbit.listener.SimpleMessageListenerContainer$AsyncMessageProcessingConsumer.run(SimpleMessageListenerContainer.java:1331) ~[spring-rabbit-3.2.8.jar:3.2.8]
	at java.base/java.lang.Thread.run(Thread.java:1583) ~[na:na]
Caused by: java.lang.StringIndexOutOfBoundsException: Range [0, 18) out of bounds for length 17
	at java.base/jdk.internal.util.Preconditions$1.apply(Preconditions.java:55) ~[na:na]
	at java.base/jdk.internal.util.Preconditions$1.apply(Preconditions.java:52) ~[na:na]
	at java.base/jdk.internal.util.Preconditions$4.apply(Preconditions.java:213) ~[na:na]
	at java.base/jdk.internal.util.Preconditions$4.apply(Preconditions.java:210) ~[na:na]
	at java.base/jdk.internal.util.Preconditions.outOfBounds(Preconditions.java:98) ~[na:na]
	at java.base/jdk.internal.util.Preconditions.outOfBoundsCheckFromToIndex(Preconditions.java:112) ~[na:na]
	at java.base/jdk.internal.util.Preconditions.checkFromToIndex(Preconditions.java:349) ~[na:na]
	at java.base/java.lang.String.checkBoundsBeginEnd(String.java:4865) ~[na:na]
	at java.base/java.lang.String.substring(String.java:2834) ~[na:na]
	at com.sentinel.tenant_service.service.impl.TenantServiceImpl.generateSlug(TenantServiceImpl.java:296) ~[classes/:na]
	at com.sentinel.tenant_service.service.impl.TenantServiceImpl.createTenantForUser(TenantServiceImpl.java:91) ~[classes/:na]
	at java.base/jdk.internal.reflect.DirectMethodHandleAccessor.invoke(DirectMethodHandleAccessor.java:103) ~[na:na]
	at java.base/java.lang.reflect.Method.invoke(Method.java:580) ~[na:na]
	at org.springframework.aop.support.AopUtils.invokeJoinpointUsingReflection(AopUtils.java:360) ~[spring-aop-6.2.14.jar:6.2.14]
	at org.springframework.aop.framework.ReflectiveMethodInvocation.invokeJoinpoint(ReflectiveMethodInvocation.java:196) ~[spring-aop-6.2.14.jar:6.2.14]
	at org.springframework.aop.framework.ReflectiveMethodInvocation.proceed(ReflectiveMethodInvocation.java:163) ~[spring-aop-6.2.14.jar:6.2.14]
	at org.springframework.transaction.interceptor.TransactionAspectSupport.invokeWithinTransaction(TransactionAspectSupport.java:380) ~[spring-tx-6.2.14.jar:6.2.14]
	at org.springframework.transaction.interceptor.TransactionInterceptor.invoke(TransactionInterceptor.java:119) ~[spring-tx-6.2.14.jar:6.2.14]
	at org.springframework.aop.framework.ReflectiveMethodInvocation.proceed(ReflectiveMethodInvocation.java:184) ~[spring-aop-6.2.14.jar:6.2.14]
	at org.springframework.aop.framework.CglibAopProxy$DynamicAdvisedInterceptor.intercept(CglibAopProxy.java:728) ~[spring-aop-6.2.14.jar:6.2.14]
	at com.sentinel.tenant_service.service.impl.TenantServiceImpl$$SpringCGLIB$$0.createTenantForUser(<generated>) ~[classes/:na]
	at com.sentinel.tenant_service.events.listeners.UserRegisteredListener.handleUserRegistered(UserRegisteredListener.java:52) ~[classes/:na]
	at java.base/jdk.internal.reflect.DirectMethodHandleAccessor.invoke(DirectMethodHandleAccessor.java:103) ~[na:na]
	at java.base/java.lang.reflect.Method.invoke(Method.java:580) ~[na:na]
	at org.springframework.messaging.handler.invocation.InvocableHandlerMethod.doInvoke(InvocableHandlerMethod.java:169) ~[spring-messaging-6.2.14.jar:6.2.14]
	at org.springframework.amqp.rabbit.listener.adapter.KotlinAwareInvocableHandlerMethod.doInvoke(KotlinAwareInvocableHandlerMethod.java:45) ~[spring-rabbit-3.2.8.jar:3.2.8]
	at org.springframework.messaging.handler.invocation.InvocableHandlerMethod.invoke(InvocableHandlerMethod.java:119) ~[spring-messaging-6.2.14.jar:6.2.14]
	at org.springframework.amqp.rabbit.listener.adapter.HandlerAdapter.invoke(HandlerAdapter.java:80) ~[spring-rabbit-3.2.8.jar:3.2.8]
	at org.springframework.amqp.rabbit.listener.adapter.MessagingMessageListenerAdapter.invokeHandler(MessagingMessageListenerAdapter.java:274) ~[spring-rabbit-3.2.8.jar:3.2.8]
	... 13 common frames omitted

2025-12-02T19:39:22.527-05:00 DEBUG 124510 --- [tenant-service] [org.springframework.amqp.rabbit.RabbitListenerEndpointContainer#0-1] o.s.a.r.listener.BlockingQueueConsumer   : Rejecting messages (requeue=true)
2025-12-02T19:39:22.527-05:00 DEBUG 124510 --- [tenant-service] [pool-2-thread-4] o.s.a.r.listener.BlockingQueueConsumer   : Storing delivery for consumerTag: 'amq.ctag-cAqrhI9n0NxPX1HhqC9Csg' with deliveryTag: '1634' in Consumer@2baf9cd4: tags=[[amq.ctag-cAqrhI9n0NxPX1HhqC9Csg]], channel=Cached Rabbit Channel: AMQChannel(amqp://guest@127.0.0.1:5672/,1), conn: Proxy@ae449e7 Shared Rabbit Connection: SimpleConnection@15beb40b [delegate=amqp://guest@127.0.0.1:5672/, localPort=40784], acknowledgeMode=AUTO local queue size=0
2025-12-02T19:39:22.528-05:00 DEBUG 124510 --- [tenant-service] [org.springframework.amqp.rabbit.RabbitListenerEndpointContainer#0-1] o.s.a.r.listener.BlockingQueueConsumer   : Received message: (Body:'[B@4523e2ac(byte[176])' MessageProperties [headers={__ContentTypeId__=java.lang.Object, __KeyTypeId__=java.lang.Object, __TypeId__=java.util.HashMap}, contentType=application/json, contentEncoding=UTF-8, contentLength=0, receivedDeliveryMode=PERSISTENT, priority=0, redelivered=true, receivedExchange=auth-exchange, receivedRoutingKey=auth.user.registered, deliveryTag=1634, consumerTag=amq.ctag-cAqrhI9n0NxPX1HhqC9Csg, consumerQueue=auth.user.registered.queue])
2025-12-02T19:39:22.528-05:00 DEBUG 124510 --- [tenant-service] [org.springframework.amqp.rabbit.RabbitListenerEndpointContainer#0-1] .a.r.l.a.MessagingMessageListenerAdapter : Processing [GenericMessage [payload={globalRole=USER, eventType=auth.user.registered, userId=83278a9a-ba74-469a-994e-effb51d8837e, email=prueba@correo.com, timestamp=2025-12-02T19:33:08.964523491}, headers={amqp_receivedDeliveryMode=PERSISTENT, amqp_receivedExchange=auth-exchange, amqp_deliveryTag=1634, amqp_consumerQueue=auth.user.registered.queue, amqp_redelivered=true, __ContentTypeId__=java.lang.Object, amqp_receivedRoutingKey=auth.user.registered, amqp_contentEncoding=UTF-8, __KeyTypeId__=java.lang.Object, amqp_retryCount=0, id=03464394-c8a7-e933-0dcc-801b5fdcf01a, amqp_consumerTag=amq.ctag-cAqrhI9n0NxPX1HhqC9Csg, amqp_lastInBatch=false, contentType=application/json, __TypeId__=java.util.HashMap, timestamp=1764722362528}]]
2025-12-02T19:39:22.528-05:00  INFO 124510 --- [tenant-service] [org.springframework.amqp.rabbit.RabbitListenerEndpointContainer#0-1] c.s.t.e.l.UserRegisteredListener         : Received auth.user.registered event: {globalRole=USER, eventType=auth.user.registered, userId=83278a9a-ba74-469a-994e-effb51d8837e, email=prueba@correo.com, timestamp=2025-12-02T19:33:08.964523491}
2025-12-02T19:39:22.528-05:00  INFO 124510 --- [tenant-service] [org.springframework.amqp.rabbit.RabbitListenerEndpointContainer#0-1] c.s.t.e.l.UserRegisteredListener         : Creating tenant for new user: prueba@correo.com (83278a9a-ba74-469a-994e-effb51d8837e)
2025-12-02T19:39:22.528-05:00  INFO 124510 --- [tenant-service] [org.springframework.amqp.rabbit.RabbitListenerEndpointContainer#0-1] c.s.t.service.impl.TenantServiceImpl     : Auto-creating tenant for new user: 83278a9a-ba74-469a-994e-effb51d8837e
2025-12-02T19:39:22.528-05:00 ERROR 124510 --- [tenant-service] [org.springframework.amqp.rabbit.RabbitListenerEndpointContainer#0-1] c.s.t.e.l.UserRegisteredListener         : Error processing auth.user.registered event: Range [0, 18) out of bounds for length 17

java.lang.StringIndexOutOfBoundsException: Range [0, 18) out of bounds for length 17
	at java.base/jdk.internal.util.Preconditions$1.apply(Preconditions.java:55) ~[na:na]
	at java.base/jdk.internal.util.Preconditions$1.apply(Preconditions.java:52) ~[na:na]
	at java.base/jdk.internal.util.Preconditions$4.apply(Preconditions.java:213) ~[na:na]
	at java.base/jdk.internal.util.Preconditions$4.apply(Preconditions.java:210) ~[na:na]
	at java.base/jdk.internal.util.Preconditions.outOfBounds(Preconditions.java:98) ~[na:na]
	at java.base/jdk.internal.util.Preconditions.outOfBoundsCheckFromToIndex(Preconditions.java:112) ~[na:na]
	at java.base/jdk.internal.util.Preconditions.checkFromToIndex(Preconditions.java:349) ~[na:na]
	at java.base/java.lang.String.checkBoundsBeginEnd(String.java:4865) ~[na:na]
	at java.base/java.lang.String.substring(String.java:2834) ~[na:na]
	at com.sentinel.tenant_service.service.impl.TenantServiceImpl.generateSlug(TenantServiceImpl.java:296) ~[classes/:na]
	at com.sentinel.tenant_service.service.impl.TenantServiceImpl.createTenantForUser(TenantServiceImpl.java:91) ~[classes/:na]
	at java.base/jdk.internal.reflect.DirectMethodHandleAccessor.invoke(DirectMethodHandleAccessor.java:103) ~[na:na]
	at java.base/java.lang.reflect.Method.invoke(Method.java:580) ~[na:na]
	at org.springframework.aop.support.AopUtils.invokeJoinpointUsingReflection(AopUtils.java:360) ~[spring-aop-6.2.14.jar:6.2.14]
	at org.springframework.aop.framework.ReflectiveMethodInvocation.invokeJoinpoint(ReflectiveMethodInvocation.java:196) ~[spring-aop-6.2.14.jar:6.2.14]
	at org.springframework.aop.framework.ReflectiveMethodInvocation.proceed(ReflectiveMethodInvocation.java:163) ~[spring-aop-6.2.14.jar:6.2.14]
	at org.springframework.transaction.interceptor.TransactionAspectSupport.invokeWithinTransaction(TransactionAspectSupport.java:380) ~[spring-tx-6.2.14.jar:6.2.14]
	at org.springframework.transaction.interceptor.TransactionInterceptor.invoke(TransactionInterceptor.java:119) ~[spring-tx-6.2.14.jar:6.2.14]
	at org.springframework.aop.framework.ReflectiveMethodInvocation.proceed(ReflectiveMethodInvocation.java:184) ~[spring-aop-6.2.14.jar:6.2.14]
	at org.springframework.aop.framework.CglibAopProxy$DynamicAdvisedInterceptor.intercept(CglibAopProxy.java:728) ~[spring-aop-6.2.14.jar:6.2.14]
	at com.sentinel.tenant_service.service.impl.TenantServiceImpl$$SpringCGLIB$$0.createTenantForUser(<generated>) ~[classes/:na]
	at com.sentinel.tenant_service.events.listeners.UserRegisteredListener.handleUserRegistered(UserRegisteredListener.java:52) ~[classes/:na]
	at java.base/jdk.internal.reflect.DirectMethodHandleAccessor.invoke(DirectMethodHandleAccessor.java:103) ~[na:na]
	at java.base/java.lang.reflect.Method.invoke(Method.java:580) ~[na:na]
	at org.springframework.messaging.handler.invocation.InvocableHandlerMethod.doInvoke(InvocableHandlerMethod.java:169) ~[spring-messaging-6.2.14.jar:6.2.14]
	at org.springframework.amqp.rabbit.listener.adapter.KotlinAwareInvocableHandlerMethod.doInvoke(KotlinAwareInvocableHandlerMethod.java:45) ~[spring-rabbit-3.2.8.jar:3.2.8]
	at org.springframework.messaging.handler.invocation.InvocableHandlerMethod.invoke(InvocableHandlerMethod.java:119) ~[spring-messaging-6.2.14.jar:6.2.14]
	at org.springframework.amqp.rabbit.listener.adapter.HandlerAdapter.invoke(HandlerAdapter.java:80) ~[spring-rabbit-3.2.8.jar:3.2.8]
	at org.springframework.amqp.rabbit.listener.adapter.MessagingMessageListenerAdapter.invokeHandler(MessagingMessageListenerAdapter.java:274) ~[spring-rabbit-3.2.8.jar:3.2.8]
	at org.springframework.amqp.rabbit.listener.adapter.MessagingMessageListenerAdapter.invokeHandlerAndProcessResult(MessagingMessageListenerAdapter.java:221) ~[spring-rabbit-3.2.8.jar:3.2.8]
	at org.springframework.amqp.rabbit.listener.adapter.MessagingMessageListenerAdapter.onMessage(MessagingMessageListenerAdapter.java:148) ~[spring-rabbit-3.2.8.jar:3.2.8]
	at org.springframework.amqp.rabbit.listener.AbstractMessageListenerContainer.doInvokeListener(AbstractMessageListenerContainer.java:1694) ~[spring-rabbit-3.2.8.jar:3.2.8]
	at org.springframework.amqp.rabbit.listener.AbstractMessageListenerContainer.actualInvokeListener(AbstractMessageListenerContainer.java:1616) ~[spring-rabbit-3.2.8.jar:3.2.8]
	at org.springframework.amqp.rabbit.listener.AbstractMessageListenerContainer.invokeListener(AbstractMessageListenerContainer.java:1604) ~[spring-rabbit-3.2.8.jar:3.2.8]
	at org.springframework.amqp.rabbit.listener.AbstractMessageListenerContainer.doExecuteListener(AbstractMessageListenerContainer.java:1595) ~[spring-rabbit-3.2.8.jar:3.2.8]
	at org.springframework.amqp.rabbit.listener.AbstractMessageListenerContainer.executeListenerAndHandleException(AbstractMessageListenerContainer.java:1540) ~[spring-rabbit-3.2.8.jar:3.2.8]
	at org.springframework.amqp.rabbit.listener.AbstractMessageListenerContainer.executeListener(AbstractMessageListenerContainer.java:1521) ~[spring-rabbit-3.2.8.jar:3.2.8]
	at org.springframework.amqp.rabbit.listener.SimpleMessageListenerContainer.doReceiveAndExecute(SimpleMessageListenerContainer.java:1091) ~[spring-rabbit-3.2.8.jar:3.2.8]
	at org.springframework.amqp.rabbit.listener.SimpleMessageListenerContainer.receiveAndExecute(SimpleMessageListenerContainer.java:1027) ~[spring-rabbit-3.2.8.jar:3.2.8]
	at org.springframework.amqp.rabbit.listener.SimpleMessageListenerContainer$AsyncMessageProcessingConsumer.mainLoop(SimpleMessageListenerContainer.java:1431) ~[spring-rabbit-3.2.8.jar:3.2.8]
	at org.springframework.amqp.rabbit.listener.SimpleMessageListenerContainer$AsyncMessageProcessingConsumer.run(SimpleMessageListenerContainer.java:1331) ~[spring-rabbit-3.2.8.jar:3.2.8]
	at java.base/java.lang.Thread.run(Thread.java:1583) ~[na:na]

2025-12-02T19:39:22.528-05:00  WARN 124510 --- [tenant-service] [org.springframework.amqp.rabbit.RabbitListenerEndpointContainer#0-1] s.a.r.l.ConditionalRejectingErrorHandler : Execution of Rabbit message listener failed.

org.springframework.amqp.rabbit.support.ListenerExecutionFailedException: Listener method 'public void com.sentinel.tenant_service.events.listeners.UserRegisteredListener.handleUserRegistered(java.util.Map<java.lang.String, java.lang.Object>)' threw exception
	at org.springframework.amqp.rabbit.listener.adapter.MessagingMessageListenerAdapter.invokeHandler(MessagingMessageListenerAdapter.java:283) ~[spring-rabbit-3.2.8.jar:3.2.8]
	at org.springframework.amqp.rabbit.listener.adapter.MessagingMessageListenerAdapter.invokeHandlerAndProcessResult(MessagingMessageListenerAdapter.java:221) ~[spring-rabbit-3.2.8.jar:3.2.8]
	at org.springframework.amqp.rabbit.listener.adapter.MessagingMessageListenerAdapter.onMessage(MessagingMessageListenerAdapter.java:148) ~[spring-rabbit-3.2.8.jar:3.2.8]
	at org.springframework.amqp.rabbit.listener.AbstractMessageListenerContainer.doInvokeListener(AbstractMessageListenerContainer.java:1694) ~[spring-rabbit-3.2.8.jar:3.2.8]
	at org.springframework.amqp.rabbit.listener.AbstractMessageListenerContainer.actualInvokeListener(AbstractMessageListenerContainer.java:1616) ~[spring-rabbit-3.2.8.jar:3.2.8]
	at org.springframework.amqp.rabbit.listener.AbstractMessageListenerContainer.invokeListener(AbstractMessageListenerContainer.java:1604) ~[spring-rabbit-3.2.8.jar:3.2.8]
	at org.springframework.amqp.rabbit.listener.AbstractMessageListenerContainer.doExecuteListener(AbstractMessageListenerContainer.java:1595) ~[spring-rabbit-3.2.8.jar:3.2.8]
	at org.springframework.amqp.rabbit.listener.AbstractMessageListenerContainer.executeListenerAndHandleException(AbstractMessageListenerContainer.java:1540) ~[spring-rabbit-3.2.8.jar:3.2.8]
	at org.springframework.amqp.rabbit.listener.AbstractMessageListenerContainer.executeListener(AbstractMessageListenerContainer.java:1521) ~[spring-rabbit-3.2.8.jar:3.2.8]
	at org.springframework.amqp.rabbit.listener.SimpleMessageListenerContainer.doReceiveAndExecute(SimpleMessageListenerContainer.java:1091) ~[spring-rabbit-3.2.8.jar:3.2.8]
	at org.springframework.amqp.rabbit.listener.SimpleMessageListenerContainer.receiveAndExecute(SimpleMessageListenerContainer.java:1027) ~[spring-rabbit-3.2.8.jar:3.2.8]
	at org.springframework.amqp.rabbit.listener.SimpleMessageListenerContainer$AsyncMessageProcessingConsumer.mainLoop(SimpleMessageListenerContainer.java:1431) ~[spring-rabbit-3.2.8.jar:3.2.8]
	at org.springframework.amqp.rabbit.listener.SimpleMessageListenerContainer$AsyncMessageProcessingConsumer.run(SimpleMessageListenerContainer.java:1331) ~[spring-rabbit-3.2.8.jar:3.2.8]
	at java.base/java.lang.Thread.run(Thread.java:1583) ~[na:na]
Caused by: java.lang.StringIndexOutOfBoundsException: Range [0, 18) out of bounds for length 17
	at java.base/jdk.internal.util.Preconditions$1.apply(Preconditions.java:55) ~[na:na]
	at java.base/jdk.internal.util.Preconditions$1.apply(Preconditions.java:52) ~[na:na]
	at java.base/jdk.internal.util.Preconditions$4.apply(Preconditions.java:213) ~[na:na]
	at java.base/jdk.internal.util.Preconditions$4.apply(Preconditions.java:210) ~[na:na]
	at java.base/jdk.internal.util.Preconditions.outOfBounds(Preconditions.java:98) ~[na:na]
	at java.base/jdk.internal.util.Preconditions.outOfBoundsCheckFromToIndex(Preconditions.java:112) ~[na:na]
	at java.base/jdk.internal.util.Preconditions.checkFromToIndex(Preconditions.java:349) ~[na:na]
	at java.base/java.lang.String.checkBoundsBeginEnd(String.java:4865) ~[na:na]
	at java.base/java.lang.String.substring(String.java:2834) ~[na:na]
	at com.sentinel.tenant_service.service.impl.TenantServiceImpl.generateSlug(TenantServiceImpl.java:296) ~[classes/:na]
	at com.sentinel.tenant_service.service.impl.TenantServiceImpl.createTenantForUser(TenantServiceImpl.java:91) ~[classes/:na]
	at java.base/jdk.internal.reflect.DirectMethodHandleAccessor.invoke(DirectMethodHandleAccessor.java:103) ~[na:na]
	at java.base/java.lang.reflect.Method.invoke(Method.java:580) ~[na:na]
	at org.springframework.aop.support.AopUtils.invokeJoinpointUsingReflection(AopUtils.java:360) ~[spring-aop-6.2.14.jar:6.2.14]
	at org.springframework.aop.framework.ReflectiveMethodInvocation.invokeJoinpoint(ReflectiveMethodInvocation.java:196) ~[spring-aop-6.2.14.jar:6.2.14]
	at org.springframework.aop.framework.ReflectiveMethodInvocation.proceed(ReflectiveMethodInvocation.java:163) ~[spring-aop-6.2.14.jar:6.2.14]
	at org.springframework.transaction.interceptor.TransactionAspectSupport.invokeWithinTransaction(TransactionAspectSupport.java:380) ~[spring-tx-6.2.14.jar:6.2.14]
	at org.springframework.transaction.interceptor.TransactionInterceptor.invoke(TransactionInterceptor.java:119) ~[spring-tx-6.2.14.jar:6.2.14]
	at org.springframework.aop.framework.ReflectiveMethodInvocation.proceed(ReflectiveMethodInvocation.java:184) ~[spring-aop-6.2.14.jar:6.2.14]
	at org.springframework.aop.framework.CglibAopProxy$DynamicAdvisedInterceptor.intercept(CglibAopProxy.java:728) ~[spring-aop-6.2.14.jar:6.2.14]
	at com.sentinel.tenant_service.service.impl.TenantServiceImpl$$SpringCGLIB$$0.createTenantForUser(<generated>) ~[classes/:na]
	at com.sentinel.tenant_service.events.listeners.UserRegisteredListener.handleUserRegistered(UserRegisteredListener.java:52) ~[classes/:na]
	at java.base/jdk.internal.reflect.DirectMethodHandleAccessor.invoke(DirectMethodHandleAccessor.java:103) ~[na:na]
	at java.base/java.lang.reflect.Method.invoke(Method.java:580) ~[na:na]
	at org.springframework.messaging.handler.invocation.InvocableHandlerMethod.doInvoke(InvocableHandlerMethod.java:169) ~[spring-messaging-6.2.14.jar:6.2.14]
	at org.springframework.amqp.rabbit.listener.adapter.KotlinAwareInvocableHandlerMethod.doInvoke(KotlinAwareInvocableHandlerMethod.java:45) ~[spring-rabbit-3.2.8.jar:3.2.8]
	at org.springframework.messaging.handler.invocation.InvocableHandlerMethod.invoke(InvocableHandlerMethod.java:119) ~[spring-messaging-6.2.14.jar:6.2.14]
	at org.springframework.amqp.rabbit.listener.adapter.HandlerAdapter.invoke(HandlerAdapter.java:80) ~[spring-rabbit-3.2.8.jar:3.2.8]
	at org.springframework.amqp.rabbit.listener.adapter.MessagingMessageListenerAdapter.invokeHandler(MessagingMessageListenerAdapter.java:274) ~[spring-rabbit-3.2.8.jar:3.2.8]
	... 13 common frames omitted

2025-12-02T19:39:22.528-05:00 DEBUG 124510 --- [tenant-service] [org.springframework.amqp.rabbit.RabbitListenerEndpointContainer#0-1] o.s.a.r.listener.BlockingQueueConsumer   : Rejecting messages (requeue=true)
2025-12-02T19:39:22.528-05:00 DEBUG 124510 --- [tenant-service] [pool-2-thread-5] o.s.a.r.listener.BlockingQueueConsumer   : Storing delivery for consumerTag: 'amq.ctag-cAqrhI9n0NxPX1HhqC9Csg' with deliveryTag: '1635' in Consumer@2baf9cd4: tags=[[amq.ctag-cAqrhI9n0NxPX1HhqC9Csg]], channel=Cached Rabbit Channel: AMQChannel(amqp://guest@127.0.0.1:5672/,1), conn: Proxy@ae449e7 Shared Rabbit Connection: SimpleConnection@15beb40b [delegate=amqp://guest@127.0.0.1:5672/, localPort=40784], acknowledgeMode=AUTO local queue size=0
2025-12-02T19:39:22.528-05:00 DEBUG 124510 --- [tenant-service] [org.springframework.amqp.rabbit.RabbitListenerEndpointContainer#0-1] o.s.a.r.listener.BlockingQueueConsumer   : Received message: (Body:'[B@253639f3(byte[176])' MessageProperties [headers={__ContentTypeId__=java.lang.Object, __KeyTypeId__=java.lang.Object, __TypeId__=java.util.HashMap}, contentType=application/json, contentEncoding=UTF-8, contentLength=0, receivedDeliveryMode=PERSISTENT, priority=0, redelivered=true, receivedExchange=auth-exchange, receivedRoutingKey=auth.user.registered, deliveryTag=1635, consumerTag=amq.ctag-cAqrhI9n0NxPX1HhqC9Csg, consumerQueue=auth.user.registered.queue])
2025-12-02T19:39:22.529-05:00 DEBUG 124510 --- [tenant-service] [org.springframework.amqp.rabbit.RabbitListenerEndpointContainer#0-1] .a.r.l.a.MessagingMessageListenerAdapter : Processing [GenericMessage [payload={globalRole=USER, eventType=auth.user.registered, userId=83278a9a-ba74-469a-994e-effb51d8837e, email=prueba@correo.com, timestamp=2025-12-02T19:33:08.964523491}, headers={amqp_receivedDeliveryMode=PERSISTENT, amqp_receivedExchange=auth-exchange, amqp_deliveryTag=1635, amqp_consumerQueue=auth.user.registered.queue, amqp_redelivered=true, __ContentTypeId__=java.lang.Object, amqp_receivedRoutingKey=auth.user.registered, amqp_contentEncoding=UTF-8, __KeyTypeId__=java.lang.Object, amqp_retryCount=0, id=65b5b9cd-8a60-a1e2-804a-9b5f4c102c7c, amqp_consumerTag=amq.ctag-cAqrhI9n0NxPX1HhqC9Csg, amqp_lastInBatch=false, contentType=application/json, __TypeId__=java.util.HashMap, timestamp=1764722362529}]]
2025-12-02T19:39:22.529-05:00  INFO 124510 --- [tenant-service] [org.springframework.amqp.rabbit.RabbitListenerEndpointContainer#0-1] c.s.t.e.l.UserRegisteredListener         : Received auth.user.registered event: {globalRole=USER, eventType=auth.user.registered, userId=83278a9a-ba74-469a-994e-effb51d8837e, email=prueba@correo.com, timestamp=2025-12-02T19:33:08.964523491}
2025-12-02T19:39:22.529-05:00  INFO 124510 --- [tenant-service] [org.springframework.amqp.rabbit.RabbitListenerEndpointContainer#0-1] c.s.t.e.l.UserRegisteredListener         : Creating tenant for new user: prueba@correo.com (83278a9a-ba74-469a-994e-effb51d8837e)
2025-12-02T19:39:22.529-05:00  INFO 124510 --- [tenant-service] [org.springframework.amqp.rabbit.RabbitListenerEndpointContainer#0-1] c.s.t.service.impl.TenantServiceImpl     : Auto-creating tenant for new user: 83278a9a-ba74-469a-994e-effb51d8837e
2025-12-02T19:39:22.529-05:00 ERROR 124510 --- [tenant-service] [org.springframework.amqp.rabbit.RabbitListenerEndpointContainer#0-1] c.s.t.e.l.UserRegisteredListener         : Error processing auth.user.registered event: Range [0, 18) out of bounds for length 17

java.lang.StringIndexOutOfBoundsException: Range [0, 18) out of bounds for length 17
	at java.base/jdk.internal.util.Preconditions$1.apply(Preconditions.java:55) ~[na:na]
	at java.base/jdk.internal.util.Preconditions$1.apply(Preconditions.java:52) ~[na:na]
	at java.base/jdk.internal.util.Preconditions$4.apply(Preconditions.java:213) ~[na:na]
	at java.base/jdk.internal.util.Preconditions$4.apply(Preconditions.java:210) ~[na:na]
	at java.base/jdk.internal.util.Preconditions.outOfBounds(Preconditions.java:98) ~[na:na]
	at java.base/jdk.internal.util.Preconditions.outOfBoundsCheckFromToIndex(Preconditions.java:112) ~[na:na]
	at java.base/jdk.internal.util.Preconditions.checkFromToIndex(Preconditions.java:349) ~[na:na]
	at java.base/java.lang.String.checkBoundsBeginEnd(String.java:4865) ~[na:na]
	at java.base/java.lang.String.substring(String.java:2834) ~[na:na]
	at com.sentinel.tenant_service.service.impl.TenantServiceImpl.generateSlug(TenantServiceImpl.java:296) ~[classes/:na]
	at com.sentinel.tenant_service.service.impl.TenantServiceImpl.createTenantForUser(TenantServiceImpl.java:91) ~[classes/:na]
	at java.base/jdk.internal.reflect.DirectMethodHandleAccessor.invoke(DirectMethodHandleAccessor.java:103) ~[na:na]
	at java.base/java.lang.reflect.Method.invoke(Method.java:580) ~[na:na]
	at org.springframework.aop.support.AopUtils.invokeJoinpointUsingReflection(AopUtils.java:360) ~[spring-aop-6.2.14.jar:6.2.14]
	at org.springframework.aop.framework.ReflectiveMethodInvocation.invokeJoinpoint(ReflectiveMethodInvocation.java:196) ~[spring-aop-6.2.14.jar:6.2.14]
	at org.springframework.aop.framework.ReflectiveMethodInvocation.proceed(ReflectiveMethodInvocation.java:163) ~[spring-aop-6.2.14.jar:6.2.14]
	at org.springframework.transaction.interceptor.TransactionAspectSupport.invokeWithinTransaction(TransactionAspectSupport.java:380) ~[spring-tx-6.2.14.jar:6.2.14]
	at org.springframework.transaction.interceptor.TransactionInterceptor.invoke(TransactionInterceptor.java:119) ~[spring-tx-6.2.14.jar:6.2.14]
	at org.springframework.aop.framework.ReflectiveMethodInvocation.proceed(ReflectiveMethodInvocation.java:184) ~[spring-aop-6.2.14.jar:6.2.14]
	at org.springframework.aop.framework.CglibAopProxy$DynamicAdvisedInterceptor.intercept(CglibAopProxy.java:728) ~[spring-aop-6.2.14.jar:6.2.14]
	at com.sentinel.tenant_service.service.impl.TenantServiceImpl$$SpringCGLIB$$0.createTenantForUser(<generated>) ~[classes/:na]
	at com.sentinel.tenant_service.events.listeners.UserRegisteredListener.handleUserRegistered(UserRegisteredListener.java:52) ~[classes/:na]
	at java.base/jdk.internal.reflect.DirectMethodHandleAccessor.invoke(DirectMethodHandleAccessor.java:103) ~[na:na]
	at java.base/java.lang.reflect.Method.invoke(Method.java:580) ~[na:na]
	at org.springframework.messaging.handler.invocation.InvocableHandlerMethod.doInvoke(InvocableHandlerMethod.java:169) ~[spring-messaging-6.2.14.jar:6.2.14]
	at org.springframework.amqp.rabbit.listener.adapter.KotlinAwareInvocableHandlerMethod.doInvoke(KotlinAwareInvocableHandlerMethod.java:45) ~[spring-rabbit-3.2.8.jar:3.2.8]
	at org.springframework.messaging.handler.invocation.InvocableHandlerMethod.invoke(InvocableHandlerMethod.java:119) ~[spring-messaging-6.2.14.jar:6.2.14]
	at org.springframework.amqp.rabbit.listener.adapter.HandlerAdapter.invoke(HandlerAdapter.java:80) ~[spring-rabbit-3.2.8.jar:3.2.8]
	at org.springframework.amqp.rabbit.listener.adapter.MessagingMessageListenerAdapter.invokeHandler(MessagingMessageListenerAdapter.java:274) ~[spring-rabbit-3.2.8.jar:3.2.8]
	at org.springframework.amqp.rabbit.listener.adapter.MessagingMessageListenerAdapter.invokeHandlerAndProcessResult(MessagingMessageListenerAdapter.java:221) ~[spring-rabbit-3.2.8.jar:3.2.8]
	at org.springframework.amqp.rabbit.listener.adapter.MessagingMessageListenerAdapter.onMessage(MessagingMessageListenerAdapter.java:148) ~[spring-rabbit-3.2.8.jar:3.2.8]
	at org.springframework.amqp.rabbit.listener.AbstractMessageListenerContainer.doInvokeListener(AbstractMessageListenerContainer.java:1694) ~[spring-rabbit-3.2.8.jar:3.2.8]
	at org.springframework.amqp.rabbit.listener.AbstractMessageListenerContainer.actualInvokeListener(AbstractMessageListenerContainer.java:1616) ~[spring-rabbit-3.2.8.jar:3.2.8]
	at org.springframework.amqp.rabbit.listener.AbstractMessageListenerContainer.invokeListener(AbstractMessageListenerContainer.java:1604) ~[spring-rabbit-3.2.8.jar:3.2.8]
	at org.springframework.amqp.rabbit.listener.AbstractMessageListenerContainer.doExecuteListener(AbstractMessageListenerContainer.java:1595) ~[spring-rabbit-3.2.8.jar:3.2.8]
	at org.springframework.amqp.rabbit.listener.AbstractMessageListenerContainer.executeListenerAndHandleException(AbstractMessageListenerContainer.java:1540) ~[spring-rabbit-3.2.8.jar:3.2.8]
	at org.springframework.amqp.rabbit.listener.AbstractMessageListenerContainer.executeListener(AbstractMessageListenerContainer.java:1521) ~[spring-rabbit-3.2.8.jar:3.2.8]
	at org.springframework.amqp.rabbit.listener.SimpleMessageListenerContainer.doReceiveAndExecute(SimpleMessageListenerContainer.java:1091) ~[spring-rabbit-3.2.8.jar:3.2.8]
	at org.springframework.amqp.rabbit.listener.SimpleMessageListenerContainer.receiveAndExecute(SimpleMessageListenerContainer.java:1027) ~[spring-rabbit-3.2.8.jar:3.2.8]
	at org.springframework.amqp.rabbit.listener.SimpleMessageListenerContainer$AsyncMessageProcessingConsumer.mainLoop(SimpleMessageListenerContainer.java:1431) ~[spring-rabbit-3.2.8.jar:3.2.8]
	at org.springframework.amqp.rabbit.listener.SimpleMessageListenerContainer$AsyncMessageProcessingConsumer.run(SimpleMessageListenerContainer.java:1331) ~[spring-rabbit-3.2.8.jar:3.2.8]
	at java.base/java.lang.Thread.run(Thread.java:1583) ~[na:na]

2025-12-02T19:39:22.529-05:00  WARN 124510 --- [tenant-service] [org.springframework.amqp.rabbit.RabbitListenerEndpointContainer#0-1] s.a.r.l.ConditionalRejectingErrorHandler : Execution of Rabbit message listener failed.

org.springframework.amqp.rabbit.support.ListenerExecutionFailedException: Listener method 'public void com.sentinel.tenant_service.events.listeners.UserRegisteredListener.handleUserRegistered(java.util.Map<java.lang.String, java.lang.Object>)' threw exception
	at org.springframework.amqp.rabbit.listener.adapter.MessagingMessageListenerAdapter.invokeHandler(MessagingMessageListenerAdapter.java:283) ~[spring-rabbit-3.2.8.jar:3.2.8]
	at org.springframework.amqp.rabbit.listener.adapter.MessagingMessageListenerAdapter.invokeHandlerAndProcessResult(MessagingMessageListenerAdapter.java:221) ~[spring-rabbit-3.2.8.jar:3.2.8]
	at org.springframework.amqp.rabbit.listener.adapter.MessagingMessageListenerAdapter.onMessage(MessagingMessageListenerAdapter.java:148) ~[spring-rabbit-3.2.8.jar:3.2.8]
	at org.springframework.amqp.rabbit.listener.AbstractMessageListenerContainer.doInvokeListener(AbstractMessageListenerContainer.java:1694) ~[spring-rabbit-3.2.8.jar:3.2.8]
	at org.springframework.amqp.rabbit.listener.AbstractMessageListenerContainer.actualInvokeListener(AbstractMessageListenerContainer.java:1616) ~[spring-rabbit-3.2.8.jar:3.2.8]
	at org.springframework.amqp.rabbit.listener.AbstractMessageListenerContainer.invokeListener(AbstractMessageListenerContainer.java:1604) ~[spring-rabbit-3.2.8.jar:3.2.8]
	at org.springframework.amqp.rabbit.listener.AbstractMessageListenerContainer.doExecuteListener(AbstractMessageListenerContainer.java:1595) ~[spring-rabbit-3.2.8.jar:3.2.8]
	at org.springframework.amqp.rabbit.listener.AbstractMessageListenerContainer.executeListenerAndHandleException(AbstractMessageListenerContainer.java:1540) ~[spring-rabbit-3.2.8.jar:3.2.8]
	at org.springframework.amqp.rabbit.listener.AbstractMessageListenerContainer.executeListener(AbstractMessageListenerContainer.java:1521) ~[spring-rabbit-3.2.8.jar:3.2.8]
	at org.springframework.amqp.rabbit.listener.SimpleMessageListenerContainer.doReceiveAndExecute(SimpleMessageListenerContainer.java:1091) ~[spring-rabbit-3.2.8.jar:3.2.8]
	at org.springframework.amqp.rabbit.listener.SimpleMessageListenerContainer.receiveAndExecute(SimpleMessageListenerContainer.java:1027) ~[spring-rabbit-3.2.8.jar:3.2.8]
	at org.springframework.amqp.rabbit.listener.SimpleMessageListenerContainer$AsyncMessageProcessingConsumer.mainLoop(SimpleMessageListenerContainer.java:1431) ~[spring-rabbit-3.2.8.jar:3.2.8]
	at org.springframework.amqp.rabbit.listener.SimpleMessageListenerContainer$AsyncMessageProcessingConsumer.run(SimpleMessageListenerContainer.java:1331) ~[spring-rabbit-3.2.8.jar:3.2.8]
	at java.base/java.lang.Thread.run(Thread.java:1583) ~[na:na]
Caused by: java.lang.StringIndexOutOfBoundsException: Range [0, 18) out of bounds for length 17
	at java.base/jdk.internal.util.Preconditions$1.apply(Preconditions.java:55) ~[na:na]
	at java.base/jdk.internal.util.Preconditions$1.apply(Preconditions.java:52) ~[na:na]
	at java.base/jdk.internal.util.Preconditions$4.apply(Preconditions.java:213) ~[na:na]
	at java.base/jdk.internal.util.Preconditions$4.apply(Preconditions.java:210) ~[na:na]
	at java.base/jdk.internal.util.Preconditions.outOfBounds(Preconditions.java:98) ~[na:na]
	at java.base/jdk.internal.util.Preconditions.outOfBoundsCheckFromToIndex(Preconditions.java:112) ~[na:na]
	at java.base/jdk.internal.util.Preconditions.checkFromToIndex(Preconditions.java:349) ~[na:na]
	at java.base/java.lang.String.checkBoundsBeginEnd(String.java:4865) ~[na:na]
	at java.base/java.lang.String.substring(String.java:2834) ~[na:na]
	at com.sentinel.tenant_service.service.impl.TenantServiceImpl.generateSlug(TenantServiceImpl.java:296) ~[classes/:na]
	at com.sentinel.tenant_service.service.impl.TenantServiceImpl.createTenantForUser(TenantServiceImpl.java:91) ~[classes/:na]
	at java.base/jdk.internal.reflect.DirectMethodHandleAccessor.invoke(DirectMethodHandleAccessor.java:103) ~[na:na]
	at java.base/java.lang.reflect.Method.invoke(Method.java:580) ~[na:na]
	at org.springframework.aop.support.AopUtils.invokeJoinpointUsingReflection(AopUtils.java:360) ~[spring-aop-6.2.14.jar:6.2.14]
	at org.springframework.aop.framework.ReflectiveMethodInvocation.invokeJoinpoint(ReflectiveMethodInvocation.java:196) ~[spring-aop-6.2.14.jar:6.2.14]
	at org.springframework.aop.framework.ReflectiveMethodInvocation.proceed(ReflectiveMethodInvocation.java:163) ~[spring-aop-6.2.14.jar:6.2.14]
	at org.springframework.transaction.interceptor.TransactionAspectSupport.invokeWithinTransaction(TransactionAspectSupport.java:380) ~[spring-tx-6.2.14.jar:6.2.14]
	at org.springframework.transaction.interceptor.TransactionInterceptor.invoke(TransactionInterceptor.java:119) ~[spring-tx-6.2.14.jar:6.2.14]
	at org.springframework.aop.framework.ReflectiveMethodInvocation.proceed(ReflectiveMethodInvocation.java:184) ~[spring-aop-6.2.14.jar:6.2.14]
	at org.springframework.aop.framework.CglibAopProxy$DynamicAdvisedInterceptor.intercept(CglibAopProxy.java:728) ~[spring-aop-6.2.14.jar:6.2.14]
	at com.sentinel.tenant_service.service.impl.TenantServiceImpl$$SpringCGLIB$$0.createTenantForUser(<generated>) ~[classes/:na]
	at com.sentinel.tenant_service.events.listeners.UserRegisteredListener.handleUserRegistered(UserRegisteredListener.java:52) ~[classes/:na]
	at java.base/jdk.internal.reflect.DirectMethodHandleAccessor.invoke(DirectMethodHandleAccessor.java:103) ~[na:na]
	at java.base/java.lang.reflect.Method.invoke(Method.java:580) ~[na:na]
	at org.springframework.messaging.handler.invocation.InvocableHandlerMethod.doInvoke(InvocableHandlerMethod.java:169) ~[spring-messaging-6.2.14.jar:6.2.14]
	at org.springframework.amqp.rabbit.listener.adapter.KotlinAwareInvocableHandlerMethod.doInvoke(KotlinAwareInvocableHandlerMethod.java:45) ~[spring-rabbit-3.2.8.jar:3.2.8]
	at org.springframework.messaging.handler.invocation.InvocableHandlerMethod.invoke(InvocableHandlerMethod.java:119) ~[spring-messaging-6.2.14.jar:6.2.14]
	at org.springframework.amqp.rabbit.listener.adapter.HandlerAdapter.invoke(HandlerAdapter.java:80) ~[spring-rabbit-3.2.8.jar:3.2.8]
	at org.springframework.amqp.rabbit.listener.adapter.MessagingMessageListenerAdapter.invokeHandler(MessagingMessageListenerAdapter.java:274) ~[spring-rabbit-3.2.8.jar:3.2.8]
	... 13 common frames omitted

2025-12-02T19:39:22.529-05:00 DEBUG 124510 --- [tenant-service] [org.springframework.amqp.rabbit.RabbitListenerEndpointContainer#0-1] o.s.a.r.listener.BlockingQueueConsumer   : Rejecting messages (requeue=true)
2025-12-02T19:39:22.529-05:00 DEBUG 124510 --- [tenant-service] [pool-2-thread-6] o.s.a.r.listener.BlockingQueueConsumer   : Storing delivery for consumerTag: 'amq.ctag-cAqrhI9n0NxPX1HhqC9Csg' with deliveryTag: '1636' in Consumer@2baf9cd4: tags=[[amq.ctag-cAqrhI9n0NxPX1HhqC9Csg]], channel=Cached Rabbit Channel: AMQChannel(amqp://guest@127.0.0.1:5672/,1), conn: Proxy@ae449e7 Shared Rabbit Connection: SimpleConnection@15beb40b [delegate=amqp://guest@127.0.0.1:5672/, localPort=40784], acknowledgeMode=AUTO local queue size=0
2025-12-02T19:39:22.530-05:00 DEBUG 124510 --- [tenant-service] [org.springframework.amqp.rabbit.RabbitListenerEndpointContainer#0-1] o.s.a.r.listener.BlockingQueueConsumer   : Received message: (Body:'[B@689ab065(byte[176])' MessageProperties [headers={__ContentTypeId__=java.lang.Object, __KeyTypeId__=java.lang.Object, __TypeId__=java.util.HashMap}, contentType=application/json, contentEncoding=UTF-8, contentLength=0, receivedDeliveryMode=PERSISTENT, priority=0, redelivered=true, receivedExchange=auth-exchange, receivedRoutingKey=auth.user.registered, deliveryTag=1636, consumerTag=amq.ctag-cAqrhI9n0NxPX1HhqC9Csg, consumerQueue=auth.user.registered.queue])
2025-12-02T19:39:22.530-05:00 DEBUG 124510 --- [tenant-service] [org.springframework.amqp.rabbit.RabbitListenerEndpointContainer#0-1] .a.r.l.a.MessagingMessageListenerAdapter : Processing [GenericMessage [payload={globalRole=USER, eventType=auth.user.registered, userId=83278a9a-ba74-469a-994e-effb51d8837e, email=prueba@correo.com, timestamp=2025-12-02T19:33:08.964523491}, headers={amqp_receivedDeliveryMode=PERSISTENT, amqp_receivedExchange=auth-exchange, amqp_deliveryTag=1636, amqp_consumerQueue=auth.user.registered.queue, amqp_redelivered=true, __ContentTypeId__=java.lang.Object, amqp_receivedRoutingKey=auth.user.registered, amqp_contentEncoding=UTF-8, __KeyTypeId__=java.lang.Object, amqp_retryCount=0, id=56937d6c-4b06-cf27-da1c-4eb37458a4a1, amqp_consumerTag=amq.ctag-cAqrhI9n0NxPX1HhqC9Csg, amqp_lastInBatch=false, contentType=application/json, __TypeId__=java.util.HashMap, timestamp=1764722362530}]]
2025-12-02T19:39:22.530-05:00  INFO 124510 --- [tenant-service] [org.springframework.amqp.rabbit.RabbitListenerEndpointContainer#0-1] c.s.t.e.l.UserRegisteredListener         : Received auth.user.registered event: {globalRole=USER, eventType=auth.user.registered, userId=83278a9a-ba74-469a-994e-effb51d8837e, email=prueba@correo.com, timestamp=2025-12-02T19:33:08.964523491}
2025-12-02T19:39:22.530-05:00  INFO 124510 --- [tenant-service] [org.springframework.amqp.rabbit.RabbitListenerEndpointContainer#0-1] c.s.t.e.l.UserRegisteredListener         : Creating tenant for new user: prueba@correo.com (83278a9a-ba74-469a-994e-effb51d8837e)
2025-12-02T19:39:22.530-05:00  INFO 124510 --- [tenant-service] [org.springframework.amqp.rabbit.RabbitListenerEndpointContainer#0-1] c.s.t.service.impl.TenantServiceImpl     : Auto-creating tenant for new user: 83278a9a-ba74-469a-994e-effb51d8837e
2025-12-02T19:39:22.530-05:00 ERROR 124510 --- [tenant-service] [org.springframework.amqp.rabbit.RabbitListenerEndpointContainer#0-1] c.s.t.e.l.UserRegisteredListener         : Error processing auth.user.registered event: Range [0, 18) out of bounds for length 17

java.lang.StringIndexOutOfBoundsException: Range [0, 18) out of bounds for length 17
	at java.base/jdk.internal.util.Preconditions$1.apply(Preconditions.java:55) ~[na:na]
	at java.base/jdk.internal.util.Preconditions$1.apply(Preconditions.java:52) ~[na:na]
	at java.base/jdk.internal.util.Preconditions$4.apply(Preconditions.java:213) ~[na:na]
	at java.base/jdk.internal.util.Preconditions$4.apply(Preconditions.java:210) ~[na:na]
	at java.base/jdk.internal.util.Preconditions.outOfBounds(Preconditions.java:98) ~[na:na]
	at java.base/jdk.internal.util.Preconditions.outOfBoundsCheckFromToIndex(Preconditions.java:112) ~[na:na]
	at java.base/jdk.internal.util.Preconditions.checkFromToIndex(Preconditions.java:349) ~[na:na]
	at java.base/java.lang.String.checkBoundsBeginEnd(String.java:4865) ~[na:na]
	at java.base/java.lang.String.substring(String.java:2834) ~[na:na]
	at com.sentinel.tenant_service.service.impl.TenantServiceImpl.generateSlug(TenantServiceImpl.java:296) ~[classes/:na]
	at com.sentinel.tenant_service.service.impl.TenantServiceImpl.createTenantForUser(TenantServiceImpl.java:91) ~[classes/:na]
	at java.base/jdk.internal.reflect.DirectMethodHandleAccessor.invoke(DirectMethodHandleAccessor.java:103) ~[na:na]
	at java.base/java.lang.reflect.Method.invoke(Method.java:580) ~[na:na]
	at org.springframework.aop.support.AopUtils.invokeJoinpointUsingReflection(AopUtils.java:360) ~[spring-aop-6.2.14.jar:6.2.14]
	at org.springframework.aop.framework.ReflectiveMethodInvocation.invokeJoinpoint(ReflectiveMethodInvocation.java:196) ~[spring-aop-6.2.14.jar:6.2.14]
	at org.springframework.aop.framework.ReflectiveMethodInvocation.proceed(ReflectiveMethodInvocation.java:163) ~[spring-aop-6.2.14.jar:6.2.14]
	at org.springframework.transaction.interceptor.TransactionAspectSupport.invokeWithinTransaction(TransactionAspectSupport.java:380) ~[spring-tx-6.2.14.jar:6.2.14]
	at org.springframework.transaction.interceptor.TransactionInterceptor.invoke(TransactionInterceptor.java:119) ~[spring-tx-6.2.14.jar:6.2.14]
	at org.springframework.aop.framework.ReflectiveMethodInvocation.proceed(ReflectiveMethodInvocation.java:184) ~[spring-aop-6.2.14.jar:6.2.14]
	at org.springframework.aop.framework.CglibAopProxy$DynamicAdvisedInterceptor.intercept(CglibAopProxy.java:728) ~[spring-aop-6.2.14.jar:6.2.14]
	at com.sentinel.tenant_service.service.impl.TenantServiceImpl$$SpringCGLIB$$0.createTenantForUser(<generated>) ~[classes/:na]
	at com.sentinel.tenant_service.events.listeners.UserRegisteredListener.handleUserRegistered(UserRegisteredListener.java:52) ~[classes/:na]
	at java.base/jdk.internal.reflect.DirectMethodHandleAccessor.invoke(DirectMethodHandleAccessor.java:103) ~[na:na]
	at java.base/java.lang.reflect.Method.invoke(Method.java:580) ~[na:na]
	at org.springframework.messaging.handler.invocation.InvocableHandlerMethod.doInvoke(InvocableHandlerMethod.java:169) ~[spring-messaging-6.2.14.jar:6.2.14]
	at org.springframework.amqp.rabbit.listener.adapter.KotlinAwareInvocableHandlerMethod.doInvoke(KotlinAwareInvocableHandlerMethod.java:45) ~[spring-rabbit-3.2.8.jar:3.2.8]
	at org.springframework.messaging.handler.invocation.InvocableHandlerMethod.invoke(InvocableHandlerMethod.java:119) ~[spring-messaging-6.2.14.jar:6.2.14]
	at org.springframework.amqp.rabbit.listener.adapter.HandlerAdapter.invoke(HandlerAdapter.java:80) ~[spring-rabbit-3.2.8.jar:3.2.8]
	at org.springframework.amqp.rabbit.listener.adapter.MessagingMessageListenerAdapter.invokeHandler(MessagingMessageListenerAdapter.java:274) ~[spring-rabbit-3.2.8.jar:3.2.8]
	at org.springframework.amqp.rabbit.listener.adapter.MessagingMessageListenerAdapter.invokeHandlerAndProcessResult(MessagingMessageListenerAdapter.java:221) ~[spring-rabbit-3.2.8.jar:3.2.8]
	at org.springframework.amqp.rabbit.listener.adapter.MessagingMessageListenerAdapter.onMessage(MessagingMessageListenerAdapter.java:148) ~[spring-rabbit-3.2.8.jar:3.2.8]
	at org.springframework.amqp.rabbit.listener.AbstractMessageListenerContainer.doInvokeListener(AbstractMessageListenerContainer.java:1694) ~[spring-rabbit-3.2.8.jar:3.2.8]
	at org.springframework.amqp.rabbit.listener.AbstractMessageListenerContainer.actualInvokeListener(AbstractMessageListenerContainer.java:1616) ~[spring-rabbit-3.2.8.jar:3.2.8]
	at org.springframework.amqp.rabbit.listener.AbstractMessageListenerContainer.invokeListener(AbstractMessageListenerContainer.java:1604) ~[spring-rabbit-3.2.8.jar:3.2.8]
	at org.springframework.amqp.rabbit.listener.AbstractMessageListenerContainer.doExecuteListener(AbstractMessageListenerContainer.java:1595) ~[spring-rabbit-3.2.8.jar:3.2.8]
	at org.springframework.amqp.rabbit.listener.AbstractMessageListenerContainer.executeListenerAndHandleException(AbstractMessageListenerContainer.java:1540) ~[spring-rabbit-3.2.8.jar:3.2.8]
	at org.springframework.amqp.rabbit.listener.AbstractMessageListenerContainer.executeListener(AbstractMessageListenerContainer.java:1521) ~[spring-rabbit-3.2.8.jar:3.2.8]
	at org.springframework.amqp.rabbit.listener.SimpleMessageListenerContainer.doReceiveAndExecute(SimpleMessageListenerContainer.java:1091) ~[spring-rabbit-3.2.8.jar:3.2.8]
	at org.springframework.amqp.rabbit.listener.SimpleMessageListenerContainer.receiveAndExecute(SimpleMessageListenerContainer.java:1027) ~[spring-rabbit-3.2.8.jar:3.2.8]
	at org.springframework.amqp.rabbit.listener.SimpleMessageListenerContainer$AsyncMessageProcessingConsumer.mainLoop(SimpleMessageListenerContainer.java:1431) ~[spring-rabbit-3.2.8.jar:3.2.8]
	at org.springframework.amqp.rabbit.listener.SimpleMessageListenerContainer$AsyncMessageProcessingConsumer.run(SimpleMessageListenerContainer.java:1331) ~[spring-rabbit-3.2.8.jar:3.2.8]
	at java.base/java.lang.Thread.run(Thread.java:1583) ~[na:na]

2025-12-02T19:39:22.530-05:00  WARN 124510 --- [tenant-service] [org.springframework.amqp.rabbit.RabbitListenerEndpointContainer#0-1] s.a.r.l.ConditionalRejectingErrorHandler : Execution of Rabbit message listener failed.

org.springframework.amqp.rabbit.support.ListenerExecutionFailedException: Listener method 'public void com.sentinel.tenant_service.events.listeners.UserRegisteredListener.handleUserRegistered(java.util.Map<java.lang.String, java.lang.Object>)' threw exception
	at org.springframework.amqp.rabbit.listener.adapter.MessagingMessageListenerAdapter.invokeHandler(MessagingMessageListenerAdapter.java:283) ~[spring-rabbit-3.2.8.jar:3.2.8]
	at org.springframework.amqp.rabbit.listener.adapter.MessagingMessageListenerAdapter.invokeHandlerAndProcessResult(MessagingMessageListenerAdapter.java:221) ~[spring-rabbit-3.2.8.jar:3.2.8]
	at org.springframework.amqp.rabbit.listener.adapter.MessagingMessageListenerAdapter.onMessage(MessagingMessageListenerAdapter.java:148) ~[spring-rabbit-3.2.8.jar:3.2.8]
	at org.springframework.amqp.rabbit.listener.AbstractMessageListenerContainer.doInvokeListener(AbstractMessageListenerContainer.java:1694) ~[spring-rabbit-3.2.8.jar:3.2.8]
	at org.springframework.amqp.rabbit.listener.AbstractMessageListenerContainer.actualInvokeListener(AbstractMessageListenerContainer.java:1616) ~[spring-rabbit-3.2.8.jar:3.2.8]
	at org.springframework.amqp.rabbit.listener.AbstractMessageListenerContainer.invokeListener(AbstractMessageListenerContainer.java:1604) ~[spring-rabbit-3.2.8.jar:3.2.8]
	at org.springframework.amqp.rabbit.listener.AbstractMessageListenerContainer.doExecuteListener(AbstractMessageListenerContainer.java:1595) ~[spring-rabbit-3.2.8.jar:3.2.8]
	at org.springframework.amqp.rabbit.listener.AbstractMessageListenerContainer.executeListenerAndHandleException(AbstractMessageListenerContainer.java:1540) ~[spring-rabbit-3.2.8.jar:3.2.8]
	at org.springframework.amqp.rabbit.listener.AbstractMessageListenerContainer.executeListener(AbstractMessageListenerContainer.java:1521) ~[spring-rabbit-3.2.8.jar:3.2.8]
	at org.springframework.amqp.rabbit.listener.SimpleMessageListenerContainer.doReceiveAndExecute(SimpleMessageListenerContainer.java:1091) ~[spring-rabbit-3.2.8.jar:3.2.8]
	at org.springframework.amqp.rabbit.listener.SimpleMessageListenerContainer.receiveAndExecute(SimpleMessageListenerContainer.java:1027) ~[spring-rabbit-3.2.8.jar:3.2.8]
	at org.springframework.amqp.rabbit.listener.SimpleMessageListenerContainer$AsyncMessageProcessingConsumer.mainLoop(SimpleMessageListenerContainer.java:1431) ~[spring-rabbit-3.2.8.jar:3.2.8]
	at org.springframework.amqp.rabbit.listener.SimpleMessageListenerContainer$AsyncMessageProcessingConsumer.run(SimpleMessageListenerContainer.java:1331) ~[spring-rabbit-3.2.8.jar:3.2.8]
	at java.base/java.lang.Thread.run(Thread.java:1583) ~[na:na]
Caused by: java.lang.StringIndexOutOfBoundsException: Range [0, 18) out of bounds for length 17
	at java.base/jdk.internal.util.Preconditions$1.apply(Preconditions.java:55) ~[na:na]
	at java.base/jdk.internal.util.Preconditions$1.apply(Preconditions.java:52) ~[na:na]
	at java.base/jdk.internal.util.Preconditions$4.apply(Preconditions.java:213) ~[na:na]
	at java.base/jdk.internal.util.Preconditions$4.apply(Preconditions.java:210) ~[na:na]
	at java.base/jdk.internal.util.Preconditions.outOfBounds(Preconditions.java:98) ~[na:na]
	at java.base/jdk.internal.util.Preconditions.outOfBoundsCheckFromToIndex(Preconditions.java:112) ~[na:na]
	at java.base/jdk.internal.util.Preconditions.checkFromToIndex(Preconditions.java:349) ~[na:na]
	at java.base/java.lang.String.checkBoundsBeginEnd(String.java:4865) ~[na:na]
	at java.base/java.lang.String.substring(String.java:2834) ~[na:na]
	at com.sentinel.tenant_service.service.impl.TenantServiceImpl.generateSlug(TenantServiceImpl.java:296) ~[classes/:na]
	at com.sentinel.tenant_service.service.impl.TenantServiceImpl.createTenantForUser(TenantServiceImpl.java:91) ~[classes/:na]
	at java.base/jdk.internal.reflect.DirectMethodHandleAccessor.invoke(DirectMethodHandleAccessor.java:103) ~[na:na]
	at java.base/java.lang.reflect.Method.invoke(Method.java:580) ~[na:na]
	at org.springframework.aop.support.AopUtils.invokeJoinpointUsingReflection(AopUtils.java:360) ~[spring-aop-6.2.14.jar:6.2.14]
	at org.springframework.aop.framework.ReflectiveMethodInvocation.invokeJoinpoint(ReflectiveMethodInvocation.java:196) ~[spring-aop-6.2.14.jar:6.2.14]
	at org.springframework.aop.framework.ReflectiveMethodInvocation.proceed(ReflectiveMethodInvocation.java:163) ~[spring-aop-6.2.14.jar:6.2.14]
	at org.springframework.transaction.interceptor.TransactionAspectSupport.invokeWithinTransaction(TransactionAspectSupport.java:380) ~[spring-tx-6.2.14.jar:6.2.14]
	at org.springframework.transaction.interceptor.TransactionInterceptor.invoke(TransactionInterceptor.java:119) ~[spring-tx-6.2.14.jar:6.2.14]
	at org.springframework.aop.framework.ReflectiveMethodInvocation.proceed(ReflectiveMethodInvocation.java:184) ~[spring-aop-6.2.14.jar:6.2.14]
	at org.springframework.aop.framework.CglibAopProxy$DynamicAdvisedInterceptor.intercept(CglibAopProxy.java:728) ~[spring-aop-6.2.14.jar:6.2.14]
	at com.sentinel.tenant_service.service.impl.TenantServiceImpl$$SpringCGLIB$$0.createTenantForUser(<generated>) ~[classes/:na]
	at com.sentinel.tenant_service.events.listeners.UserRegisteredListener.handleUserRegistered(UserRegisteredListener.java:52) ~[classes/:na]
	at java.base/jdk.internal.reflect.DirectMethodHandleAccessor.invoke(DirectMethodHandleAccessor.java:103) ~[na:na]
	at java.base/java.lang.reflect.Method.invoke(Method.java:580) ~[na:na]
	at org.springframework.messaging.handler.invocation.InvocableHandlerMethod.doInvoke(InvocableHandlerMethod.java:169) ~[spring-messaging-6.2.14.jar:6.2.14]
	at org.springframework.amqp.rabbit.listener.adapter.KotlinAwareInvocableHandlerMethod.doInvoke(KotlinAwareInvocableHandlerMethod.java:45) ~[spring-rabbit-3.2.8.jar:3.2.8]
	at org.springframework.messaging.handler.invocation.InvocableHandlerMethod.invoke(InvocableHandlerMethod.java:119) ~[spring-messaging-6.2.14.jar:6.2.14]
	at org.springframework.amqp.rabbit.listener.adapter.HandlerAdapter.invoke(HandlerAdapter.java:80) ~[spring-rabbit-3.2.8.jar:3.2.8]
	at org.springframework.amqp.rabbit.listener.adapter.MessagingMessageListenerAdapter.invokeHandler(MessagingMessageListenerAdapter.java:274) ~[spring-rabbit-3.2.8.jar:3.2.8]
	... 13 common frames omitted

2025-12-02T19:39:22.532-05:00 DEBUG 124510 --- [tenant-service] [org.springframework.amqp.rabbit.RabbitListenerEndpointContainer#0-1] o.s.a.r.listener.BlockingQueueConsumer   : Rejecting messages (requeue=true)
2025-12-02T19:39:22.533-05:00 DEBUG 124510 --- [tenant-service] [pool-2-thread-7] o.s.a.r.listener.BlockingQueueConsumer   : Storing delivery for consumerTag: 'amq.ctag-cAqrhI9n0NxPX1HhqC9Csg' with deliveryTag: '1637' in Consumer@2baf9cd4: tags=[[amq.ctag-cAqrhI9n0NxPX1HhqC9Csg]], channel=Cached Rabbit Channel: AMQChannel(amqp://guest@127.0.0.1:5672/,1), conn: Proxy@ae449e7 Shared Rabbit Connection: SimpleConnection@15beb40b [delegate=amqp://guest@127.0.0.1:5672/, localPort=40784], acknowledgeMode=AUTO local queue size=0
2025-12-02T19:39:22.533-05:00 DEBUG 124510 --- [tenant-service] [org.springframework.amqp.rabbit.RabbitListenerEndpointContainer#0-1] o.s.a.r.listener.BlockingQueueConsumer   : Received message: (Body:'[B@1c491191(byte[176])' MessageProperties [headers={__ContentTypeId__=java.lang.Object, __KeyTypeId__=java.lang.Object, __TypeId__=java.util.HashMap}, contentType=application/json, contentEncoding=UTF-8, contentLength=0, receivedDeliveryMode=PERSISTENT, priority=0, redelivered=true, receivedExchange=auth-exchange, receivedRoutingKey=auth.user.registered, deliveryTag=1637, consumerTag=amq.ctag-cAqrhI9n0NxPX1HhqC9Csg, consumerQueue=auth.user.registered.queue])
2025-12-02T19:39:22.533-05:00 DEBUG 124510 --- [tenant-service] [org.springframework.amqp.rabbit.RabbitListenerEndpointContainer#0-1] .a.r.l.a.MessagingMessageListenerAdapter : Processing [GenericMessage [payload={globalRole=USER, eventType=auth.user.registered, userId=83278a9a-ba74-469a-994e-effb51d8837e, email=prueba@correo.com, timestamp=2025-12-02T19:33:08.964523491}, headers={amqp_receivedDeliveryMode=PERSISTENT, amqp_receivedExchange=auth-exchange, amqp_deliveryTag=1637, amqp_consumerQueue=auth.user.registered.queue, amqp_redelivered=true, __ContentTypeId__=java.lang.Object, amqp_receivedRoutingKey=auth.user.registered, amqp_contentEncoding=UTF-8, __KeyTypeId__=java.lang.Object, amqp_retryCount=0, id=e677c495-3d6e-93ed-8d38-b119080ce1fd, amqp_consumerTag=amq.ctag-cAqrhI9n0NxPX1HhqC9Csg, amqp_lastInBatch=false, contentType=application/json, __TypeId__=java.util.HashMap, timestamp=1764722362533}]]
2025-12-02T19:39:22.533-05:00  INFO 124510 --- [tenant-service] [org.springframework.amqp.rabbit.RabbitListenerEndpointContainer#0-1] c.s.t.e.l.UserRegisteredListener         : Received auth.user.registered event: {globalRole=USER, eventType=auth.user.registered, userId=83278a9a-ba74-469a-994e-effb51d8837e, email=prueba@correo.com, timestamp=2025-12-02T19:33:08.964523491}
2025-12-02T19:39:22.533-05:00  INFO 124510 --- [tenant-service] [org.springframework.amqp.rabbit.RabbitListenerEndpointContainer#0-1] c.s.t.e.l.UserRegisteredListener         : Creating tenant for new user: prueba@correo.com (83278a9a-ba74-469a-994e-effb51d8837e)
2025-12-02T19:39:22.533-05:00  INFO 124510 --- [tenant-service] [org.springframework.amqp.rabbit.RabbitListenerEndpointContainer#0-1] c.s.t.service.impl.TenantServiceImpl     : Auto-creating tenant for new user: 83278a9a-ba74-469a-994e-effb51d8837e
2025-12-02T19:39:22.533-05:00 ERROR 124510 --- [tenant-service] [org.springframework.amqp.rabbit.RabbitListenerEndpointContainer#0-1] c.s.t.e.l.UserRegisteredListener         : Error processing auth.user.registered event: Range [0, 18) out of bounds for length 17

java.lang.StringIndexOutOfBoundsException: Range [0, 18) out of bounds for length 17
	at java.base/jdk.internal.util.Preconditions$1.apply(Preconditions.java:55) ~[na:na]
	at java.base/jdk.internal.util.Preconditions$1.apply(Preconditions.java:52) ~[na:na]
	at java.base/jdk.internal.util.Preconditions$4.apply(Preconditions.java:213) ~[na:na]
	at java.base/jdk.internal.util.Preconditions$4.apply(Preconditions.java:210) ~[na:na]
	at java.base/jdk.internal.util.Preconditions.outOfBounds(Preconditions.java:98) ~[na:na]
	at java.base/jdk.internal.util.Preconditions.outOfBoundsCheckFromToIndex(Preconditions.java:112) ~[na:na]
	at java.base/jdk.internal.util.Preconditions.checkFromToIndex(Preconditions.java:349) ~[na:na]
	at java.base/java.lang.String.checkBoundsBeginEnd(String.java:4865) ~[na:na]
	at java.base/java.lang.String.substring(String.java:2834) ~[na:na]
	at com.sentinel.tenant_service.service.impl.TenantServiceImpl.generateSlug(TenantServiceImpl.java:296) ~[classes/:na]
	at com.sentinel.tenant_service.service.impl.TenantServiceImpl.createTenantForUser(TenantServiceImpl.java:91) ~[classes/:na]
	at java.base/jdk.internal.reflect.DirectMethodHandleAccessor.invoke(DirectMethodHandleAccessor.java:103) ~[na:na]
	at java.base/java.lang.reflect.Method.invoke(Method.java:580) ~[na:na]
	at org.springframework.aop.support.AopUtils.invokeJoinpointUsingReflection(AopUtils.java:360) ~[spring-aop-6.2.14.jar:6.2.14]
	at org.springframework.aop.framework.ReflectiveMethodInvocation.invokeJoinpoint(ReflectiveMethodInvocation.java:196) ~[spring-aop-6.2.14.jar:6.2.14]
	at org.springframework.aop.framework.ReflectiveMethodInvocation.proceed(ReflectiveMethodInvocation.java:163) ~[spring-aop-6.2.14.jar:6.2.14]
	at org.springframework.transaction.interceptor.TransactionAspectSupport.invokeWithinTransaction(TransactionAspectSupport.java:380) ~[spring-tx-6.2.14.jar:6.2.14]
	at org.springframework.transaction.interceptor.TransactionInterceptor.invoke(TransactionInterceptor.java:119) ~[spring-tx-6.2.14.jar:6.2.14]
	at org.springframework.aop.framework.ReflectiveMethodInvocation.proceed(ReflectiveMethodInvocation.java:184) ~[spring-aop-6.2.14.jar:6.2.14]
	at org.springframework.aop.framework.CglibAopProxy$DynamicAdvisedInterceptor.intercept(CglibAopProxy.java:728) ~[spring-aop-6.2.14.jar:6.2.14]
	at com.sentinel.tenant_service.service.impl.TenantServiceImpl$$SpringCGLIB$$0.createTenantForUser(<generated>) ~[classes/:na]
	at com.sentinel.tenant_service.events.listeners.UserRegisteredListener.handleUserRegistered(UserRegisteredListener.java:52) ~[classes/:na]
	at java.base/jdk.internal.reflect.DirectMethodHandleAccessor.invoke(DirectMethodHandleAccessor.java:103) ~[na:na]
	at java.base/java.lang.reflect.Method.invoke(Method.java:580) ~[na:na]
	at org.springframework.messaging.handler.invocation.InvocableHandlerMethod.doInvoke(InvocableHandlerMethod.java:169) ~[spring-messaging-6.2.14.jar:6.2.14]
	at org.springframework.amqp.rabbit.listener.adapter.KotlinAwareInvocableHandlerMethod.doInvoke(KotlinAwareInvocableHandlerMethod.java:45) ~[spring-rabbit-3.2.8.jar:3.2.8]
	at org.springframework.messaging.handler.invocation.InvocableHandlerMethod.invoke(InvocableHandlerMethod.java:119) ~[spring-messaging-6.2.14.jar:6.2.14]
	at org.springframework.amqp.rabbit.listener.adapter.HandlerAdapter.invoke(HandlerAdapter.java:80) ~[spring-rabbit-3.2.8.jar:3.2.8]
	at org.springframework.amqp.rabbit.listener.adapter.MessagingMessageListenerAdapter.invokeHandler(MessagingMessageListenerAdapter.java:274) ~[spring-rabbit-3.2.8.jar:3.2.8]
	at org.springframework.amqp.rabbit.listener.adapter.MessagingMessageListenerAdapter.invokeHandlerAndProcessResult(MessagingMessageListenerAdapter.java:221) ~[spring-rabbit-3.2.8.jar:3.2.8]
	at org.springframework.amqp.rabbit.listener.adapter.MessagingMessageListenerAdapter.onMessage(MessagingMessageListenerAdapter.java:148) ~[spring-rabbit-3.2.8.jar:3.2.8]
	at org.springframework.amqp.rabbit.listener.AbstractMessageListenerContainer.doInvokeListener(AbstractMessageListenerContainer.java:1694) ~[spring-rabbit-3.2.8.jar:3.2.8]
	at org.springframework.amqp.rabbit.listener.AbstractMessageListenerContainer.actualInvokeListener(AbstractMessageListenerContainer.java:1616) ~[spring-rabbit-3.2.8.jar:3.2.8]
	at org.springframework.amqp.rabbit.listener.AbstractMessageListenerContainer.invokeListener(AbstractMessageListenerContainer.java:1604) ~[spring-rabbit-3.2.8.jar:3.2.8]
	at org.springframework.amqp.rabbit.listener.AbstractMessageListenerContainer.doExecuteListener(AbstractMessageListenerContainer.java:1595) ~[spring-rabbit-3.2.8.jar:3.2.8]
	at org.springframework.amqp.rabbit.listener.AbstractMessageListenerContainer.executeListenerAndHandleException(AbstractMessageListenerContainer.java:1540) ~[spring-rabbit-3.2.8.jar:3.2.8]
	at org.springframework.amqp.rabbit.listener.AbstractMessageListenerContainer.executeListener(AbstractMessageListenerContainer.java:1521) ~[spring-rabbit-3.2.8.jar:3.2.8]
	at org.springframework.amqp.rabbit.listener.SimpleMessageListenerContainer.doReceiveAndExecute(SimpleMessageListenerContainer.java:1091) ~[spring-rabbit-3.2.8.jar:3.2.8]
	at org.springframework.amqp.rabbit.listener.SimpleMessageListenerContainer.receiveAndExecute(SimpleMessageListenerContainer.java:1027) ~[spring-rabbit-3.2.8.jar:3.2.8]
	at org.springframework.amqp.rabbit.listener.SimpleMessageListenerContainer$AsyncMessageProcessingConsumer.mainLoop(SimpleMessageListenerContainer.java:1431) ~[spring-rabbit-3.2.8.jar:3.2.8]
	at org.springframework.amqp.rabbit.listener.SimpleMessageListenerContainer$AsyncMessageProcessingConsumer.run(SimpleMessageListenerContainer.java:1331) ~[spring-rabbit-3.2.8.jar:3.2.8]
	at java.base/java.lang.Thread.run(Thread.java:1583) ~[na:na]

2025-12-02T19:39:22.533-05:00  WARN 124510 --- [tenant-service] [org.springframework.amqp.rabbit.RabbitListenerEndpointContainer#0-1] s.a.r.l.ConditionalRejectingErrorHandler : Execution of Rabbit message listener failed.

org.springframework.amqp.rabbit.support.ListenerExecutionFailedException: Listener method 'public void com.sentinel.tenant_service.events.listeners.UserRegisteredListener.handleUserRegistered(java.util.Map<java.lang.String, java.lang.Object>)' threw exception
	at org.springframework.amqp.rabbit.listener.adapter.MessagingMessageListenerAdapter.invokeHandler(MessagingMessageListenerAdapter.java:283) ~[spring-rabbit-3.2.8.jar:3.2.8]
	at org.springframework.amqp.rabbit.listener.adapter.MessagingMessageListenerAdapter.invokeHandlerAndProcessResult(MessagingMessageListenerAdapter.java:221) ~[spring-rabbit-3.2.8.jar:3.2.8]
	at org.springframework.amqp.rabbit.listener.adapter.MessagingMessageListenerAdapter.onMessage(MessagingMessageListenerAdapter.java:148) ~[spring-rabbit-3.2.8.jar:3.2.8]
	at org.springframework.amqp.rabbit.listener.AbstractMessageListenerContainer.doInvokeListener(AbstractMessageListenerContainer.java:1694) ~[spring-rabbit-3.2.8.jar:3.2.8]
	at org.springframework.amqp.rabbit.listener.AbstractMessageListenerContainer.actualInvokeListener(AbstractMessageListenerContainer.java:1616) ~[spring-rabbit-3.2.8.jar:3.2.8]
	at org.springframework.amqp.rabbit.listener.AbstractMessageListenerContainer.invokeListener(AbstractMessageListenerContainer.java:1604) ~[spring-rabbit-3.2.8.jar:3.2.8]
	at org.springframework.amqp.rabbit.listener.AbstractMessageListenerContainer.doExecuteListener(AbstractMessageListenerContainer.java:1595) ~[spring-rabbit-3.2.8.jar:3.2.8]
	at org.springframework.amqp.rabbit.listener.AbstractMessageListenerContainer.executeListenerAndHandleException(AbstractMessageListenerContainer.java:1540) ~[spring-rabbit-3.2.8.jar:3.2.8]
	at org.springframework.amqp.rabbit.listener.AbstractMessageListenerContainer.executeListener(AbstractMessageListenerContainer.java:1521) ~[spring-rabbit-3.2.8.jar:3.2.8]
	at org.springframework.amqp.rabbit.listener.SimpleMessageListenerContainer.doReceiveAndExecute(SimpleMessageListenerContainer.java:1091) ~[spring-rabbit-3.2.8.jar:3.2.8]
	at org.springframework.amqp.rabbit.listener.SimpleMessageListenerContainer.receiveAndExecute(SimpleMessageListenerContainer.java:1027) ~[spring-rabbit-3.2.8.jar:3.2.8]
	at org.springframework.amqp.rabbit.listener.SimpleMessageListenerContainer$AsyncMessageProcessingConsumer.mainLoop(SimpleMessageListenerContainer.java:1431) ~[spring-rabbit-3.2.8.jar:3.2.8]
	at org.springframework.amqp.rabbit.listener.SimpleMessageListenerContainer$AsyncMessageProcessingConsumer.run(SimpleMessageListenerContainer.java:1331) ~[spring-rabbit-3.2.8.jar:3.2.8]
	at java.base/java.lang.Thread.run(Thread.java:1583) ~[na:na]
Caused by: java.lang.StringIndexOutOfBoundsException: Range [0, 18) out of bounds for length 17
	at java.base/jdk.internal.util.Preconditions$1.apply(Preconditions.java:55) ~[na:na]
	at java.base/jdk.internal.util.Preconditions$1.apply(Preconditions.java:52) ~[na:na]
	at java.base/jdk.internal.util.Preconditions$4.apply(Preconditions.java:213) ~[na:na]
	at java.base/jdk.internal.util.Preconditions$4.apply(Preconditions.java:210) ~[na:na]
	at java.base/jdk.internal.util.Preconditions.outOfBounds(Preconditions.java:98) ~[na:na]
	at java.base/jdk.internal.util.Preconditions.outOfBoundsCheckFromToIndex(Preconditions.java:112) ~[na:na]
	at java.base/jdk.internal.util.Preconditions.checkFromToIndex(Preconditions.java:349) ~[na:na]
	at java.base/java.lang.String.checkBoundsBeginEnd(String.java:4865) ~[na:na]
	at java.base/java.lang.String.substring(String.java:2834) ~[na:na]
	at com.sentinel.tenant_service.service.impl.TenantServiceImpl.generateSlug(TenantServiceImpl.java:296) ~[classes/:na]
	at com.sentinel.tenant_service.service.impl.TenantServiceImpl.createTenantForUser(TenantServiceImpl.java:91) ~[classes/:na]
	at java.base/jdk.internal.reflect.DirectMethodHandleAccessor.invoke(DirectMethodHandleAccessor.java:103) ~[na:na]
	at java.base/java.lang.reflect.Method.invoke(Method.java:580) ~[na:na]
	at org.springframework.aop.support.AopUtils.invokeJoinpointUsingReflection(AopUtils.java:360) ~[spring-aop-6.2.14.jar:6.2.14]
	at org.springframework.aop.framework.ReflectiveMethodInvocation.invokeJoinpoint(ReflectiveMethodInvocation.java:196) ~[spring-aop-6.2.14.jar:6.2.14]
	at org.springframework.aop.framework.ReflectiveMethodInvocation.proceed(ReflectiveMethodInvocation.java:163) ~[spring-aop-6.2.14.jar:6.2.14]
	at org.springframework.transaction.interceptor.TransactionAspectSupport.invokeWithinTransaction(TransactionAspectSupport.java:380) ~[spring-tx-6.2.14.jar:6.2.14]
	at org.springframework.transaction.interceptor.TransactionInterceptor.invoke(TransactionInterceptor.java:119) ~[spring-tx-6.2.14.jar:6.2.14]
	at org.springframework.aop.framework.ReflectiveMethodInvocation.proceed(ReflectiveMethodInvocation.java:184) ~[spring-aop-6.2.14.jar:6.2.14]
	at org.springframework.aop.framework.CglibAopProxy$DynamicAdvisedInterceptor.intercept(CglibAopProxy.java:728) ~[spring-aop-6.2.14.jar:6.2.14]
	at com.sentinel.tenant_service.service.impl.TenantServiceImpl$$SpringCGLIB$$0.createTenantForUser(<generated>) ~[classes/:na]
	at com.sentinel.tenant_service.events.listeners.UserRegisteredListener.handleUserRegistered(UserRegisteredListener.java:52) ~[classes/:na]
	at java.base/jdk.internal.reflect.DirectMethodHandleAccessor.invoke(DirectMethodHandleAccessor.java:103) ~[na:na]
	at java.base/java.lang.reflect.Method.invoke(Method.java:580) ~[na:na]
	at org.springframework.messaging.handler.invocation.InvocableHandlerMethod.doInvoke(InvocableHandlerMethod.java:169) ~[spring-messaging-6.2.14.jar:6.2.14]
	at org.springframework.amqp.rabbit.listener.adapter.KotlinAwareInvocableHandlerMethod.doInvoke(KotlinAwareInvocableHandlerMethod.java:45) ~[spring-rabbit-3.2.8.jar:3.2.8]
	at org.springframework.messaging.handler.invocation.InvocableHandlerMethod.invoke(InvocableHandlerMethod.java:119) ~[spring-messaging-6.2.14.jar:6.2.14]
	at org.springframework.amqp.rabbit.listener.adapter.HandlerAdapter.invoke(HandlerAdapter.java:80) ~[spring-rabbit-3.2.8.jar:3.2.8]
	at org.springframework.amqp.rabbit.listener.adapter.MessagingMessageListenerAdapter.invokeHandler(MessagingMessageListenerAdapter.java:274) ~[spring-rabbit-3.2.8.jar:3.2.8]
	... 13 common frames omitted

2025-12-02T19:39:22.534-05:00 DEBUG 124510 --- [tenant-service] [org.springframework.amqp.rabbit.RabbitListenerEndpointContainer#0-1] o.s.a.r.listener.BlockingQueueConsumer   : Rejecting messages (requeue=true)
2025-12-02T19:39:22.535-05:00 DEBUG 124510 --- [tenant-service] [pool-2-thread-8] o.s.a.r.listener.BlockingQueueConsumer   : Storing delivery for consumerTag: 'amq.ctag-cAqrhI9n0NxPX1HhqC9Csg' with deliveryTag: '1638' in Consumer@2baf9cd4: tags=[[amq.ctag-cAqrhI9n0NxPX1HhqC9Csg]], channel=Cached Rabbit Channel: AMQChannel(amqp://guest@127.0.0.1:5672/,1), conn: Proxy@ae449e7 Shared Rabbit Connection: SimpleConnection@15beb40b [delegate=amqp://guest@127.0.0.1:5672/, localPort=40784], acknowledgeMode=AUTO local queue size=0
2025-12-02T19:39:22.535-05:00 DEBUG 124510 --- [tenant-service] [org.springframework.amqp.rabbit.RabbitListenerEndpointContainer#0-1] o.s.a.r.listener.BlockingQueueConsumer   : Received message: (Body:'[B@58d333dd(byte[176])' MessageProperties [headers={__ContentTypeId__=java.lang.Object, __KeyTypeId__=java.lang.Object, __TypeId__=java.util.HashMap}, contentType=application/json, contentEncoding=UTF-8, contentLength=0, receivedDeliveryMode=PERSISTENT, priority=0, redelivered=true, receivedExchange=auth-exchange, receivedRoutingKey=auth.user.registered, deliveryTag=1638, consumerTag=amq.ctag-cAqrhI9n0NxPX1HhqC9Csg, consumerQueue=auth.user.registered.queue])
2025-12-02T19:39:22.535-05:00 DEBUG 124510 --- [tenant-service] [org.springframework.amqp.rabbit.RabbitListenerEndpointContainer#0-1] .a.r.l.a.MessagingMessageListenerAdapter : Processing [GenericMessage [payload={globalRole=USER, eventType=auth.user.registered, userId=83278a9a-ba74-469a-994e-effb51d8837e, email=prueba@correo.com, timestamp=2025-12-02T19:33:08.964523491}, headers={amqp_receivedDeliveryMode=PERSISTENT, amqp_receivedExchange=auth-exchange, amqp_deliveryTag=1638, amqp_consumerQueue=auth.user.registered.queue, amqp_redelivered=true, __ContentTypeId__=java.lang.Object, amqp_receivedRoutingKey=auth.user.registered, amqp_contentEncoding=UTF-8, __KeyTypeId__=java.lang.Object, amqp_retryCount=0, id=e801f8bd-0467-fac9-7301-f773cd5a08d0, amqp_consumerTag=amq.ctag-cAqrhI9n0NxPX1HhqC9Csg, amqp_lastInBatch=false, contentType=application/json, __TypeId__=java.util.HashMap, timestamp=1764722362535}]]
2025-12-02T19:39:22.535-05:00  INFO 124510 --- [tenant-service] [org.springframework.amqp.rabbit.RabbitListenerEndpointContainer#0-1] c.s.t.e.l.UserRegisteredListener         : Received auth.user.registered event: {globalRole=USER, eventType=auth.user.registered, userId=83278a9a-ba74-469a-994e-effb51d8837e, email=prueba@correo.com, timestamp=2025-12-02T19:33:08.964523491}
2025-12-02T19:39:22.535-05:00  INFO 124510 --- [tenant-service] [org.springframework.amqp.rabbit.RabbitListenerEndpointContainer#0-1] c.s.t.e.l.UserRegisteredListener         : Creating tenant for new user: prueba@correo.com (83278a9a-ba74-469a-994e-effb51d8837e)
2025-12-02T19:39:22.535-05:00  INFO 124510 --- [tenant-service] [org.springframework.amqp.rabbit.RabbitListenerEndpointContainer#0-1] c.s.t.service.impl.TenantServiceImpl     : Auto-creating tenant for new user: 83278a9a-ba74-469a-994e-effb51d8837e
2025-12-02T19:39:22.535-05:00 ERROR 124510 --- [tenant-service] [org.springframework.amqp.rabbit.RabbitListenerEndpointContainer#0-1] c.s.t.e.l.UserRegisteredListener         : Error processing auth.user.registered event: Range [0, 18) out of bounds for length 17

java.lang.StringIndexOutOfBoundsException: Range [0, 18) out of bounds for length 17
	at java.base/jdk.internal.util.Preconditions$1.apply(Preconditions.java:55) ~[na:na]
	at java.base/jdk.internal.util.Preconditions$1.apply(Preconditions.java:52) ~[na:na]
	at java.base/jdk.internal.util.Preconditions$4.apply(Preconditions.java:213) ~[na:na]
	at java.base/jdk.internal.util.Preconditions$4.apply(Preconditions.java:210) ~[na:na]
	at java.base/jdk.internal.util.Preconditions.outOfBounds(Preconditions.java:98) ~[na:na]
	at java.base/jdk.internal.util.Preconditions.outOfBoundsCheckFromToIndex(Preconditions.java:112) ~[na:na]
	at java.base/jdk.internal.util.Preconditions.checkFromToIndex(Preconditions.java:349) ~[na:na]
	at java.base/java.lang.String.checkBoundsBeginEnd(String.java:4865) ~[na:na]
	at java.base/java.lang.String.substring(String.java:2834) ~[na:na]
	at com.sentinel.tenant_service.service.impl.TenantServiceImpl.generateSlug(TenantServiceImpl.java:296) ~[classes/:na]
	at com.sentinel.tenant_service.service.impl.TenantServiceImpl.createTenantForUser(TenantServiceImpl.java:91) ~[classes/:na]
	at java.base/jdk.internal.reflect.DirectMethodHandleAccessor.invoke(DirectMethodHandleAccessor.java:103) ~[na:na]
	at java.base/java.lang.reflect.Method.invoke(Method.java:580) ~[na:na]
	at org.springframework.aop.support.AopUtils.invokeJoinpointUsingReflection(AopUtils.java:360) ~[spring-aop-6.2.14.jar:6.2.14]
	at org.springframework.aop.framework.ReflectiveMethodInvocation.invokeJoinpoint(ReflectiveMethodInvocation.java:196) ~[spring-aop-6.2.14.jar:6.2.14]
	at org.springframework.aop.framework.ReflectiveMethodInvocation.proceed(ReflectiveMethodInvocation.java:163) ~[spring-aop-6.2.14.jar:6.2.14]
	at org.springframework.transaction.interceptor.TransactionAspectSupport.invokeWithinTransaction(TransactionAspectSupport.java:380) ~[spring-tx-6.2.14.jar:6.2.14]
	at org.springframework.transaction.interceptor.TransactionInterceptor.invoke(TransactionInterceptor.java:119) ~[spring-tx-6.2.14.jar:6.2.14]
	at org.springframework.aop.framework.ReflectiveMethodInvocation.proceed(ReflectiveMethodInvocation.java:184) ~[spring-aop-6.2.14.jar:6.2.14]
	at org.springframework.aop.framework.CglibAopProxy$DynamicAdvisedInterceptor.intercept(CglibAopProxy.java:728) ~[spring-aop-6.2.14.jar:6.2.14]
	at com.sentinel.tenant_service.service.impl.TenantServiceImpl$$SpringCGLIB$$0.createTenantForUser(<generated>) ~[classes/:na]
	at com.sentinel.tenant_service.events.listeners.UserRegisteredListener.handleUserRegistered(UserRegisteredListener.java:52) ~[classes/:na]
	at java.base/jdk.internal.reflect.DirectMethodHandleAccessor.invoke(DirectMethodHandleAccessor.java:103) ~[na:na]
	at java.base/java.lang.reflect.Method.invoke(Method.java:580) ~[na:na]
	at org.springframework.messaging.handler.invocation.InvocableHandlerMethod.doInvoke(InvocableHandlerMethod.java:169) ~[spring-messaging-6.2.14.jar:6.2.14]
	at org.springframework.amqp.rabbit.listener.adapter.KotlinAwareInvocableHandlerMethod.doInvoke(KotlinAwareInvocableHandlerMethod.java:45) ~[spring-rabbit-3.2.8.jar:3.2.8]
	at org.springframework.messaging.handler.invocation.InvocableHandlerMethod.invoke(InvocableHandlerMethod.java:119) ~[spring-messaging-6.2.14.jar:6.2.14]
	at org.springframework.amqp.rabbit.listener.adapter.HandlerAdapter.invoke(HandlerAdapter.java:80) ~[spring-rabbit-3.2.8.jar:3.2.8]
	at org.springframework.amqp.rabbit.listener.adapter.MessagingMessageListenerAdapter.invokeHandler(MessagingMessageListenerAdapter.java:274) ~[spring-rabbit-3.2.8.jar:3.2.8]
	at org.springframework.amqp.rabbit.listener.adapter.MessagingMessageListenerAdapter.invokeHandlerAndProcessResult(MessagingMessageListenerAdapter.java:221) ~[spring-rabbit-3.2.8.jar:3.2.8]
	at org.springframework.amqp.rabbit.listener.adapter.MessagingMessageListenerAdapter.onMessage(MessagingMessageListenerAdapter.java:148) ~[spring-rabbit-3.2.8.jar:3.2.8]
	at org.springframework.amqp.rabbit.listener.AbstractMessageListenerContainer.doInvokeListener(AbstractMessageListenerContainer.java:1694) ~[spring-rabbit-3.2.8.jar:3.2.8]
	at org.springframework.amqp.rabbit.listener.AbstractMessageListenerContainer.actualInvokeListener(AbstractMessageListenerContainer.java:1616) ~[spring-rabbit-3.2.8.jar:3.2.8]
	at org.springframework.amqp.rabbit.listener.AbstractMessageListenerContainer.invokeListener(AbstractMessageListenerContainer.java:1604) ~[spring-rabbit-3.2.8.jar:3.2.8]
	at org.springframework.amqp.rabbit.listener.AbstractMessageListenerContainer.doExecuteListener(AbstractMessageListenerContainer.java:1595) ~[spring-rabbit-3.2.8.jar:3.2.8]
	at org.springframework.amqp.rabbit.listener.AbstractMessageListenerContainer.executeListenerAndHandleException(AbstractMessageListenerContainer.java:1540) ~[spring-rabbit-3.2.8.jar:3.2.8]
	at org.springframework.amqp.rabbit.listener.AbstractMessageListenerContainer.executeListener(AbstractMessageListenerContainer.java:1521) ~[spring-rabbit-3.2.8.jar:3.2.8]
	at org.springframework.amqp.rabbit.listener.SimpleMessageListenerContainer.doReceiveAndExecute(SimpleMessageListenerContainer.java:1091) ~[spring-rabbit-3.2.8.jar:3.2.8]
	at org.springframework.amqp.rabbit.listener.SimpleMessageListenerContainer.receiveAndExecute(SimpleMessageListenerContainer.java:1027) ~[spring-rabbit-3.2.8.jar:3.2.8]
	at org.springframework.amqp.rabbit.listener.SimpleMessageListenerContainer$AsyncMessageProcessingConsumer.mainLoop(SimpleMessageListenerContainer.java:1431) ~[spring-rabbit-3.2.8.jar:3.2.8]
	at org.springframework.amqp.rabbit.listener.SimpleMessageListenerContainer$AsyncMessageProcessingConsumer.run(SimpleMessageListenerContainer.java:1331) ~[spring-rabbit-3.2.8.jar:3.2.8]
	at java.base/java.lang.Thread.run(Thread.java:1583) ~[na:na]

2025-12-02T19:39:22.556-05:00  WARN 124510 --- [tenant-service] [org.springframework.amqp.rabbit.RabbitListenerEndpointContainer#0-1] s.a.r.l.ConditionalRejectingErrorHandler : Execution of Rabbit message listener failed.

org.springframework.amqp.rabbit.support.ListenerExecutionFailedException: Listener method 'public void com.sentinel.tenant_service.events.listeners.UserRegisteredListener.handleUserRegistered(java.util.Map<java.lang.String, java.lang.Object>)' threw exception
	at org.springframework.amqp.rabbit.listener.adapter.MessagingMessageListenerAdapter.invokeHandler(MessagingMessageListenerAdapter.java:283) ~[spring-rabbit-3.2.8.jar:3.2.8]
	at org.springframework.amqp.rabbit.listener.adapter.MessagingMessageListenerAdapter.invokeHandlerAndProcessResult(MessagingMessageListenerAdapter.java:221) ~[spring-rabbit-3.2.8.jar:3.2.8]
	at org.springframework.amqp.rabbit.listener.adapter.MessagingMessageListenerAdapter.onMessage(MessagingMessageListenerAdapter.java:148) ~[spring-rabbit-3.2.8.jar:3.2.8]
	at org.springframework.amqp.rabbit.listener.AbstractMessageListenerContainer.doInvokeListener(AbstractMessageListenerContainer.java:1694) ~[spring-rabbit-3.2.8.jar:3.2.8]
	at org.springframework.amqp.rabbit.listener.AbstractMessageListenerContainer.actualInvokeListener(AbstractMessageListenerContainer.java:1616) ~[spring-rabbit-3.2.8.jar:3.2.8]
	at org.springframework.amqp.rabbit.listener.AbstractMessageListenerContainer.invokeListener(AbstractMessageListenerContainer.java:1604) ~[spring-rabbit-3.2.8.jar:3.2.8]
	at org.springframework.amqp.rabbit.listener.AbstractMessageListenerContainer.doExecuteListener(AbstractMessageListenerContainer.java:1595) ~[spring-rabbit-3.2.8.jar:3.2.8]
	at org.springframework.amqp.rabbit.listener.AbstractMessageListenerContainer.executeListenerAndHandleException(AbstractMessageListenerContainer.java:1540) ~[spring-rabbit-3.2.8.jar:3.2.8]
	at org.springframework.amqp.rabbit.listener.AbstractMessageListenerContainer.executeListener(AbstractMessageListenerContainer.java:1521) ~[spring-rabbit-3.2.8.jar:3.2.8]
	at org.springframework.amqp.rabbit.listener.SimpleMessageListenerContainer.doReceiveAndExecute(SimpleMessageListenerContainer.java:1091) ~[spring-rabbit-3.2.8.jar:3.2.8]
	at org.springframework.amqp.rabbit.listener.SimpleMessageListenerContainer.receiveAndExecute(SimpleMessageListenerContainer.java:1027) ~[spring-rabbit-3.2.8.jar:3.2.8]
	at org.springframework.amqp.rabbit.listener.SimpleMessageListenerContainer$AsyncMessageProcessingConsumer.mainLoop(SimpleMessageListenerContainer.java:1431) ~[spring-rabbit-3.2.8.jar:3.2.8]
	at org.springframework.amqp.rabbit.listener.SimpleMessageListenerContainer$AsyncMessageProcessingConsumer.run(SimpleMessageListenerContainer.java:1331) ~[spring-rabbit-3.2.8.jar:3.2.8]
	at java.base/java.lang.Thread.run(Thread.java:1583) ~[na:na]
Caused by: java.lang.StringIndexOutOfBoundsException: Range [0, 18) out of bounds for length 17
	at java.base/jdk.internal.util.Preconditions$1.apply(Preconditions.java:55) ~[na:na]
	at java.base/jdk.internal.util.Preconditions$1.apply(Preconditions.java:52) ~[na:na]
	at java.base/jdk.internal.util.Preconditions$4.apply(Preconditions.java:213) ~[na:na]
	at java.base/jdk.internal.util.Preconditions$4.apply(Preconditions.java:210) ~[na:na]
	at java.base/jdk.internal.util.Preconditions.outOfBounds(Preconditions.java:98) ~[na:na]
	at java.base/jdk.internal.util.Preconditions.outOfBoundsCheckFromToIndex(Preconditions.java:112) ~[na:na]
	at java.base/jdk.internal.util.Preconditions.checkFromToIndex(Preconditions.java:349) ~[na:na]
	at java.base/java.lang.String.checkBoundsBeginEnd(String.java:4865) ~[na:na]
	at java.base/java.lang.String.substring(String.java:2834) ~[na:na]
	at com.sentinel.tenant_service.service.impl.TenantServiceImpl.generateSlug(TenantServiceImpl.java:296) ~[classes/:na]
	at com.sentinel.tenant_service.service.impl.TenantServiceImpl.createTenantForUser(TenantServiceImpl.java:91) ~[classes/:na]
	at java.base/jdk.internal.reflect.DirectMethodHandleAccessor.invoke(DirectMethodHandleAccessor.java:103) ~[na:na]
	at java.base/java.lang.reflect.Method.invoke(Method.java:580) ~[na:na]
	at org.springframework.aop.support.AopUtils.invokeJoinpointUsingReflection(AopUtils.java:360) ~[spring-aop-6.2.14.jar:6.2.14]
	at org.springframework.aop.framework.ReflectiveMethodInvocation.invokeJoinpoint(ReflectiveMethodInvocation.java:196) ~[spring-aop-6.2.14.jar:6.2.14]
	at org.springframework.aop.framework.ReflectiveMethodInvocation.proceed(ReflectiveMethodInvocation.java:163) ~[spring-aop-6.2.14.jar:6.2.14]
	at org.springframework.transaction.interceptor.TransactionAspectSupport.invokeWithinTransaction(TransactionAspectSupport.java:380) ~[spring-tx-6.2.14.jar:6.2.14]
	at org.springframework.transaction.interceptor.TransactionInterceptor.invoke(TransactionInterceptor.java:119) ~[spring-tx-6.2.14.jar:6.2.14]
	at org.springframework.aop.framework.ReflectiveMethodInvocation.proceed(ReflectiveMethodInvocation.java:184) ~[spring-aop-6.2.14.jar:6.2.14]
	at org.springframework.aop.framework.CglibAopProxy$DynamicAdvisedInterceptor.intercept(CglibAopProxy.java:728) ~[spring-aop-6.2.14.jar:6.2.14]
	at com.sentinel.tenant_service.service.impl.TenantServiceImpl$$SpringCGLIB$$0.createTenantForUser(<generated>) ~[classes/:na]
	at com.sentinel.tenant_service.events.listeners.UserRegisteredListener.handleUserRegistered(UserRegisteredListener.java:52) ~[classes/:na]
	at java.base/jdk.internal.reflect.DirectMethodHandleAccessor.invoke(DirectMethodHandleAccessor.java:103) ~[na:na]
	at java.base/java.lang.reflect.Method.invoke(Method.java:580) ~[na:na]
	at org.springframework.messaging.handler.invocation.InvocableHandlerMethod.doInvoke(InvocableHandlerMethod.java:169) ~[spring-messaging-6.2.14.jar:6.2.14]
	at org.springframework.amqp.rabbit.listener.adapter.KotlinAwareInvocableHandlerMethod.doInvoke(KotlinAwareInvocableHandlerMethod.java:45) ~[spring-rabbit-3.2.8.jar:3.2.8]
	at org.springframework.messaging.handler.invocation.InvocableHandlerMethod.invoke(InvocableHandlerMethod.java:119) ~[spring-messaging-6.2.14.jar:6.2.14]
	at org.springframework.amqp.rabbit.listener.adapter.HandlerAdapter.invoke(HandlerAdapter.java:80) ~[spring-rabbit-3.2.8.jar:3.2.8]
	at org.springframework.amqp.rabbit.listener.adapter.MessagingMessageListenerAdapter.invokeHandler(MessagingMessageListenerAdapter.java:274) ~[spring-rabbit-3.2.8.jar:3.2.8]
	... 13 common frames omitted

2025-12-02T19:39:22.557-05:00 DEBUG 124510 --- [tenant-service] [org.springframework.amqp.rabbit.RabbitListenerEndpointContainer#0-1] o.s.a.r.listener.BlockingQueueConsumer   : Rejecting messages (requeue=true)
2025-12-02T19:39:22.557-05:00 DEBUG 124510 --- [tenant-service] [pool-2-thread-9] o.s.a.r.listener.BlockingQueueConsumer   : Storing delivery for consumerTag: 'amq.ctag-cAqrhI9n0NxPX1HhqC9Csg' with deliveryTag: '1639' in Consumer@2baf9cd4: tags=[[amq.ctag-cAqrhI9n0NxPX1HhqC9Csg]], channel=Cached Rabbit Channel: AMQChannel(amqp://guest@127.0.0.1:5672/,1), conn: Proxy@ae449e7 Shared Rabbit Connection: SimpleConnection@15beb40b [delegate=amqp://guest@127.0.0.1:5672/, localPort=40784], acknowledgeMode=AUTO local queue size=0
2025-12-02T19:39:22.557-05:00 DEBUG 124510 --- [tenant-service] [org.springframework.amqp.rabbit.RabbitListenerEndpointContainer#0-1] o.s.a.r.listener.BlockingQueueConsumer   : Received message: (Body:'[B@270af15b(byte[176])' MessageProperties [headers={__ContentTypeId__=java.lang.Object, __KeyTypeId__=java.lang.Object, __TypeId__=java.util.HashMap}, contentType=application/json, contentEncoding=UTF-8, contentLength=0, receivedDeliveryMode=PERSISTENT, priority=0, redelivered=true, receivedExchange=auth-exchange, receivedRoutingKey=auth.user.registered, deliveryTag=1639, consumerTag=amq.ctag-cAqrhI9n0NxPX1HhqC9Csg, consumerQueue=auth.user.registered.queue])
2025-12-02T19:39:22.557-05:00 DEBUG 124510 --- [tenant-service] [org.springframework.amqp.rabbit.RabbitListenerEndpointContainer#0-1] .a.r.l.a.MessagingMessageListenerAdapter : Processing [GenericMessage [payload={globalRole=USER, eventType=auth.user.registered, userId=83278a9a-ba74-469a-994e-effb51d8837e, email=prueba@correo.com, timestamp=2025-12-02T19:33:08.964523491}, headers={amqp_receivedDeliveryMode=PERSISTENT, amqp_receivedExchange=auth-exchange, amqp_deliveryTag=1639, amqp_consumerQueue=auth.user.registered.queue, amqp_redelivered=true, __ContentTypeId__=java.lang.Object, amqp_receivedRoutingKey=auth.user.registered, amqp_contentEncoding=UTF-8, __KeyTypeId__=java.lang.Object, amqp_retryCount=0, id=736bbe95-38f3-0c87-4632-bebf9d4ba299, amqp_consumerTag=amq.ctag-cAqrhI9n0NxPX1HhqC9Csg, amqp_lastInBatch=false, contentType=application/json, __TypeId__=java.util.HashMap, timestamp=1764722362557}]]
2025-12-02T19:39:22.557-05:00  INFO 124510 --- [tenant-service] [org.springframework.amqp.rabbit.RabbitListenerEndpointContainer#0-1] c.s.t.e.l.UserRegisteredListener         : Received auth.user.registered event: {globalRole=USER, eventType=auth.user.registered, userId=83278a9a-ba74-469a-994e-effb51d8837e, email=prueba@correo.com, timestamp=2025-12-02T19:33:08.964523491}
2025-12-02T19:39:22.557-05:00  INFO 124510 --- [tenant-service] [org.springframework.amqp.rabbit.RabbitListenerEndpointContainer#0-1] c.s.t.e.l.UserRegisteredListener         : Creating tenant for new user: prueba@correo.com (83278a9a-ba74-469a-994e-effb51d8837e)
2025-12-02T19:39:22.557-05:00  INFO 124510 --- [tenant-service] [org.springframework.amqp.rabbit.RabbitListenerEndpointContainer#0-1] c.s.t.service.impl.TenantServiceImpl     : Auto-creating tenant for new user: 83278a9a-ba74-469a-994e-effb51d8837e
2025-12-02T19:39:22.557-05:00 ERROR 124510 --- [tenant-service] [org.springframework.amqp.rabbit.RabbitListenerEndpointContainer#0-1] c.s.t.e.l.UserRegisteredListener         : Error processing auth.user.registered event: Range [0, 18) out of bounds for length 17

java.lang.StringIndexOutOfBoundsException: Range [0, 18) out of bounds for length 17
	at java.base/jdk.internal.util.Preconditions$1.apply(Preconditions.java:55) ~[na:na]
	at java.base/jdk.internal.util.Preconditions$1.apply(Preconditions.java:52) ~[na:na]
	at java.base/jdk.internal.util.Preconditions$4.apply(Preconditions.java:213) ~[na:na]
	at java.base/jdk.internal.util.Preconditions$4.apply(Preconditions.java:210) ~[na:na]
	at java.base/jdk.internal.util.Preconditions.outOfBounds(Preconditions.java:98) ~[na:na]
	at java.base/jdk.internal.util.Preconditions.outOfBoundsCheckFromToIndex(Preconditions.java:112) ~[na:na]
	at java.base/jdk.internal.util.Preconditions.checkFromToIndex(Preconditions.java:349) ~[na:na]
	at java.base/java.lang.String.checkBoundsBeginEnd(String.java:4865) ~[na:na]
	at java.base/java.lang.String.substring(String.java:2834) ~[na:na]
	at com.sentinel.tenant_service.service.impl.TenantServiceImpl.generateSlug(TenantServiceImpl.java:296) ~[classes/:na]
	at com.sentinel.tenant_service.service.impl.TenantServiceImpl.createTenantForUser(TenantServiceImpl.java:91) ~[classes/:na]
	at java.base/jdk.internal.reflect.DirectMethodHandleAccessor.invoke(DirectMethodHandleAccessor.java:103) ~[na:na]
	at java.base/java.lang.reflect.Method.invoke(Method.java:580) ~[na:na]
	at org.springframework.aop.support.AopUtils.invokeJoinpointUsingReflection(AopUtils.java:360) ~[spring-aop-6.2.14.jar:6.2.14]
	at org.springframework.aop.framework.ReflectiveMethodInvocation.invokeJoinpoint(ReflectiveMethodInvocation.java:196) ~[spring-aop-6.2.14.jar:6.2.14]
	at org.springframework.aop.framework.ReflectiveMethodInvocation.proceed(ReflectiveMethodInvocation.java:163) ~[spring-aop-6.2.14.jar:6.2.14]
	at org.springframework.transaction.interceptor.TransactionAspectSupport.invokeWithinTransaction(TransactionAspectSupport.java:380) ~[spring-tx-6.2.14.jar:6.2.14]
	at org.springframework.transaction.interceptor.TransactionInterceptor.invoke(TransactionInterceptor.java:119) ~[spring-tx-6.2.14.jar:6.2.14]
	at org.springframework.aop.framework.ReflectiveMethodInvocation.proceed(ReflectiveMethodInvocation.java:184) ~[spring-aop-6.2.14.jar:6.2.14]
	at org.springframework.aop.framework.CglibAopProxy$DynamicAdvisedInterceptor.intercept(CglibAopProxy.java:728) ~[spring-aop-6.2.14.jar:6.2.14]
	at com.sentinel.tenant_service.service.impl.TenantServiceImpl$$SpringCGLIB$$0.createTenantForUser(<generated>) ~[classes/:na]
	at com.sentinel.tenant_service.events.listeners.UserRegisteredListener.handleUserRegistered(UserRegisteredListener.java:52) ~[classes/:na]
	at java.base/jdk.internal.reflect.DirectMethodHandleAccessor.invoke(DirectMethodHandleAccessor.java:103) ~[na:na]
	at java.base/java.lang.reflect.Method.invoke(Method.java:580) ~[na:na]
	at org.springframework.messaging.handler.invocation.InvocableHandlerMethod.doInvoke(InvocableHandlerMethod.java:169) ~[spring-messaging-6.2.14.jar:6.2.14]
	at org.springframework.amqp.rabbit.listener.adapter.KotlinAwareInvocableHandlerMethod.doInvoke(KotlinAwareInvocableHandlerMethod.java:45) ~[spring-rabbit-3.2.8.jar:3.2.8]
	at org.springframework.messaging.handler.invocation.InvocableHandlerMethod.invoke(InvocableHandlerMethod.java:119) ~[spring-messaging-6.2.14.jar:6.2.14]
	at org.springframework.amqp.rabbit.listener.adapter.HandlerAdapter.invoke(HandlerAdapter.java:80) ~[spring-rabbit-3.2.8.jar:3.2.8]
	at org.springframework.amqp.rabbit.listener.adapter.MessagingMessageListenerAdapter.invokeHandler(MessagingMessageListenerAdapter.java:274) ~[spring-rabbit-3.2.8.jar:3.2.8]
	at org.springframework.amqp.rabbit.listener.adapter.MessagingMessageListenerAdapter.invokeHandlerAndProcessResult(MessagingMessageListenerAdapter.java:221) ~[spring-rabbit-3.2.8.jar:3.2.8]
	at org.springframework.amqp.rabbit.listener.adapter.MessagingMessageListenerAdapter.onMessage(MessagingMessageListenerAdapter.java:148) ~[spring-rabbit-3.2.8.jar:3.2.8]
	at org.springframework.amqp.rabbit.listener.AbstractMessageListenerContainer.doInvokeListener(AbstractMessageListenerContainer.java:1694) ~[spring-rabbit-3.2.8.jar:3.2.8]
	at org.springframework.amqp.rabbit.listener.AbstractMessageListenerContainer.actualInvokeListener(AbstractMessageListenerContainer.java:1616) ~[spring-rabbit-3.2.8.jar:3.2.8]
	at org.springframework.amqp.rabbit.listener.AbstractMessageListenerContainer.invokeListener(AbstractMessageListenerContainer.java:1604) ~[spring-rabbit-3.2.8.jar:3.2.8]
	at org.springframework.amqp.rabbit.listener.AbstractMessageListenerContainer.doExecuteListener(AbstractMessageListenerContainer.java:1595) ~[spring-rabbit-3.2.8.jar:3.2.8]
	at org.springframework.amqp.rabbit.listener.AbstractMessageListenerContainer.executeListenerAndHandleException(AbstractMessageListenerContainer.java:1540) ~[spring-rabbit-3.2.8.jar:3.2.8]
	at org.springframework.amqp.rabbit.listener.AbstractMessageListenerContainer.executeListener(AbstractMessageListenerContainer.java:1521) ~[spring-rabbit-3.2.8.jar:3.2.8]
	at org.springframework.amqp.rabbit.listener.SimpleMessageListenerContainer.doReceiveAndExecute(SimpleMessageListenerContainer.java:1091) ~[spring-rabbit-3.2.8.jar:3.2.8]
	at org.springframework.amqp.rabbit.listener.SimpleMessageListenerContainer.receiveAndExecute(SimpleMessageListenerContainer.java:1027) ~[spring-rabbit-3.2.8.jar:3.2.8]
	at org.springframework.amqp.rabbit.listener.SimpleMessageListenerContainer$AsyncMessageProcessingConsumer.mainLoop(SimpleMessageListenerContainer.java:1431) ~[spring-rabbit-3.2.8.jar:3.2.8]
	at org.springframework.amqp.rabbit.listener.SimpleMessageListenerContainer$AsyncMessageProcessingConsumer.run(SimpleMessageListenerContainer.java:1331) ~[spring-rabbit-3.2.8.jar:3.2.8]
	at java.base/java.lang.Thread.run(Thread.java:1583) ~[na:na]

2025-12-02T19:39:22.558-05:00  WARN 124510 --- [tenant-service] [org.springframework.amqp.rabbit.RabbitListenerEndpointContainer#0-1] s.a.r.l.ConditionalRejectingErrorHandler : Execution of Rabbit message listener failed.

org.springframework.amqp.rabbit.support.ListenerExecutionFailedException: Listener method 'public void com.sentinel.tenant_service.events.listeners.UserRegisteredListener.handleUserRegistered(java.util.Map<java.lang.String, java.lang.Object>)' threw exception
	at org.springframework.amqp.rabbit.listener.adapter.MessagingMessageListenerAdapter.invokeHandler(MessagingMessageListenerAdapter.java:283) ~[spring-rabbit-3.2.8.jar:3.2.8]
	at org.springframework.amqp.rabbit.listener.adapter.MessagingMessageListenerAdapter.invokeHandlerAndProcessResult(MessagingMessageListenerAdapter.java:221) ~[spring-rabbit-3.2.8.jar:3.2.8]
	at org.springframework.amqp.rabbit.listener.adapter.MessagingMessageListenerAdapter.onMessage(MessagingMessageListenerAdapter.java:148) ~[spring-rabbit-3.2.8.jar:3.2.8]
	at org.springframework.amqp.rabbit.listener.AbstractMessageListenerContainer.doInvokeListener(AbstractMessageListenerContainer.java:1694) ~[spring-rabbit-3.2.8.jar:3.2.8]
	at org.springframework.amqp.rabbit.listener.AbstractMessageListenerContainer.actualInvokeListener(AbstractMessageListenerContainer.java:1616) ~[spring-rabbit-3.2.8.jar:3.2.8]
	at org.springframework.amqp.rabbit.listener.AbstractMessageListenerContainer.invokeListener(AbstractMessageListenerContainer.java:1604) ~[spring-rabbit-3.2.8.jar:3.2.8]
	at org.springframework.amqp.rabbit.listener.AbstractMessageListenerContainer.doExecuteListener(AbstractMessageListenerContainer.java:1595) ~[spring-rabbit-3.2.8.jar:3.2.8]
	at org.springframework.amqp.rabbit.listener.AbstractMessageListenerContainer.executeListenerAndHandleException(AbstractMessageListenerContainer.java:1540) ~[spring-rabbit-3.2.8.jar:3.2.8]
	at org.springframework.amqp.rabbit.listener.AbstractMessageListenerContainer.executeListener(AbstractMessageListenerContainer.java:1521) ~[spring-rabbit-3.2.8.jar:3.2.8]
	at org.springframework.amqp.rabbit.listener.SimpleMessageListenerContainer.doReceiveAndExecute(SimpleMessageListenerContainer.java:1091) ~[spring-rabbit-3.2.8.jar:3.2.8]
	at org.springframework.amqp.rabbit.listener.SimpleMessageListenerContainer.receiveAndExecute(SimpleMessageListenerContainer.java:1027) ~[spring-rabbit-3.2.8.jar:3.2.8]
	at org.springframework.amqp.rabbit.listener.SimpleMessageListenerContainer$AsyncMessageProcessingConsumer.mainLoop(SimpleMessageListenerContainer.java:1431) ~[spring-rabbit-3.2.8.jar:3.2.8]
	at org.springframework.amqp.rabbit.listener.SimpleMessageListenerContainer$AsyncMessageProcessingConsumer.run(SimpleMessageListenerContainer.java:1331) ~[spring-rabbit-3.2.8.jar:3.2.8]
	at java.base/java.lang.Thread.run(Thread.java:1583) ~[na:na]
Caused by: java.lang.StringIndexOutOfBoundsException: Range [0, 18) out of bounds for length 17
	at java.base/jdk.internal.util.Preconditions$1.apply(Preconditions.java:55) ~[na:na]
	at java.base/jdk.internal.util.Preconditions$1.apply(Preconditions.java:52) ~[na:na]
	at java.base/jdk.internal.util.Preconditions$4.apply(Preconditions.java:213) ~[na:na]
	at java.base/jdk.internal.util.Preconditions$4.apply(Preconditions.java:210) ~[na:na]
	at java.base/jdk.internal.util.Preconditions.outOfBounds(Preconditions.java:98) ~[na:na]
	at java.base/jdk.internal.util.Preconditions.outOfBoundsCheckFromToIndex(Preconditions.java:112) ~[na:na]
	at java.base/jdk.internal.util.Preconditions.checkFromToIndex(Preconditions.java:349) ~[na:na]
	at java.base/java.lang.String.checkBoundsBeginEnd(String.java:4865) ~[na:na]
	at java.base/java.lang.String.substring(String.java:2834) ~[na:na]
	at com.sentinel.tenant_service.service.impl.TenantServiceImpl.generateSlug(TenantServiceImpl.java:296) ~[classes/:na]
	at com.sentinel.tenant_service.service.impl.TenantServiceImpl.createTenantForUser(TenantServiceImpl.java:91) ~[classes/:na]
	at java.base/jdk.internal.reflect.DirectMethodHandleAccessor.invoke(DirectMethodHandleAccessor.java:103) ~[na:na]
	at java.base/java.lang.reflect.Method.invoke(Method.java:580) ~[na:na]
	at org.springframework.aop.support.AopUtils.invokeJoinpointUsingReflection(AopUtils.java:360) ~[spring-aop-6.2.14.jar:6.2.14]
	at org.springframework.aop.framework.ReflectiveMethodInvocation.invokeJoinpoint(ReflectiveMethodInvocation.java:196) ~[spring-aop-6.2.14.jar:6.2.14]
	at org.springframework.aop.framework.ReflectiveMethodInvocation.proceed(ReflectiveMethodInvocation.java:163) ~[spring-aop-6.2.14.jar:6.2.14]
	at org.springframework.transaction.interceptor.TransactionAspectSupport.invokeWithinTransaction(TransactionAspectSupport.java:380) ~[spring-tx-6.2.14.jar:6.2.14]
	at org.springframework.transaction.interceptor.TransactionInterceptor.invoke(TransactionInterceptor.java:119) ~[spring-tx-6.2.14.jar:6.2.14]
	at org.springframework.aop.framework.ReflectiveMethodInvocation.proceed(ReflectiveMethodInvocation.java:184) ~[spring-aop-6.2.14.jar:6.2.14]
	at org.springframework.aop.framework.CglibAopProxy$DynamicAdvisedInterceptor.intercept(CglibAopProxy.java:728) ~[spring-aop-6.2.14.jar:6.2.14]
	at com.sentinel.tenant_service.service.impl.TenantServiceImpl$$SpringCGLIB$$0.createTenantForUser(<generated>) ~[classes/:na]
	at com.sentinel.tenant_service.events.listeners.UserRegisteredListener.handleUserRegistered(UserRegisteredListener.java:52) ~[classes/:na]
	at java.base/jdk.internal.reflect.DirectMethodHandleAccessor.invoke(DirectMethodHandleAccessor.java:103) ~[na:na]
	at java.base/java.lang.reflect.Method.invoke(Method.java:580) ~[na:na]
	at org.springframework.messaging.handler.invocation.InvocableHandlerMethod.doInvoke(InvocableHandlerMethod.java:169) ~[spring-messaging-6.2.14.jar:6.2.14]
	at org.springframework.amqp.rabbit.listener.adapter.KotlinAwareInvocableHandlerMethod.doInvoke(KotlinAwareInvocableHandlerMethod.java:45) ~[spring-rabbit-3.2.8.jar:3.2.8]
	at org.springframework.messaging.handler.invocation.InvocableHandlerMethod.invoke(InvocableHandlerMethod.java:119) ~[spring-messaging-6.2.14.jar:6.2.14]
	at org.springframework.amqp.rabbit.listener.adapter.HandlerAdapter.invoke(HandlerAdapter.java:80) ~[spring-rabbit-3.2.8.jar:3.2.8]
	at org.springframework.amqp.rabbit.listener.adapter.MessagingMessageListenerAdapter.invokeHandler(MessagingMessageListenerAdapter.java:274) ~[spring-rabbit-3.2.8.jar:3.2.8]
	... 13 common frames omitted

2025-12-02T19:39:22.558-05:00 DEBUG 124510 --- [tenant-service] [org.springframework.amqp.rabbit.RabbitListenerEndpointContainer#0-1] o.s.a.r.listener.BlockingQueueConsumer   : Rejecting messages (requeue=true)
2025-12-02T19:39:22.558-05:00 DEBUG 124510 --- [tenant-service] [pool-2-thread-10] o.s.a.r.listener.BlockingQueueConsumer   : Storing delivery for consumerTag: 'amq.ctag-cAqrhI9n0NxPX1HhqC9Csg' with deliveryTag: '1640' in Consumer@2baf9cd4: tags=[[amq.ctag-cAqrhI9n0NxPX1HhqC9Csg]], channel=Cached Rabbit Channel: AMQChannel(amqp://guest@127.0.0.1:5672/,1), conn: Proxy@ae449e7 Shared Rabbit Connection: SimpleConnection@15beb40b [delegate=amqp://guest@127.0.0.1:5672/, localPort=40784], acknowledgeMode=AUTO local queue size=0
2025-12-02T19:39:22.558-05:00 DEBUG 124510 --- [tenant-service] [org.springframework.amqp.rabbit.RabbitListenerEndpointContainer#0-1] o.s.a.r.listener.BlockingQueueConsumer   : Received message: (Body:'[B@51c8717d(byte[176])' MessageProperties [headers={__ContentTypeId__=java.lang.Object, __KeyTypeId__=java.lang.Object, __TypeId__=java.util.HashMap}, contentType=application/json, contentEncoding=UTF-8, contentLength=0, receivedDeliveryMode=PERSISTENT, priority=0, redelivered=true, receivedExchange=auth-exchange, receivedRoutingKey=auth.user.registered, deliveryTag=1640, consumerTag=amq.ctag-cAqrhI9n0NxPX1HhqC9Csg, consumerQueue=auth.user.registered.queue])
2025-12-02T19:39:22.558-05:00 DEBUG 124510 --- [tenant-service] [org.springframework.amqp.rabbit.RabbitListenerEndpointContainer#0-1] .a.r.l.a.MessagingMessageListenerAdapter : Processing [GenericMessage [payload={globalRole=USER, eventType=auth.user.registered, userId=83278a9a-ba74-469a-994e-effb51d8837e, email=prueba@correo.com, timestamp=2025-12-02T19:33:08.964523491}, headers={amqp_receivedDeliveryMode=PERSISTENT, amqp_receivedExchange=auth-exchange, amqp_deliveryTag=1640, amqp_consumerQueue=auth.user.registered.queue, amqp_redelivered=true, __ContentTypeId__=java.lang.Object, amqp_receivedRoutingKey=auth.user.registered, amqp_contentEncoding=UTF-8, __KeyTypeId__=java.lang.Object, amqp_retryCount=0, id=622ed1e2-e853-00f4-2955-8819e60a4db1, amqp_consumerTag=amq.ctag-cAqrhI9n0NxPX1HhqC9Csg, amqp_lastInBatch=false, contentType=application/json, __TypeId__=java.util.HashMap, timestamp=1764722362558}]]
2025-12-02T19:39:22.558-05:00  INFO 124510 --- [tenant-service] [org.springframework.amqp.rabbit.RabbitListenerEndpointContainer#0-1] c.s.t.e.l.UserRegisteredListener         : Received auth.user.registered event: {globalRole=USER, eventType=auth.user.registered, userId=83278a9a-ba74-469a-994e-effb51d8837e, email=prueba@correo.com, timestamp=2025-12-02T19:33:08.964523491}
2025-12-02T19:39:22.558-05:00  INFO 124510 --- [tenant-service] [org.springframework.amqp.rabbit.RabbitListenerEndpointContainer#0-1] c.s.t.e.l.UserRegisteredListener         : Creating tenant for new user: prueba@correo.com (83278a9a-ba74-469a-994e-effb51d8837e)
2025-12-02T19:39:22.558-05:00  INFO 124510 --- [tenant-service] [org.springframework.amqp.rabbit.RabbitListenerEndpointContainer#0-1] c.s.t.service.impl.TenantServiceImpl     : Auto-creating tenant for new user: 83278a9a-ba74-469a-994e-effb51d8837e
2025-12-02T19:39:22.558-05:00 ERROR 124510 --- [tenant-service] [org.springframework.amqp.rabbit.RabbitListenerEndpointContainer#0-1] c.s.t.e.l.UserRegisteredListener         : Error processing auth.user.registered event: Range [0, 18) out of bounds for length 17

java.lang.StringIndexOutOfBoundsException: Range [0, 18) out of bounds for length 17
	at java.base/jdk.internal.util.Preconditions$1.apply(Preconditions.java:55) ~[na:na]
	at java.base/jdk.internal.util.Preconditions$1.apply(Preconditions.java:52) ~[na:na]
	at java.base/jdk.internal.util.Preconditions$4.apply(Preconditions.java:213) ~[na:na]
	at java.base/jdk.internal.util.Preconditions$4.apply(Preconditions.java:210) ~[na:na]
	at java.base/jdk.internal.util.Preconditions.outOfBounds(Preconditions.java:98) ~[na:na]
	at java.base/jdk.internal.util.Preconditions.outOfBoundsCheckFromToIndex(Preconditions.java:112) ~[na:na]
	at java.base/jdk.internal.util.Preconditions.checkFromToIndex(Preconditions.java:349) ~[na:na]
	at java.base/java.lang.String.checkBoundsBeginEnd(String.java:4865) ~[na:na]
	at java.base/java.lang.String.substring(String.java:2834) ~[na:na]
	at com.sentinel.tenant_service.service.impl.TenantServiceImpl.generateSlug(TenantServiceImpl.java:296) ~[classes/:na]
	at com.sentinel.tenant_service.service.impl.TenantServiceImpl.createTenantForUser(TenantServiceImpl.java:91) ~[classes/:na]
	at java.base/jdk.internal.reflect.DirectMethodHandleAccessor.invoke(DirectMethodHandleAccessor.java:103) ~[na:na]
	at java.base/java.lang.reflect.Method.invoke(Method.java:580) ~[na:na]
	at org.springframework.aop.support.AopUtils.invokeJoinpointUsingReflection(AopUtils.java:360) ~[spring-aop-6.2.14.jar:6.2.14]
	at org.springframework.aop.framework.ReflectiveMethodInvocation.invokeJoinpoint(ReflectiveMethodInvocation.java:196) ~[spring-aop-6.2.14.jar:6.2.14]
	at org.springframework.aop.framework.ReflectiveMethodInvocation.proceed(ReflectiveMethodInvocation.java:163) ~[spring-aop-6.2.14.jar:6.2.14]
	at org.springframework.transaction.interceptor.TransactionAspectSupport.invokeWithinTransaction(TransactionAspectSupport.java:380) ~[spring-tx-6.2.14.jar:6.2.14]
	at org.springframework.transaction.interceptor.TransactionInterceptor.invoke(TransactionInterceptor.java:119) ~[spring-tx-6.2.14.jar:6.2.14]
	at org.springframework.aop.framework.ReflectiveMethodInvocation.proceed(ReflectiveMethodInvocation.java:184) ~[spring-aop-6.2.14.jar:6.2.14]
	at org.springframework.aop.framework.CglibAopProxy$DynamicAdvisedInterceptor.intercept(CglibAopProxy.java:728) ~[spring-aop-6.2.14.jar:6.2.14]
	at com.sentinel.tenant_service.service.impl.TenantServiceImpl$$SpringCGLIB$$0.createTenantForUser(<generated>) ~[classes/:na]
	at com.sentinel.tenant_service.events.listeners.UserRegisteredListener.handleUserRegistered(UserRegisteredListener.java:52) ~[classes/:na]
	at java.base/jdk.internal.reflect.DirectMethodHandleAccessor.invoke(DirectMethodHandleAccessor.java:103) ~[na:na]
	at java.base/java.lang.reflect.Method.invoke(Method.java:580) ~[na:na]
	at org.springframework.messaging.handler.invocation.InvocableHandlerMethod.doInvoke(InvocableHandlerMethod.java:169) ~[spring-messaging-6.2.14.jar:6.2.14]
	at org.springframework.amqp.rabbit.listener.adapter.KotlinAwareInvocableHandlerMethod.doInvoke(KotlinAwareInvocableHandlerMethod.java:45) ~[spring-rabbit-3.2.8.jar:3.2.8]
	at org.springframework.messaging.handler.invocation.InvocableHandlerMethod.invoke(InvocableHandlerMethod.java:119) ~[spring-messaging-6.2.14.jar:6.2.14]
	at org.springframework.amqp.rabbit.listener.adapter.HandlerAdapter.invoke(HandlerAdapter.java:80) ~[spring-rabbit-3.2.8.jar:3.2.8]
	at org.springframework.amqp.rabbit.listener.adapter.MessagingMessageListenerAdapter.invokeHandler(MessagingMessageListenerAdapter.java:274) ~[spring-rabbit-3.2.8.jar:3.2.8]
	at org.springframework.amqp.rabbit.listener.adapter.MessagingMessageListenerAdapter.invokeHandlerAndProcessResult(MessagingMessageListenerAdapter.java:221) ~[spring-rabbit-3.2.8.jar:3.2.8]
	at org.springframework.amqp.rabbit.listener.adapter.MessagingMessageListenerAdapter.onMessage(MessagingMessageListenerAdapter.java:148) ~[spring-rabbit-3.2.8.jar:3.2.8]
	at org.springframework.amqp.rabbit.listener.AbstractMessageListenerContainer.doInvokeListener(AbstractMessageListenerContainer.java:1694) ~[spring-rabbit-3.2.8.jar:3.2.8]
	at org.springframework.amqp.rabbit.listener.AbstractMessageListenerContainer.actualInvokeListener(AbstractMessageListenerContainer.java:1616) ~[spring-rabbit-3.2.8.jar:3.2.8]
	at org.springframework.amqp.rabbit.listener.AbstractMessageListenerContainer.invokeListener(AbstractMessageListenerContainer.java:1604) ~[spring-rabbit-3.2.8.jar:3.2.8]
	at org.springframework.amqp.rabbit.listener.AbstractMessageListenerContainer.doExecuteListener(AbstractMessageListenerContainer.java:1595) ~[spring-rabbit-3.2.8.jar:3.2.8]
	at org.springframework.amqp.rabbit.listener.AbstractMessageListenerContainer.executeListenerAndHandleException(AbstractMessageListenerContainer.java:1540) ~[spring-rabbit-3.2.8.jar:3.2.8]
	at org.springframework.amqp.rabbit.listener.AbstractMessageListenerContainer.executeListener(AbstractMessageListenerContainer.java:1521) ~[spring-rabbit-3.2.8.jar:3.2.8]
	at org.springframework.amqp.rabbit.listener.SimpleMessageListenerContainer.doReceiveAndExecute(SimpleMessageListenerContainer.java:1091) ~[spring-rabbit-3.2.8.jar:3.2.8]
	at org.springframework.amqp.rabbit.listener.SimpleMessageListenerContainer.receiveAndExecute(SimpleMessageListenerContainer.java:1027) ~[spring-rabbit-3.2.8.jar:3.2.8]
	at org.springframework.amqp.rabbit.listener.SimpleMessageListenerContainer$AsyncMessageProcessingConsumer.mainLoop(SimpleMessageListenerContainer.java:1431) ~[spring-rabbit-3.2.8.jar:3.2.8]
	at org.springframework.amqp.rabbit.listener.SimpleMessageListenerContainer$AsyncMessageProcessingConsumer.run(SimpleMessageListenerContainer.java:1331) ~[spring-rabbit-3.2.8.jar:3.2.8]
	at java.base/java.lang.Thread.run(Thread.java:1583) ~[na:na]

2025-12-02T19:39:22.559-05:00  WARN 124510 --- [tenant-service] [org.springframework.amqp.rabbit.RabbitListenerEndpointContainer#0-1] s.a.r.l.ConditionalRejectingErrorHandler : Execution of Rabbit message listener failed.

org.springframework.amqp.rabbit.support.ListenerExecutionFailedException: Listener method 'public void com.sentinel.tenant_service.events.listeners.UserRegisteredListener.handleUserRegistered(java.util.Map<java.lang.String, java.lang.Object>)' threw exception
	at org.springframework.amqp.rabbit.listener.adapter.MessagingMessageListenerAdapter.invokeHandler(MessagingMessageListenerAdapter.java:283) ~[spring-rabbit-3.2.8.jar:3.2.8]
	at org.springframework.amqp.rabbit.listener.adapter.MessagingMessageListenerAdapter.invokeHandlerAndProcessResult(MessagingMessageListenerAdapter.java:221) ~[spring-rabbit-3.2.8.jar:3.2.8]
	at org.springframework.amqp.rabbit.listener.adapter.MessagingMessageListenerAdapter.onMessage(MessagingMessageListenerAdapter.java:148) ~[spring-rabbit-3.2.8.jar:3.2.8]
	at org.springframework.amqp.rabbit.listener.AbstractMessageListenerContainer.doInvokeListener(AbstractMessageListenerContainer.java:1694) ~[spring-rabbit-3.2.8.jar:3.2.8]
	at org.springframework.amqp.rabbit.listener.AbstractMessageListenerContainer.actualInvokeListener(AbstractMessageListenerContainer.java:1616) ~[spring-rabbit-3.2.8.jar:3.2.8]
	at org.springframework.amqp.rabbit.listener.AbstractMessageListenerContainer.invokeListener(AbstractMessageListenerContainer.java:1604) ~[spring-rabbit-3.2.8.jar:3.2.8]
	at org.springframework.amqp.rabbit.listener.AbstractMessageListenerContainer.doExecuteListener(AbstractMessageListenerContainer.java:1595) ~[spring-rabbit-3.2.8.jar:3.2.8]
	at org.springframework.amqp.rabbit.listener.AbstractMessageListenerContainer.executeListenerAndHandleException(AbstractMessageListenerContainer.java:1540) ~[spring-rabbit-3.2.8.jar:3.2.8]
	at org.springframework.amqp.rabbit.listener.AbstractMessageListenerContainer.executeListener(AbstractMessageListenerContainer.java:1521) ~[spring-rabbit-3.2.8.jar:3.2.8]
	at org.springframework.amqp.rabbit.listener.SimpleMessageListenerContainer.doReceiveAndExecute(SimpleMessageListenerContainer.java:1091) ~[spring-rabbit-3.2.8.jar:3.2.8]
	at org.springframework.amqp.rabbit.listener.SimpleMessageListenerContainer.receiveAndExecute(SimpleMessageListenerContainer.java:1027) ~[spring-rabbit-3.2.8.jar:3.2.8]
	at org.springframework.amqp.rabbit.listener.SimpleMessageListenerContainer$AsyncMessageProcessingConsumer.mainLoop(SimpleMessageListenerContainer.java:1431) ~[spring-rabbit-3.2.8.jar:3.2.8]
	at org.springframework.amqp.rabbit.listener.SimpleMessageListenerContainer$AsyncMessageProcessingConsumer.run(SimpleMessageListenerContainer.java:1331) ~[spring-rabbit-3.2.8.jar:3.2.8]
	at java.base/java.lang.Thread.run(Thread.java:1583) ~[na:na]
Caused by: java.lang.StringIndexOutOfBoundsException: Range [0, 18) out of bounds for length 17
	at java.base/jdk.internal.util.Preconditions$1.apply(Preconditions.java:55) ~[na:na]
	at java.base/jdk.internal.util.Preconditions$1.apply(Preconditions.java:52) ~[na:na]
	at java.base/jdk.internal.util.Preconditions$4.apply(Preconditions.java:213) ~[na:na]
	at java.base/jdk.internal.util.Preconditions$4.apply(Preconditions.java:210) ~[na:na]
	at java.base/jdk.internal.util.Preconditions.outOfBounds(Preconditions.java:98) ~[na:na]
	at java.base/jdk.internal.util.Preconditions.outOfBoundsCheckFromToIndex(Preconditions.java:112) ~[na:na]
	at java.base/jdk.internal.util.Preconditions.checkFromToIndex(Preconditions.java:349) ~[na:na]
	at java.base/java.lang.String.checkBoundsBeginEnd(String.java:4865) ~[na:na]
	at java.base/java.lang.String.substring(String.java:2834) ~[na:na]
	at com.sentinel.tenant_service.service.impl.TenantServiceImpl.generateSlug(TenantServiceImpl.java:296) ~[classes/:na]
	at com.sentinel.tenant_service.service.impl.TenantServiceImpl.createTenantForUser(TenantServiceImpl.java:91) ~[classes/:na]
	at java.base/jdk.internal.reflect.DirectMethodHandleAccessor.invoke(DirectMethodHandleAccessor.java:103) ~[na:na]
	at java.base/java.lang.reflect.Method.invoke(Method.java:580) ~[na:na]
	at org.springframework.aop.support.AopUtils.invokeJoinpointUsingReflection(AopUtils.java:360) ~[spring-aop-6.2.14.jar:6.2.14]
	at org.springframework.aop.framework.ReflectiveMethodInvocation.invokeJoinpoint(ReflectiveMethodInvocation.java:196) ~[spring-aop-6.2.14.jar:6.2.14]
	at org.springframework.aop.framework.ReflectiveMethodInvocation.proceed(ReflectiveMethodInvocation.java:163) ~[spring-aop-6.2.14.jar:6.2.14]
	at org.springframework.transaction.interceptor.TransactionAspectSupport.invokeWithinTransaction(TransactionAspectSupport.java:380) ~[spring-tx-6.2.14.jar:6.2.14]
	at org.springframework.transaction.interceptor.TransactionInterceptor.invoke(TransactionInterceptor.java:119) ~[spring-tx-6.2.14.jar:6.2.14]
	at org.springframework.aop.framework.ReflectiveMethodInvocation.proceed(ReflectiveMethodInvocation.java:184) ~[spring-aop-6.2.14.jar:6.2.14]
	at org.springframework.aop.framework.CglibAopProxy$DynamicAdvisedInterceptor.intercept(CglibAopProxy.java:728) ~[spring-aop-6.2.14.jar:6.2.14]
	at com.sentinel.tenant_service.service.impl.TenantServiceImpl$$SpringCGLIB$$0.createTenantForUser(<generated>) ~[classes/:na]
	at com.sentinel.tenant_service.events.listeners.UserRegisteredListener.handleUserRegistered(UserRegisteredListener.java:52) ~[classes/:na]
	at java.base/jdk.internal.reflect.DirectMethodHandleAccessor.invoke(DirectMethodHandleAccessor.java:103) ~[na:na]
	at java.base/java.lang.reflect.Method.invoke(Method.java:580) ~[na:na]
	at org.springframework.messaging.handler.invocation.InvocableHandlerMethod.doInvoke(InvocableHandlerMethod.java:169) ~[spring-messaging-6.2.14.jar:6.2.14]
	at org.springframework.amqp.rabbit.listener.adapter.KotlinAwareInvocableHandlerMethod.doInvoke(KotlinAwareInvocableHandlerMethod.java:45) ~[spring-rabbit-3.2.8.jar:3.2.8]
	at org.springframework.messaging.handler.invocation.InvocableHandlerMethod.invoke(InvocableHandlerMethod.java:119) ~[spring-messaging-6.2.14.jar:6.2.14]
	at org.springframework.amqp.rabbit.listener.adapter.HandlerAdapter.invoke(HandlerAdapter.java:80) ~[spring-rabbit-3.2.8.jar:3.2.8]
	at org.springframework.amqp.rabbit.listener.adapter.MessagingMessageListenerAdapter.invokeHandler(MessagingMessageListenerAdapter.java:274) ~[spring-rabbit-3.2.8.jar:3.2.8]
	... 13 common frames omitted

2025-12-02T19:39:22.559-05:00 DEBUG 124510 --- [tenant-service] [org.springframework.amqp.rabbit.RabbitListenerEndpointContainer#0-1] o.s.a.r.listener.BlockingQueueConsumer   : Rejecting messages (requeue=true)
2025-12-02T19:39:22.559-05:00 DEBUG 124510 --- [tenant-service] [pool-2-thread-11] o.s.a.r.listener.BlockingQueueConsumer   : Storing delivery for consumerTag: 'amq.ctag-cAqrhI9n0NxPX1HhqC9Csg' with deliveryTag: '1641' in Consumer@2baf9cd4: tags=[[amq.ctag-cAqrhI9n0NxPX1HhqC9Csg]], channel=Cached Rabbit Channel: AMQChannel(amqp://guest@127.0.0.1:5672/,1), conn: Proxy@ae449e7 Shared Rabbit Connection: SimpleConnection@15beb40b [delegate=amqp://guest@127.0.0.1:5672/, localPort=40784], acknowledgeMode=AUTO local queue size=0
2025-12-02T19:39:22.559-05:00 DEBUG 124510 --- [tenant-service] [org.springframework.amqp.rabbit.RabbitListenerEndpointContainer#0-1] o.s.a.r.listener.BlockingQueueConsumer   : Received message: (Body:'[B@61236f60(byte[176])' MessageProperties [headers={__ContentTypeId__=java.lang.Object, __KeyTypeId__=java.lang.Object, __TypeId__=java.util.HashMap}, contentType=application/json, contentEncoding=UTF-8, contentLength=0, receivedDeliveryMode=PERSISTENT, priority=0, redelivered=true, receivedExchange=auth-exchange, receivedRoutingKey=auth.user.registered, deliveryTag=1641, consumerTag=amq.ctag-cAqrhI9n0NxPX1HhqC9Csg, consumerQueue=auth.user.registered.queue])
2025-12-02T19:39:22.559-05:00 DEBUG 124510 --- [tenant-service] [org.springframework.amqp.rabbit.RabbitListenerEndpointContainer#0-1] .a.r.l.a.MessagingMessageListenerAdapter : Processing [GenericMessage [payload={globalRole=USER, eventType=auth.user.registered, userId=83278a9a-ba74-469a-994e-effb51d8837e, email=prueba@correo.com, timestamp=2025-12-02T19:33:08.964523491}, headers={amqp_receivedDeliveryMode=PERSISTENT, amqp_receivedExchange=auth-exchange, amqp_deliveryTag=1641, amqp_consumerQueue=auth.user.registered.queue, amqp_redelivered=true, __ContentTypeId__=java.lang.Object, amqp_receivedRoutingKey=auth.user.registered, amqp_contentEncoding=UTF-8, __KeyTypeId__=java.lang.Object, amqp_retryCount=0, id=d4b8530a-12e3-4b18-1dcc-568d29893c01, amqp_consumerTag=amq.ctag-cAqrhI9n0NxPX1HhqC9Csg, amqp_lastInBatch=false, contentType=application/json, __TypeId__=java.util.HashMap, timestamp=1764722362559}]]
2025-12-02T19:39:22.559-05:00  INFO 124510 --- [tenant-service] [org.springframework.amqp.rabbit.RabbitListenerEndpointContainer#0-1] c.s.t.e.l.UserRegisteredListener         : Received auth.user.registered event: {globalRole=USER, eventType=auth.user.registered, userId=83278a9a-ba74-469a-994e-effb51d8837e, email=prueba@correo.com, timestamp=2025-12-02T19:33:08.964523491}
2025-12-02T19:39:22.559-05:00  INFO 124510 --- [tenant-service] [org.springframework.amqp.rabbit.RabbitListenerEndpointContainer#0-1] c.s.t.e.l.UserRegisteredListener         : Creating tenant for new user: prueba@correo.com (83278a9a-ba74-469a-994e-effb51d8837e)
2025-12-02T19:39:22.559-05:00  INFO 124510 --- [tenant-service] [org.springframework.amqp.rabbit.RabbitListenerEndpointContainer#0-1] c.s.t.service.impl.TenantServiceImpl     : Auto-creating tenant for new user: 83278a9a-ba74-469a-994e-effb51d8837e
2025-12-02T19:39:22.559-05:00 ERROR 124510 --- [tenant-service] [org.springframework.amqp.rabbit.RabbitListenerEndpointContainer#0-1] c.s.t.e.l.UserRegisteredListener         : Error processing auth.user.registered event: Range [0, 18) out of bounds for length 17

java.lang.StringIndexOutOfBoundsException: Range [0, 18) out of bounds for length 17
	at java.base/jdk.internal.util.Preconditions$1.apply(Preconditions.java:55) ~[na:na]
	at java.base/jdk.internal.util.Preconditions$1.apply(Preconditions.java:52) ~[na:na]
	at java.base/jdk.internal.util.Preconditions$4.apply(Preconditions.java:213) ~[na:na]
	at java.base/jdk.internal.util.Preconditions$4.apply(Preconditions.java:210) ~[na:na]
	at java.base/jdk.internal.util.Preconditions.outOfBounds(Preconditions.java:98) ~[na:na]
	at java.base/jdk.internal.util.Preconditions.outOfBoundsCheckFromToIndex(Preconditions.java:112) ~[na:na]
	at java.base/jdk.internal.util.Preconditions.checkFromToIndex(Preconditions.java:349) ~[na:na]
	at java.base/java.lang.String.checkBoundsBeginEnd(String.java:4865) ~[na:na]
	at java.base/java.lang.String.substring(String.java:2834) ~[na:na]
	at com.sentinel.tenant_service.service.impl.TenantServiceImpl.generateSlug(TenantServiceImpl.java:296) ~[classes/:na]
	at com.sentinel.tenant_service.service.impl.TenantServiceImpl.createTenantForUser(TenantServiceImpl.java:91) ~[classes/:na]
	at java.base/jdk.internal.reflect.DirectMethodHandleAccessor.invoke(DirectMethodHandleAccessor.java:103) ~[na:na]
	at java.base/java.lang.reflect.Method.invoke(Method.java:580) ~[na:na]
	at org.springframework.aop.support.AopUtils.invokeJoinpointUsingReflection(AopUtils.java:360) ~[spring-aop-6.2.14.jar:6.2.14]
	at org.springframework.aop.framework.ReflectiveMethodInvocation.invokeJoinpoint(ReflectiveMethodInvocation.java:196) ~[spring-aop-6.2.14.jar:6.2.14]
	at org.springframework.aop.framework.ReflectiveMethodInvocation.proceed(ReflectiveMethodInvocation.java:163) ~[spring-aop-6.2.14.jar:6.2.14]
	at org.springframework.transaction.interceptor.TransactionAspectSupport.invokeWithinTransaction(TransactionAspectSupport.java:380) ~[spring-tx-6.2.14.jar:6.2.14]
	at org.springframework.transaction.interceptor.TransactionInterceptor.invoke(TransactionInterceptor.java:119) ~[spring-tx-6.2.14.jar:6.2.14]
	at org.springframework.aop.framework.ReflectiveMethodInvocation.proceed(ReflectiveMethodInvocation.java:184) ~[spring-aop-6.2.14.jar:6.2.14]
	at org.springframework.aop.framework.CglibAopProxy$DynamicAdvisedInterceptor.intercept(CglibAopProxy.java:728) ~[spring-aop-6.2.14.jar:6.2.14]
	at com.sentinel.tenant_service.service.impl.TenantServiceImpl$$SpringCGLIB$$0.createTenantForUser(<generated>) ~[classes/:na]
	at com.sentinel.tenant_service.events.listeners.UserRegisteredListener.handleUserRegistered(UserRegisteredListener.java:52) ~[classes/:na]
	at java.base/jdk.internal.reflect.DirectMethodHandleAccessor.invoke(DirectMethodHandleAccessor.java:103) ~[na:na]
	at java.base/java.lang.reflect.Method.invoke(Method.java:580) ~[na:na]
	at org.springframework.messaging.handler.invocation.InvocableHandlerMethod.doInvoke(InvocableHandlerMethod.java:169) ~[spring-messaging-6.2.14.jar:6.2.14]
	at org.springframework.amqp.rabbit.listener.adapter.KotlinAwareInvocableHandlerMethod.doInvoke(KotlinAwareInvocableHandlerMethod.java:45) ~[spring-rabbit-3.2.8.jar:3.2.8]
	at org.springframework.messaging.handler.invocation.InvocableHandlerMethod.invoke(InvocableHandlerMethod.java:119) ~[spring-messaging-6.2.14.jar:6.2.14]
	at org.springframework.amqp.rabbit.listener.adapter.HandlerAdapter.invoke(HandlerAdapter.java:80) ~[spring-rabbit-3.2.8.jar:3.2.8]
	at org.springframework.amqp.rabbit.listener.adapter.MessagingMessageListenerAdapter.invokeHandler(MessagingMessageListenerAdapter.java:274) ~[spring-rabbit-3.2.8.jar:3.2.8]
	at org.springframework.amqp.rabbit.listener.adapter.MessagingMessageListenerAdapter.invokeHandlerAndProcessResult(MessagingMessageListenerAdapter.java:221) ~[spring-rabbit-3.2.8.jar:3.2.8]
	at org.springframework.amqp.rabbit.listener.adapter.MessagingMessageListenerAdapter.onMessage(MessagingMessageListenerAdapter.java:148) ~[spring-rabbit-3.2.8.jar:3.2.8]
	at org.springframework.amqp.rabbit.listener.AbstractMessageListenerContainer.doInvokeListener(AbstractMessageListenerContainer.java:1694) ~[spring-rabbit-3.2.8.jar:3.2.8]
	at org.springframework.amqp.rabbit.listener.AbstractMessageListenerContainer.actualInvokeListener(AbstractMessageListenerContainer.java:1616) ~[spring-rabbit-3.2.8.jar:3.2.8]
	at org.springframework.amqp.rabbit.listener.AbstractMessageListenerContainer.invokeListener(AbstractMessageListenerContainer.java:1604) ~[spring-rabbit-3.2.8.jar:3.2.8]
	at org.springframework.amqp.rabbit.listener.AbstractMessageListenerContainer.doExecuteListener(AbstractMessageListenerContainer.java:1595) ~[spring-rabbit-3.2.8.jar:3.2.8]
	at org.springframework.amqp.rabbit.listener.AbstractMessageListenerContainer.executeListenerAndHandleException(AbstractMessageListenerContainer.java:1540) ~[spring-rabbit-3.2.8.jar:3.2.8]
	at org.springframework.amqp.rabbit.listener.AbstractMessageListenerContainer.executeListener(AbstractMessageListenerContainer.java:1521) ~[spring-rabbit-3.2.8.jar:3.2.8]
	at org.springframework.amqp.rabbit.listener.SimpleMessageListenerContainer.doReceiveAndExecute(SimpleMessageListenerContainer.java:1091) ~[spring-rabbit-3.2.8.jar:3.2.8]
	at org.springframework.amqp.rabbit.listener.SimpleMessageListenerContainer.receiveAndExecute(SimpleMessageListenerContainer.java:1027) ~[spring-rabbit-3.2.8.jar:3.2.8]
	at org.springframework.amqp.rabbit.listener.SimpleMessageListenerContainer$AsyncMessageProcessingConsumer.mainLoop(SimpleMessageListenerContainer.java:1431) ~[spring-rabbit-3.2.8.jar:3.2.8]
	at org.springframework.amqp.rabbit.listener.SimpleMessageListenerContainer$AsyncMessageProcessingConsumer.run(SimpleMessageListenerContainer.java:1331) ~[spring-rabbit-3.2.8.jar:3.2.8]
	at java.base/java.lang.Thread.run(Thread.java:1583) ~[na:na]

2025-12-02T19:39:22.559-05:00  WARN 124510 --- [tenant-service] [org.springframework.amqp.rabbit.RabbitListenerEndpointContainer#0-1] s.a.r.l.ConditionalRejectingErrorHandler : Execution of Rabbit message listener failed.

org.springframework.amqp.rabbit.support.ListenerExecutionFailedException: Listener method 'public void com.sentinel.tenant_service.events.listeners.UserRegisteredListener.handleUserRegistered(java.util.Map<java.lang.String, java.lang.Object>)' threw exception
	at org.springframework.amqp.rabbit.listener.adapter.MessagingMessageListenerAdapter.invokeHandler(MessagingMessageListenerAdapter.java:283) ~[spring-rabbit-3.2.8.jar:3.2.8]
	at org.springframework.amqp.rabbit.listener.adapter.MessagingMessageListenerAdapter.invokeHandlerAndProcessResult(MessagingMessageListenerAdapter.java:221) ~[spring-rabbit-3.2.8.jar:3.2.8]
	at org.springframework.amqp.rabbit.listener.adapter.MessagingMessageListenerAdapter.onMessage(MessagingMessageListenerAdapter.java:148) ~[spring-rabbit-3.2.8.jar:3.2.8]
	at org.springframework.amqp.rabbit.listener.AbstractMessageListenerContainer.doInvokeListener(AbstractMessageListenerContainer.java:1694) ~[spring-rabbit-3.2.8.jar:3.2.8]
	at org.springframework.amqp.rabbit.listener.AbstractMessageListenerContainer.actualInvokeListener(AbstractMessageListenerContainer.java:1616) ~[spring-rabbit-3.2.8.jar:3.2.8]
	at org.springframework.amqp.rabbit.listener.AbstractMessageListenerContainer.invokeListener(AbstractMessageListenerContainer.java:1604) ~[spring-rabbit-3.2.8.jar:3.2.8]
	at org.springframework.amqp.rabbit.listener.AbstractMessageListenerContainer.doExecuteListener(AbstractMessageListenerContainer.java:1595) ~[spring-rabbit-3.2.8.jar:3.2.8]
	at org.springframework.amqp.rabbit.listener.AbstractMessageListenerContainer.executeListenerAndHandleException(AbstractMessageListenerContainer.java:1540) ~[spring-rabbit-3.2.8.jar:3.2.8]
	at org.springframework.amqp.rabbit.listener.AbstractMessageListenerContainer.executeListener(AbstractMessageListenerContainer.java:1521) ~[spring-rabbit-3.2.8.jar:3.2.8]
	at org.springframework.amqp.rabbit.listener.SimpleMessageListenerContainer.doReceiveAndExecute(SimpleMessageListenerContainer.java:1091) ~[spring-rabbit-3.2.8.jar:3.2.8]
	at org.springframework.amqp.rabbit.listener.SimpleMessageListenerContainer.receiveAndExecute(SimpleMessageListenerContainer.java:1027) ~[spring-rabbit-3.2.8.jar:3.2.8]
	at org.springframework.amqp.rabbit.listener.SimpleMessageListenerContainer$AsyncMessageProcessingConsumer.mainLoop(SimpleMessageListenerContainer.java:1431) ~[spring-rabbit-3.2.8.jar:3.2.8]
	at org.springframework.amqp.rabbit.listener.SimpleMessageListenerContainer$AsyncMessageProcessingConsumer.run(SimpleMessageListenerContainer.java:1331) ~[spring-rabbit-3.2.8.jar:3.2.8]
	at java.base/java.lang.Thread.run(Thread.java:1583) ~[na:na]
Caused by: java.lang.StringIndexOutOfBoundsException: Range [0, 18) out of bounds for length 17
	at java.base/jdk.internal.util.Preconditions$1.apply(Preconditions.java:55) ~[na:na]
	at java.base/jdk.internal.util.Preconditions$1.apply(Preconditions.java:52) ~[na:na]
	at java.base/jdk.internal.util.Preconditions$4.apply(Preconditions.java:213) ~[na:na]
	at java.base/jdk.internal.util.Preconditions$4.apply(Preconditions.java:210) ~[na:na]
	at java.base/jdk.internal.util.Preconditions.outOfBounds(Preconditions.java:98) ~[na:na]
	at java.base/jdk.internal.util.Preconditions.outOfBoundsCheckFromToIndex(Preconditions.java:112) ~[na:na]
	at java.base/jdk.internal.util.Preconditions.checkFromToIndex(Preconditions.java:349) ~[na:na]
	at java.base/java.lang.String.checkBoundsBeginEnd(String.java:4865) ~[na:na]
	at java.base/java.lang.String.substring(String.java:2834) ~[na:na]
	at com.sentinel.tenant_service.service.impl.TenantServiceImpl.generateSlug(TenantServiceImpl.java:296) ~[classes/:na]
	at com.sentinel.tenant_service.service.impl.TenantServiceImpl.createTenantForUser(TenantServiceImpl.java:91) ~[classes/:na]
	at java.base/jdk.internal.reflect.DirectMethodHandleAccessor.invoke(DirectMethodHandleAccessor.java:103) ~[na:na]
	at java.base/java.lang.reflect.Method.invoke(Method.java:580) ~[na:na]
	at org.springframework.aop.support.AopUtils.invokeJoinpointUsingReflection(AopUtils.java:360) ~[spring-aop-6.2.14.jar:6.2.14]
	at org.springframework.aop.framework.ReflectiveMethodInvocation.invokeJoinpoint(ReflectiveMethodInvocation.java:196) ~[spring-aop-6.2.14.jar:6.2.14]
	at org.springframework.aop.framework.ReflectiveMethodInvocation.proceed(ReflectiveMethodInvocation.java:163) ~[spring-aop-6.2.14.jar:6.2.14]
	at org.springframework.transaction.interceptor.TransactionAspectSupport.invokeWithinTransaction(TransactionAspectSupport.java:380) ~[spring-tx-6.2.14.jar:6.2.14]
	at org.springframework.transaction.interceptor.TransactionInterceptor.invoke(TransactionInterceptor.java:119) ~[spring-tx-6.2.14.jar:6.2.14]
	at org.springframework.aop.framework.ReflectiveMethodInvocation.proceed(ReflectiveMethodInvocation.java:184) ~[spring-aop-6.2.14.jar:6.2.14]
	at org.springframework.aop.framework.CglibAopProxy$DynamicAdvisedInterceptor.intercept(CglibAopProxy.java:728) ~[spring-aop-6.2.14.jar:6.2.14]
	at com.sentinel.tenant_service.service.impl.TenantServiceImpl$$SpringCGLIB$$0.createTenantForUser(<generated>) ~[classes/:na]
	at com.sentinel.tenant_service.events.listeners.UserRegisteredListener.handleUserRegistered(UserRegisteredListener.java:52) ~[classes/:na]
	at java.base/jdk.internal.reflect.DirectMethodHandleAccessor.invoke(DirectMethodHandleAccessor.java:103) ~[na:na]
	at java.base/java.lang.reflect.Method.invoke(Method.java:580) ~[na:na]
	at org.springframework.messaging.handler.invocation.InvocableHandlerMethod.doInvoke(InvocableHandlerMethod.java:169) ~[spring-messaging-6.2.14.jar:6.2.14]
	at org.springframework.amqp.rabbit.listener.adapter.KotlinAwareInvocableHandlerMethod.doInvoke(KotlinAwareInvocableHandlerMethod.java:45) ~[spring-rabbit-3.2.8.jar:3.2.8]
	at org.springframework.messaging.handler.invocation.InvocableHandlerMethod.invoke(InvocableHandlerMethod.java:119) ~[spring-messaging-6.2.14.jar:6.2.14]
	at org.springframework.amqp.rabbit.listener.adapter.HandlerAdapter.invoke(HandlerAdapter.java:80) ~[spring-rabbit-3.2.8.jar:3.2.8]
	at org.springframework.amqp.rabbit.listener.adapter.MessagingMessageListenerAdapter.invokeHandler(MessagingMessageListenerAdapter.java:274) ~[spring-rabbit-3.2.8.jar:3.2.8]
	... 13 common frames omitted

2025-12-02T19:39:22.559-05:00 DEBUG 124510 --- [tenant-service] [org.springframework.amqp.rabbit.RabbitListenerEndpointContainer#0-1] o.s.a.r.listener.BlockingQueueConsumer   : Rejecting messages (requeue=true)
2025-12-02T19:39:22.560-05:00 DEBUG 124510 --- [tenant-service] [pool-2-thread-12] o.s.a.r.listener.BlockingQueueConsumer   : Storing delivery for consumerTag: 'amq.ctag-cAqrhI9n0NxPX1HhqC9Csg' with deliveryTag: '1642' in Consumer@2baf9cd4: tags=[[amq.ctag-cAqrhI9n0NxPX1HhqC9Csg]], channel=Cached Rabbit Channel: AMQChannel(amqp://guest@127.0.0.1:5672/,1), conn: Proxy@ae449e7 Shared Rabbit Connection: SimpleConnection@15beb40b [delegate=amqp://guest@127.0.0.1:5672/, localPort=40784], acknowledgeMode=AUTO local queue size=0
2025-12-02T19:39:22.560-05:00 DEBUG 124510 --- [tenant-service] [org.springframework.amqp.rabbit.RabbitListenerEndpointContainer#0-1] o.s.a.r.listener.BlockingQueueConsumer   : Received message: (Body:'[B@5679d78d(byte[176])' MessageProperties [headers={__ContentTypeId__=java.lang.Object, __KeyTypeId__=java.lang.Object, __TypeId__=java.util.HashMap}, contentType=application/json, contentEncoding=UTF-8, contentLength=0, receivedDeliveryMode=PERSISTENT, priority=0, redelivered=true, receivedExchange=auth-exchange, receivedRoutingKey=auth.user.registered, deliveryTag=1642, consumerTag=amq.ctag-cAqrhI9n0NxPX1HhqC9Csg, consumerQueue=auth.user.registered.queue])
2025-12-02T19:39:22.560-05:00 DEBUG 124510 --- [tenant-service] [org.springframework.amqp.rabbit.RabbitListenerEndpointContainer#0-1] .a.r.l.a.MessagingMessageListenerAdapter : Processing [GenericMessage [payload={globalRole=USER, eventType=auth.user.registered, userId=83278a9a-ba74-469a-994e-effb51d8837e, email=prueba@correo.com, timestamp=2025-12-02T19:33:08.964523491}, headers={amqp_receivedDeliveryMode=PERSISTENT, amqp_receivedExchange=auth-exchange, amqp_deliveryTag=1642, amqp_consumerQueue=auth.user.registered.queue, amqp_redelivered=true, __ContentTypeId__=java.lang.Object, amqp_receivedRoutingKey=auth.user.registered, amqp_contentEncoding=UTF-8, __KeyTypeId__=java.lang.Object, amqp_retryCount=0, id=ac319c56-2cbe-af70-8d69-b03d7c699f41, amqp_consumerTag=amq.ctag-cAqrhI9n0NxPX1HhqC9Csg, amqp_lastInBatch=false, contentType=application/json, __TypeId__=java.util.HashMap, timestamp=1764722362560}]]
2025-12-02T19:39:22.560-05:00  INFO 124510 --- [tenant-service] [org.springframework.amqp.rabbit.RabbitListenerEndpointContainer#0-1] c.s.t.e.l.UserRegisteredListener         : Received auth.user.registered event: {globalRole=USER, eventType=auth.user.registered, userId=83278a9a-ba74-469a-994e-effb51d8837e, email=prueba@correo.com, timestamp=2025-12-02T19:33:08.964523491}
2025-12-02T19:39:22.560-05:00  INFO 124510 --- [tenant-service] [org.springframework.amqp.rabbit.RabbitListenerEndpointContainer#0-1] c.s.t.e.l.UserRegisteredListener         : Creating tenant for new user: prueba@correo.com (83278a9a-ba74-469a-994e-effb51d8837e)
2025-12-02T19:39:22.560-05:00  INFO 124510 --- [tenant-service] [org.springframework.amqp.rabbit.RabbitListenerEndpointContainer#0-1] c.s.t.service.impl.TenantServiceImpl     : Auto-creating tenant for new user: 83278a9a-ba74-469a-994e-effb51d8837e
2025-12-02T19:39:22.560-05:00 ERROR 124510 --- [tenant-service] [org.springframework.amqp.rabbit.RabbitListenerEndpointContainer#0-1] c.s.t.e.l.UserRegisteredListener         : Error processing auth.user.registered event: Range [0, 18) out of bounds for length 17

java.lang.StringIndexOutOfBoundsException: Range [0, 18) out of bounds for length 17
	at java.base/jdk.internal.util.Preconditions$1.apply(Preconditions.java:55) ~[na:na]
	at java.base/jdk.internal.util.Preconditions$1.apply(Preconditions.java:52) ~[na:na]
	at java.base/jdk.internal.util.Preconditions$4.apply(Preconditions.java:213) ~[na:na]
	at java.base/jdk.internal.util.Preconditions$4.apply(Preconditions.java:210) ~[na:na]
	at java.base/jdk.internal.util.Preconditions.outOfBounds(Preconditions.java:98) ~[na:na]
	at java.base/jdk.internal.util.Preconditions.outOfBoundsCheckFromToIndex(Preconditions.java:112) ~[na:na]
	at java.base/jdk.internal.util.Preconditions.checkFromToIndex(Preconditions.java:349) ~[na:na]
	at java.base/java.lang.String.checkBoundsBeginEnd(String.java:4865) ~[na:na]
	at java.base/java.lang.String.substring(String.java:2834) ~[na:na]
	at com.sentinel.tenant_service.service.impl.TenantServiceImpl.generateSlug(TenantServiceImpl.java:296) ~[classes/:na]
	at com.sentinel.tenant_service.service.impl.TenantServiceImpl.createTenantForUser(TenantServiceImpl.java:91) ~[classes/:na]
	at java.base/jdk.internal.reflect.DirectMethodHandleAccessor.invoke(DirectMethodHandleAccessor.java:103) ~[na:na]
	at java.base/java.lang.reflect.Method.invoke(Method.java:580) ~[na:na]
	at org.springframework.aop.support.AopUtils.invokeJoinpointUsingReflection(AopUtils.java:360) ~[spring-aop-6.2.14.jar:6.2.14]
	at org.springframework.aop.framework.ReflectiveMethodInvocation.invokeJoinpoint(ReflectiveMethodInvocation.java:196) ~[spring-aop-6.2.14.jar:6.2.14]
	at org.springframework.aop.framework.ReflectiveMethodInvocation.proceed(ReflectiveMethodInvocation.java:163) ~[spring-aop-6.2.14.jar:6.2.14]
	at org.springframework.transaction.interceptor.TransactionAspectSupport.invokeWithinTransaction(TransactionAspectSupport.java:380) ~[spring-tx-6.2.14.jar:6.2.14]
	at org.springframework.transaction.interceptor.TransactionInterceptor.invoke(TransactionInterceptor.java:119) ~[spring-tx-6.2.14.jar:6.2.14]
	at org.springframework.aop.framework.ReflectiveMethodInvocation.proceed(ReflectiveMethodInvocation.java:184) ~[spring-aop-6.2.14.jar:6.2.14]
	at org.springframework.aop.framework.CglibAopProxy$DynamicAdvisedInterceptor.intercept(CglibAopProxy.java:728) ~[spring-aop-6.2.14.jar:6.2.14]
	at com.sentinel.tenant_service.service.impl.TenantServiceImpl$$SpringCGLIB$$0.createTenantForUser(<generated>) ~[classes/:na]
	at com.sentinel.tenant_service.events.listeners.UserRegisteredListener.handleUserRegistered(UserRegisteredListener.java:52) ~[classes/:na]
	at java.base/jdk.internal.reflect.DirectMethodHandleAccessor.invoke(DirectMethodHandleAccessor.java:103) ~[na:na]
	at java.base/java.lang.reflect.Method.invoke(Method.java:580) ~[na:na]
	at org.springframework.messaging.handler.invocation.InvocableHandlerMethod.doInvoke(InvocableHandlerMethod.java:169) ~[spring-messaging-6.2.14.jar:6.2.14]
	at org.springframework.amqp.rabbit.listener.adapter.KotlinAwareInvocableHandlerMethod.doInvoke(KotlinAwareInvocableHandlerMethod.java:45) ~[spring-rabbit-3.2.8.jar:3.2.8]
	at org.springframework.messaging.handler.invocation.InvocableHandlerMethod.invoke(InvocableHandlerMethod.java:119) ~[spring-messaging-6.2.14.jar:6.2.14]
	at org.springframework.amqp.rabbit.listener.adapter.HandlerAdapter.invoke(HandlerAdapter.java:80) ~[spring-rabbit-3.2.8.jar:3.2.8]
	at org.springframework.amqp.rabbit.listener.adapter.MessagingMessageListenerAdapter.invokeHandler(MessagingMessageListenerAdapter.java:274) ~[spring-rabbit-3.2.8.jar:3.2.8]
	at org.springframework.amqp.rabbit.listener.adapter.MessagingMessageListenerAdapter.invokeHandlerAndProcessResult(MessagingMessageListenerAdapter.java:221) ~[spring-rabbit-3.2.8.jar:3.2.8]
	at org.springframework.amqp.rabbit.listener.adapter.MessagingMessageListenerAdapter.onMessage(MessagingMessageListenerAdapter.java:148) ~[spring-rabbit-3.2.8.jar:3.2.8]
	at org.springframework.amqp.rabbit.listener.AbstractMessageListenerContainer.doInvokeListener(AbstractMessageListenerContainer.java:1694) ~[spring-rabbit-3.2.8.jar:3.2.8]
	at org.springframework.amqp.rabbit.listener.AbstractMessageListenerContainer.actualInvokeListener(AbstractMessageListenerContainer.java:1616) ~[spring-rabbit-3.2.8.jar:3.2.8]
	at org.springframework.amqp.rabbit.listener.AbstractMessageListenerContainer.invokeListener(AbstractMessageListenerContainer.java:1604) ~[spring-rabbit-3.2.8.jar:3.2.8]
	at org.springframework.amqp.rabbit.listener.AbstractMessageListenerContainer.doExecuteListener(AbstractMessageListenerContainer.java:1595) ~[spring-rabbit-3.2.8.jar:3.2.8]
	at org.springframework.amqp.rabbit.listener.AbstractMessageListenerContainer.executeListenerAndHandleException(AbstractMessageListenerContainer.java:1540) ~[spring-rabbit-3.2.8.jar:3.2.8]
	at org.springframework.amqp.rabbit.listener.AbstractMessageListenerContainer.executeListener(AbstractMessageListenerContainer.java:1521) ~[spring-rabbit-3.2.8.jar:3.2.8]
	at org.springframework.amqp.rabbit.listener.SimpleMessageListenerContainer.doReceiveAndExecute(SimpleMessageListenerContainer.java:1091) ~[spring-rabbit-3.2.8.jar:3.2.8]
	at org.springframework.amqp.rabbit.listener.SimpleMessageListenerContainer.receiveAndExecute(SimpleMessageListenerContainer.java:1027) ~[spring-rabbit-3.2.8.jar:3.2.8]
	at org.springframework.amqp.rabbit.listener.SimpleMessageListenerContainer$AsyncMessageProcessingConsumer.mainLoop(SimpleMessageListenerContainer.java:1431) ~[spring-rabbit-3.2.8.jar:3.2.8]
	at org.springframework.amqp.rabbit.listener.SimpleMessageListenerContainer$AsyncMessageProcessingConsumer.run(SimpleMessageListenerContainer.java:1331) ~[spring-rabbit-3.2.8.jar:3.2.8]
	at java.base/java.lang.Thread.run(Thread.java:1583) ~[na:na]

2025-12-02T19:39:22.560-05:00  WARN 124510 --- [tenant-service] [org.springframework.amqp.rabbit.RabbitListenerEndpointContainer#0-1] s.a.r.l.ConditionalRejectingErrorHandler : Execution of Rabbit message listener failed.

org.springframework.amqp.rabbit.support.ListenerExecutionFailedException: Listener method 'public void com.sentinel.tenant_service.events.listeners.UserRegisteredListener.handleUserRegistered(java.util.Map<java.lang.String, java.lang.Object>)' threw exception
	at org.springframework.amqp.rabbit.listener.adapter.MessagingMessageListenerAdapter.invokeHandler(MessagingMessageListenerAdapter.java:283) ~[spring-rabbit-3.2.8.jar:3.2.8]
	at org.springframework.amqp.rabbit.listener.adapter.MessagingMessageListenerAdapter.invokeHandlerAndProcessResult(MessagingMessageListenerAdapter.java:221) ~[spring-rabbit-3.2.8.jar:3.2.8]
	at org.springframework.amqp.rabbit.listener.adapter.MessagingMessageListenerAdapter.onMessage(MessagingMessageListenerAdapter.java:148) ~[spring-rabbit-3.2.8.jar:3.2.8]
	at org.springframework.amqp.rabbit.listener.AbstractMessageListenerContainer.doInvokeListener(AbstractMessageListenerContainer.java:1694) ~[spring-rabbit-3.2.8.jar:3.2.8]
	at org.springframework.amqp.rabbit.listener.AbstractMessageListenerContainer.actualInvokeListener(AbstractMessageListenerContainer.java:1616) ~[spring-rabbit-3.2.8.jar:3.2.8]
	at org.springframework.amqp.rabbit.listener.AbstractMessageListenerContainer.invokeListener(AbstractMessageListenerContainer.java:1604) ~[spring-rabbit-3.2.8.jar:3.2.8]
	at org.springframework.amqp.rabbit.listener.AbstractMessageListenerContainer.doExecuteListener(AbstractMessageListenerContainer.java:1595) ~[spring-rabbit-3.2.8.jar:3.2.8]
	at org.springframework.amqp.rabbit.listener.AbstractMessageListenerContainer.executeListenerAndHandleException(AbstractMessageListenerContainer.java:1540) ~[spring-rabbit-3.2.8.jar:3.2.8]
	at org.springframework.amqp.rabbit.listener.AbstractMessageListenerContainer.executeListener(AbstractMessageListenerContainer.java:1521) ~[spring-rabbit-3.2.8.jar:3.2.8]
	at org.springframework.amqp.rabbit.listener.SimpleMessageListenerContainer.doReceiveAndExecute(SimpleMessageListenerContainer.java:1091) ~[spring-rabbit-3.2.8.jar:3.2.8]
	at org.springframework.amqp.rabbit.listener.SimpleMessageListenerContainer.receiveAndExecute(SimpleMessageListenerContainer.java:1027) ~[spring-rabbit-3.2.8.jar:3.2.8]
	at org.springframework.amqp.rabbit.listener.SimpleMessageListenerContainer$AsyncMessageProcessingConsumer.mainLoop(SimpleMessageListenerContainer.java:1431) ~[spring-rabbit-3.2.8.jar:3.2.8]
	at org.springframework.amqp.rabbit.listener.SimpleMessageListenerContainer$AsyncMessageProcessingConsumer.run(SimpleMessageListenerContainer.java:1331) ~[spring-rabbit-3.2.8.jar:3.2.8]
	at java.base/java.lang.Thread.run(Thread.java:1583) ~[na:na]
Caused by: java.lang.StringIndexOutOfBoundsException: Range [0, 18) out of bounds for length 17
	at java.base/jdk.internal.util.Preconditions$1.apply(Preconditions.java:55) ~[na:na]
	at java.base/jdk.internal.util.Preconditions$1.apply(Preconditions.java:52) ~[na:na]
	at java.base/jdk.internal.util.Preconditions$4.apply(Preconditions.java:213) ~[na:na]
	at java.base/jdk.internal.util.Preconditions$4.apply(Preconditions.java:210) ~[na:na]
	at java.base/jdk.internal.util.Preconditions.outOfBounds(Preconditions.java:98) ~[na:na]
	at java.base/jdk.internal.util.Preconditions.outOfBoundsCheckFromToIndex(Preconditions.java:112) ~[na:na]
	at java.base/jdk.internal.util.Preconditions.checkFromToIndex(Preconditions.java:349) ~[na:na]
	at java.base/java.lang.String.checkBoundsBeginEnd(String.java:4865) ~[na:na]
	at java.base/java.lang.String.substring(String.java:2834) ~[na:na]
	at com.sentinel.tenant_service.service.impl.TenantServiceImpl.generateSlug(TenantServiceImpl.java:296) ~[classes/:na]
	at com.sentinel.tenant_service.service.impl.TenantServiceImpl.createTenantForUser(TenantServiceImpl.java:91) ~[classes/:na]
	at java.base/jdk.internal.reflect.DirectMethodHandleAccessor.invoke(DirectMethodHandleAccessor.java:103) ~[na:na]
	at java.base/java.lang.reflect.Method.invoke(Method.java:580) ~[na:na]
	at org.springframework.aop.support.AopUtils.invokeJoinpointUsingReflection(AopUtils.java:360) ~[spring-aop-6.2.14.jar:6.2.14]
	at org.springframework.aop.framework.ReflectiveMethodInvocation.invokeJoinpoint(ReflectiveMethodInvocation.java:196) ~[spring-aop-6.2.14.jar:6.2.14]
	at org.springframework.aop.framework.ReflectiveMethodInvocation.proceed(ReflectiveMethodInvocation.java:163) ~[spring-aop-6.2.14.jar:6.2.14]
	at org.springframework.transaction.interceptor.TransactionAspectSupport.invokeWithinTransaction(TransactionAspectSupport.java:380) ~[spring-tx-6.2.14.jar:6.2.14]
	at org.springframework.transaction.interceptor.TransactionInterceptor.invoke(TransactionInterceptor.java:119) ~[spring-tx-6.2.14.jar:6.2.14]
	at org.springframework.aop.framework.ReflectiveMethodInvocation.proceed(ReflectiveMethodInvocation.java:184) ~[spring-aop-6.2.14.jar:6.2.14]
	at org.springframework.aop.framework.CglibAopProxy$DynamicAdvisedInterceptor.intercept(CglibAopProxy.java:728) ~[spring-aop-6.2.14.jar:6.2.14]
	at com.sentinel.tenant_service.service.impl.TenantServiceImpl$$SpringCGLIB$$0.createTenantForUser(<generated>) ~[classes/:na]
	at com.sentinel.tenant_service.events.listeners.UserRegisteredListener.handleUserRegistered(UserRegisteredListener.java:52) ~[classes/:na]
	at java.base/jdk.internal.reflect.DirectMethodHandleAccessor.invoke(DirectMethodHandleAccessor.java:103) ~[na:na]
	at java.base/java.lang.reflect.Method.invoke(Method.java:580) ~[na:na]
	at org.springframework.messaging.handler.invocation.InvocableHandlerMethod.doInvoke(InvocableHandlerMethod.java:169) ~[spring-messaging-6.2.14.jar:6.2.14]
	at org.springframework.amqp.rabbit.listener.adapter.KotlinAwareInvocableHandlerMethod.doInvoke(KotlinAwareInvocableHandlerMethod.java:45) ~[spring-rabbit-3.2.8.jar:3.2.8]
	at org.springframework.messaging.handler.invocation.InvocableHandlerMethod.invoke(InvocableHandlerMethod.java:119) ~[spring-messaging-6.2.14.jar:6.2.14]
	at org.springframework.amqp.rabbit.listener.adapter.HandlerAdapter.invoke(HandlerAdapter.java:80) ~[spring-rabbit-3.2.8.jar:3.2.8]
	at org.springframework.amqp.rabbit.listener.adapter.MessagingMessageListenerAdapter.invokeHandler(MessagingMessageListenerAdapter.java:274) ~[spring-rabbit-3.2.8.jar:3.2.8]
	... 13 common frames omitted

2025-12-02T19:39:22.560-05:00 DEBUG 124510 --- [tenant-service] [org.springframework.amqp.rabbit.RabbitListenerEndpointContainer#0-1] o.s.a.r.listener.BlockingQueueConsumer   : Rejecting messages (requeue=true)
2025-12-02T19:39:22.562-05:00 DEBUG 124510 --- [tenant-service] [pool-2-thread-13] o.s.a.r.listener.BlockingQueueConsumer   : Storing delivery for consumerTag: 'amq.ctag-cAqrhI9n0NxPX1HhqC9Csg' with deliveryTag: '1643' in Consumer@2baf9cd4: tags=[[amq.ctag-cAqrhI9n0NxPX1HhqC9Csg]], channel=Cached Rabbit Channel: AMQChannel(amqp://guest@127.0.0.1:5672/,1), conn: Proxy@ae449e7 Shared Rabbit Connection: SimpleConnection@15beb40b [delegate=amqp://guest@127.0.0.1:5672/, localPort=40784], acknowledgeMode=AUTO local queue size=0
2025-12-02T19:39:22.562-05:00 DEBUG 124510 --- [tenant-service] [org.springframework.amqp.rabbit.RabbitListenerEndpointContainer#0-1] o.s.a.r.listener.BlockingQueueConsumer   : Received message: (Body:'[B@3dad94a9(byte[176])' MessageProperties [headers={__ContentTypeId__=java.lang.Object, __KeyTypeId__=java.lang.Object, __TypeId__=java.util.HashMap}, contentType=application/json, contentEncoding=UTF-8, contentLength=0, receivedDeliveryMode=PERSISTENT, priority=0, redelivered=true, receivedExchange=auth-exchange, receivedRoutingKey=auth.user.registered, deliveryTag=1643, consumerTag=amq.ctag-cAqrhI9n0NxPX1HhqC9Csg, consumerQueue=auth.user.registered.queue])
2025-12-02T19:39:22.562-05:00 DEBUG 124510 --- [tenant-service] [org.springframework.amqp.rabbit.RabbitListenerEndpointContainer#0-1] .a.r.l.a.MessagingMessageListenerAdapter : Processing [GenericMessage [payload={globalRole=USER, eventType=auth.user.registered, userId=83278a9a-ba74-469a-994e-effb51d8837e, email=prueba@correo.com, timestamp=2025-12-02T19:33:08.964523491}, headers={amqp_receivedDeliveryMode=PERSISTENT, amqp_receivedExchange=auth-exchange, amqp_deliveryTag=1643, amqp_consumerQueue=auth.user.registered.queue, amqp_redelivered=true, __ContentTypeId__=java.lang.Object, amqp_receivedRoutingKey=auth.user.registered, amqp_contentEncoding=UTF-8, __KeyTypeId__=java.lang.Object, amqp_retryCount=0, id=124da08e-9e40-7615-c398-916f09404328, amqp_consumerTag=amq.ctag-cAqrhI9n0NxPX1HhqC9Csg, amqp_lastInBatch=false, contentType=application/json, __TypeId__=java.util.HashMap, timestamp=1764722362562}]]
2025-12-02T19:39:22.562-05:00  INFO 124510 --- [tenant-service] [org.springframework.amqp.rabbit.RabbitListenerEndpointContainer#0-1] c.s.t.e.l.UserRegisteredListener         : Received auth.user.registered event: {globalRole=USER, eventType=auth.user.registered, userId=83278a9a-ba74-469a-994e-effb51d8837e, email=prueba@correo.com, timestamp=2025-12-02T19:33:08.964523491}
2025-12-02T19:39:22.562-05:00  INFO 124510 --- [tenant-service] [org.springframework.amqp.rabbit.RabbitListenerEndpointContainer#0-1] c.s.t.e.l.UserRegisteredListener         : Creating tenant for new user: prueba@correo.com (83278a9a-ba74-469a-994e-effb51d8837e)
2025-12-02T19:39:22.562-05:00  INFO 124510 --- [tenant-service] [org.springframework.amqp.rabbit.RabbitListenerEndpointContainer#0-1] c.s.t.service.impl.TenantServiceImpl     : Auto-creating tenant for new user: 83278a9a-ba74-469a-994e-effb51d8837e
2025-12-02T19:39:22.562-05:00 ERROR 124510 --- [tenant-service] [org.springframework.amqp.rabbit.RabbitListenerEndpointContainer#0-1] c.s.t.e.l.UserRegisteredListener         : Error processing auth.user.registered event: Range [0, 18) out of bounds for length 17

java.lang.StringIndexOutOfBoundsException: Range [0, 18) out of bounds for length 17
	at java.base/jdk.internal.util.Preconditions$1.apply(Preconditions.java:55) ~[na:na]
	at java.base/jdk.internal.util.Preconditions$1.apply(Preconditions.java:52) ~[na:na]
	at java.base/jdk.internal.util.Preconditions$4.apply(Preconditions.java:213) ~[na:na]
	at java.base/jdk.internal.util.Preconditions$4.apply(Preconditions.java:210) ~[na:na]
	at java.base/jdk.internal.util.Preconditions.outOfBounds(Preconditions.java:98) ~[na:na]
	at java.base/jdk.internal.util.Preconditions.outOfBoundsCheckFromToIndex(Preconditions.java:112) ~[na:na]
	at java.base/jdk.internal.util.Preconditions.checkFromToIndex(Preconditions.java:349) ~[na:na]
	at java.base/java.lang.String.checkBoundsBeginEnd(String.java:4865) ~[na:na]
	at java.base/java.lang.String.substring(String.java:2834) ~[na:na]
	at com.sentinel.tenant_service.service.impl.TenantServiceImpl.generateSlug(TenantServiceImpl.java:296) ~[classes/:na]
	at com.sentinel.tenant_service.service.impl.TenantServiceImpl.createTenantForUser(TenantServiceImpl.java:91) ~[classes/:na]
	at java.base/jdk.internal.reflect.DirectMethodHandleAccessor.invoke(DirectMethodHandleAccessor.java:103) ~[na:na]
	at java.base/java.lang.reflect.Method.invoke(Method.java:580) ~[na:na]
	at org.springframework.aop.support.AopUtils.invokeJoinpointUsingReflection(AopUtils.java:360) ~[spring-aop-6.2.14.jar:6.2.14]
	at org.springframework.aop.framework.ReflectiveMethodInvocation.invokeJoinpoint(ReflectiveMethodInvocation.java:196) ~[spring-aop-6.2.14.jar:6.2.14]
	at org.springframework.aop.framework.ReflectiveMethodInvocation.proceed(ReflectiveMethodInvocation.java:163) ~[spring-aop-6.2.14.jar:6.2.14]
	at org.springframework.transaction.interceptor.TransactionAspectSupport.invokeWithinTransaction(TransactionAspectSupport.java:380) ~[spring-tx-6.2.14.jar:6.2.14]
	at org.springframework.transaction.interceptor.TransactionInterceptor.invoke(TransactionInterceptor.java:119) ~[spring-tx-6.2.14.jar:6.2.14]
	at org.springframework.aop.framework.ReflectiveMethodInvocation.proceed(ReflectiveMethodInvocation.java:184) ~[spring-aop-6.2.14.jar:6.2.14]
	at org.springframework.aop.framework.CglibAopProxy$DynamicAdvisedInterceptor.intercept(CglibAopProxy.java:728) ~[spring-aop-6.2.14.jar:6.2.14]
	at com.sentinel.tenant_service.service.impl.TenantServiceImpl$$SpringCGLIB$$0.createTenantForUser(<generated>) ~[classes/:na]
	at com.sentinel.tenant_service.events.listeners.UserRegisteredListener.handleUserRegistered(UserRegisteredListener.java:52) ~[classes/:na]
	at java.base/jdk.internal.reflect.DirectMethodHandleAccessor.invoke(DirectMethodHandleAccessor.java:103) ~[na:na]
	at java.base/java.lang.reflect.Method.invoke(Method.java:580) ~[na:na]
	at org.springframework.messaging.handler.invocation.InvocableHandlerMethod.doInvoke(InvocableHandlerMethod.java:169) ~[spring-messaging-6.2.14.jar:6.2.14]
	at org.springframework.amqp.rabbit.listener.adapter.KotlinAwareInvocableHandlerMethod.doInvoke(KotlinAwareInvocableHandlerMethod.java:45) ~[spring-rabbit-3.2.8.jar:3.2.8]
	at org.springframework.messaging.handler.invocation.InvocableHandlerMethod.invoke(InvocableHandlerMethod.java:119) ~[spring-messaging-6.2.14.jar:6.2.14]
	at org.springframework.amqp.rabbit.listener.adapter.HandlerAdapter.invoke(HandlerAdapter.java:80) ~[spring-rabbit-3.2.8.jar:3.2.8]
	at org.springframework.amqp.rabbit.listener.adapter.MessagingMessageListenerAdapter.invokeHandler(MessagingMessageListenerAdapter.java:274) ~[spring-rabbit-3.2.8.jar:3.2.8]
	at org.springframework.amqp.rabbit.listener.adapter.MessagingMessageListenerAdapter.invokeHandlerAndProcessResult(MessagingMessageListenerAdapter.java:221) ~[spring-rabbit-3.2.8.jar:3.2.8]
	at org.springframework.amqp.rabbit.listener.adapter.MessagingMessageListenerAdapter.onMessage(MessagingMessageListenerAdapter.java:148) ~[spring-rabbit-3.2.8.jar:3.2.8]
	at org.springframework.amqp.rabbit.listener.AbstractMessageListenerContainer.doInvokeListener(AbstractMessageListenerContainer.java:1694) ~[spring-rabbit-3.2.8.jar:3.2.8]
	at org.springframework.amqp.rabbit.listener.AbstractMessageListenerContainer.actualInvokeListener(AbstractMessageListenerContainer.java:1616) ~[spring-rabbit-3.2.8.jar:3.2.8]
	at org.springframework.amqp.rabbit.listener.AbstractMessageListenerContainer.invokeListener(AbstractMessageListenerContainer.java:1604) ~[spring-rabbit-3.2.8.jar:3.2.8]
	at org.springframework.amqp.rabbit.listener.AbstractMessageListenerContainer.doExecuteListener(AbstractMessageListenerContainer.java:1595) ~[spring-rabbit-3.2.8.jar:3.2.8]
	at org.springframework.amqp.rabbit.listener.AbstractMessageListenerContainer.executeListenerAndHandleException(AbstractMessageListenerContainer.java:1540) ~[spring-rabbit-3.2.8.jar:3.2.8]
	at org.springframework.amqp.rabbit.listener.AbstractMessageListenerContainer.executeListener(AbstractMessageListenerContainer.java:1521) ~[spring-rabbit-3.2.8.jar:3.2.8]
	at org.springframework.amqp.rabbit.listener.SimpleMessageListenerContainer.doReceiveAndExecute(SimpleMessageListenerContainer.java:1091) ~[spring-rabbit-3.2.8.jar:3.2.8]
	at org.springframework.amqp.rabbit.listener.SimpleMessageListenerContainer.receiveAndExecute(SimpleMessageListenerContainer.java:1027) ~[spring-rabbit-3.2.8.jar:3.2.8]
	at org.springframework.amqp.rabbit.listener.SimpleMessageListenerContainer$AsyncMessageProcessingConsumer.mainLoop(SimpleMessageListenerContainer.java:1431) ~[spring-rabbit-3.2.8.jar:3.2.8]
	at org.springframework.amqp.rabbit.listener.SimpleMessageListenerContainer$AsyncMessageProcessingConsumer.run(SimpleMessageListenerContainer.java:1331) ~[spring-rabbit-3.2.8.jar:3.2.8]
	at java.base/java.lang.Thread.run(Thread.java:1583) ~[na:na]

2025-12-02T19:39:22.563-05:00  WARN 124510 --- [tenant-service] [org.springframework.amqp.rabbit.RabbitListenerEndpointContainer#0-1] s.a.r.l.ConditionalRejectingErrorHandler : Execution of Rabbit message listener failed.

org.springframework.amqp.rabbit.support.ListenerExecutionFailedException: Listener method 'public void com.sentinel.tenant_service.events.listeners.UserRegisteredListener.handleUserRegistered(java.util.Map<java.lang.String, java.lang.Object>)' threw exception
	at org.springframework.amqp.rabbit.listener.adapter.MessagingMessageListenerAdapter.invokeHandler(MessagingMessageListenerAdapter.java:283) ~[spring-rabbit-3.2.8.jar:3.2.8]
	at org.springframework.amqp.rabbit.listener.adapter.MessagingMessageListenerAdapter.invokeHandlerAndProcessResult(MessagingMessageListenerAdapter.java:221) ~[spring-rabbit-3.2.8.jar:3.2.8]
	at org.springframework.amqp.rabbit.listener.adapter.MessagingMessageListenerAdapter.onMessage(MessagingMessageListenerAdapter.java:148) ~[spring-rabbit-3.2.8.jar:3.2.8]
	at org.springframework.amqp.rabbit.listener.AbstractMessageListenerContainer.doInvokeListener(AbstractMessageListenerContainer.java:1694) ~[spring-rabbit-3.2.8.jar:3.2.8]
	at org.springframework.amqp.rabbit.listener.AbstractMessageListenerContainer.actualInvokeListener(AbstractMessageListenerContainer.java:1616) ~[spring-rabbit-3.2.8.jar:3.2.8]
	at org.springframework.amqp.rabbit.listener.AbstractMessageListenerContainer.invokeListener(AbstractMessageListenerContainer.java:1604) ~[spring-rabbit-3.2.8.jar:3.2.8]
	at org.springframework.amqp.rabbit.listener.AbstractMessageListenerContainer.doExecuteListener(AbstractMessageListenerContainer.java:1595) ~[spring-rabbit-3.2.8.jar:3.2.8]
	at org.springframework.amqp.rabbit.listener.AbstractMessageListenerContainer.executeListenerAndHandleException(AbstractMessageListenerContainer.java:1540) ~[spring-rabbit-3.2.8.jar:3.2.8]
	at org.springframework.amqp.rabbit.listener.AbstractMessageListenerContainer.executeListener(AbstractMessageListenerContainer.java:1521) ~[spring-rabbit-3.2.8.jar:3.2.8]
	at org.springframework.amqp.rabbit.listener.SimpleMessageListenerContainer.doReceiveAndExecute(SimpleMessageListenerContainer.java:1091) ~[spring-rabbit-3.2.8.jar:3.2.8]
	at org.springframework.amqp.rabbit.listener.SimpleMessageListenerContainer.receiveAndExecute(SimpleMessageListenerContainer.java:1027) ~[spring-rabbit-3.2.8.jar:3.2.8]
	at org.springframework.amqp.rabbit.listener.SimpleMessageListenerContainer$AsyncMessageProcessingConsumer.mainLoop(SimpleMessageListenerContainer.java:1431) ~[spring-rabbit-3.2.8.jar:3.2.8]
	at org.springframework.amqp.rabbit.listener.SimpleMessageListenerContainer$AsyncMessageProcessingConsumer.run(SimpleMessageListenerContainer.java:1331) ~[spring-rabbit-3.2.8.jar:3.2.8]
	at java.base/java.lang.Thread.run(Thread.java:1583) ~[na:na]
Caused by: java.lang.StringIndexOutOfBoundsException: Range [0, 18) out of bounds for length 17
	at java.base/jdk.internal.util.Preconditions$1.apply(Preconditions.java:55) ~[na:na]
	at java.base/jdk.internal.util.Preconditions$1.apply(Preconditions.java:52) ~[na:na]
	at java.base/jdk.internal.util.Preconditions$4.apply(Preconditions.java:213) ~[na:na]
	at java.base/jdk.internal.util.Preconditions$4.apply(Preconditions.java:210) ~[na:na]
	at java.base/jdk.internal.util.Preconditions.outOfBounds(Preconditions.java:98) ~[na:na]
	at java.base/jdk.internal.util.Preconditions.outOfBoundsCheckFromToIndex(Preconditions.java:112) ~[na:na]
	at java.base/jdk.internal.util.Preconditions.checkFromToIndex(Preconditions.java:349) ~[na:na]
	at java.base/java.lang.String.checkBoundsBeginEnd(String.java:4865) ~[na:na]
	at java.base/java.lang.String.substring(String.java:2834) ~[na:na]
	at com.sentinel.tenant_service.service.impl.TenantServiceImpl.generateSlug(TenantServiceImpl.java:296) ~[classes/:na]
	at com.sentinel.tenant_service.service.impl.TenantServiceImpl.createTenantForUser(TenantServiceImpl.java:91) ~[classes/:na]
	at java.base/jdk.internal.reflect.DirectMethodHandleAccessor.invoke(DirectMethodHandleAccessor.java:103) ~[na:na]
	at java.base/java.lang.reflect.Method.invoke(Method.java:580) ~[na:na]
	at org.springframework.aop.support.AopUtils.invokeJoinpointUsingReflection(AopUtils.java:360) ~[spring-aop-6.2.14.jar:6.2.14]
	at org.springframework.aop.framework.ReflectiveMethodInvocation.invokeJoinpoint(ReflectiveMethodInvocation.java:196) ~[spring-aop-6.2.14.jar:6.2.14]
	at org.springframework.aop.framework.ReflectiveMethodInvocation.proceed(ReflectiveMethodInvocation.java:163) ~[spring-aop-6.2.14.jar:6.2.14]
	at org.springframework.transaction.interceptor.TransactionAspectSupport.invokeWithinTransaction(TransactionAspectSupport.java:380) ~[spring-tx-6.2.14.jar:6.2.14]
	at org.springframework.transaction.interceptor.TransactionInterceptor.invoke(TransactionInterceptor.java:119) ~[spring-tx-6.2.14.jar:6.2.14]
	at org.springframework.aop.framework.ReflectiveMethodInvocation.proceed(ReflectiveMethodInvocation.java:184) ~[spring-aop-6.2.14.jar:6.2.14]
	at org.springframework.aop.framework.CglibAopProxy$DynamicAdvisedInterceptor.intercept(CglibAopProxy.java:728) ~[spring-aop-6.2.14.jar:6.2.14]
	at com.sentinel.tenant_service.service.impl.TenantServiceImpl$$SpringCGLIB$$0.createTenantForUser(<generated>) ~[classes/:na]
	at com.sentinel.tenant_service.events.listeners.UserRegisteredListener.handleUserRegistered(UserRegisteredListener.java:52) ~[classes/:na]
	at java.base/jdk.internal.reflect.DirectMethodHandleAccessor.invoke(DirectMethodHandleAccessor.java:103) ~[na:na]
	at java.base/java.lang.reflect.Method.invoke(Method.java:580) ~[na:na]
	at org.springframework.messaging.handler.invocation.InvocableHandlerMethod.doInvoke(InvocableHandlerMethod.java:169) ~[spring-messaging-6.2.14.jar:6.2.14]
	at org.springframework.amqp.rabbit.listener.adapter.KotlinAwareInvocableHandlerMethod.doInvoke(KotlinAwareInvocableHandlerMethod.java:45) ~[spring-rabbit-3.2.8.jar:3.2.8]
	at org.springframework.messaging.handler.invocation.InvocableHandlerMethod.invoke(InvocableHandlerMethod.java:119) ~[spring-messaging-6.2.14.jar:6.2.14]
	at org.springframework.amqp.rabbit.listener.adapter.HandlerAdapter.invoke(HandlerAdapter.java:80) ~[spring-rabbit-3.2.8.jar:3.2.8]
	at org.springframework.amqp.rabbit.listener.adapter.MessagingMessageListenerAdapter.invokeHandler(MessagingMessageListenerAdapter.java:274) ~[spring-rabbit-3.2.8.jar:3.2.8]
	... 13 common frames omitted

2025-12-02T19:39:22.563-05:00 DEBUG 124510 --- [tenant-service] [org.springframework.amqp.rabbit.RabbitListenerEndpointContainer#0-1] o.s.a.r.listener.BlockingQueueConsumer   : Rejecting messages (requeue=true)
2025-12-02T19:39:22.563-05:00 DEBUG 124510 --- [tenant-service] [pool-2-thread-14] o.s.a.r.listener.BlockingQueueConsumer   : Storing delivery for consumerTag: 'amq.ctag-cAqrhI9n0NxPX1HhqC9Csg' with deliveryTag: '1644' in Consumer@2baf9cd4: tags=[[amq.ctag-cAqrhI9n0NxPX1HhqC9Csg]], channel=Cached Rabbit Channel: AMQChannel(amqp://guest@127.0.0.1:5672/,1), conn: Proxy@ae449e7 Shared Rabbit Connection: SimpleConnection@15beb40b [delegate=amqp://guest@127.0.0.1:5672/, localPort=40784], acknowledgeMode=AUTO local queue size=0
2025-12-02T19:39:22.563-05:00 DEBUG 124510 --- [tenant-service] [org.springframework.amqp.rabbit.RabbitListenerEndpointContainer#0-1] o.s.a.r.listener.BlockingQueueConsumer   : Received message: (Body:'[B@b9ba140(byte[176])' MessageProperties [headers={__ContentTypeId__=java.lang.Object, __KeyTypeId__=java.lang.Object, __TypeId__=java.util.HashMap}, contentType=application/json, contentEncoding=UTF-8, contentLength=0, receivedDeliveryMode=PERSISTENT, priority=0, redelivered=true, receivedExchange=auth-exchange, receivedRoutingKey=auth.user.registered, deliveryTag=1644, consumerTag=amq.ctag-cAqrhI9n0NxPX1HhqC9Csg, consumerQueue=auth.user.registered.queue])
2025-12-02T19:39:22.563-05:00 DEBUG 124510 --- [tenant-service] [org.springframework.amqp.rabbit.RabbitListenerEndpointContainer#0-1] .a.r.l.a.MessagingMessageListenerAdapter : Processing [GenericMessage [payload={globalRole=USER, eventType=auth.user.registered, userId=83278a9a-ba74-469a-994e-effb51d8837e, email=prueba@correo.com, timestamp=2025-12-02T19:33:08.964523491}, headers={amqp_receivedDeliveryMode=PERSISTENT, amqp_receivedExchange=auth-exchange, amqp_deliveryTag=1644, amqp_consumerQueue=auth.user.registered.queue, amqp_redelivered=true, __ContentTypeId__=java.lang.Object, amqp_receivedRoutingKey=auth.user.registered, amqp_contentEncoding=UTF-8, __KeyTypeId__=java.lang.Object, amqp_retryCount=0, id=f0307849-454e-7a88-7016-09988d201218, amqp_consumerTag=amq.ctag-cAqrhI9n0NxPX1HhqC9Csg, amqp_lastInBatch=false, contentType=application/json, __TypeId__=java.util.HashMap, timestamp=1764722362563}]]
2025-12-02T19:39:22.563-05:00  INFO 124510 --- [tenant-service] [org.springframework.amqp.rabbit.RabbitListenerEndpointContainer#0-1] c.s.t.e.l.UserRegisteredListener         : Received auth.user.registered event: {globalRole=USER, eventType=auth.user.registered, userId=83278a9a-ba74-469a-994e-effb51d8837e, email=prueba@correo.com, timestamp=2025-12-02T19:33:08.964523491}
2025-12-02T19:39:22.563-05:00  INFO 124510 --- [tenant-service] [org.springframework.amqp.rabbit.RabbitListenerEndpointContainer#0-1] c.s.t.e.l.UserRegisteredListener         : Creating tenant for new user: prueba@correo.com (83278a9a-ba74-469a-994e-effb51d8837e)
2025-12-02T19:39:22.564-05:00  INFO 124510 --- [tenant-service] [org.springframework.amqp.rabbit.RabbitListenerEndpointContainer#0-1] c.s.t.service.impl.TenantServiceImpl     : Auto-creating tenant for new user: 83278a9a-ba74-469a-994e-effb51d8837e
2025-12-02T19:39:22.564-05:00 ERROR 124510 --- [tenant-service] [org.springframework.amqp.rabbit.RabbitListenerEndpointContainer#0-1] c.s.t.e.l.UserRegisteredListener         : Error processing auth.user.registered event: Range [0, 18) out of bounds for length 17

java.lang.StringIndexOutOfBoundsException: Range [0, 18) out of bounds for length 17
	at java.base/jdk.internal.util.Preconditions$1.apply(Preconditions.java:55) ~[na:na]
	at java.base/jdk.internal.util.Preconditions$1.apply(Preconditions.java:52) ~[na:na]
	at java.base/jdk.internal.util.Preconditions$4.apply(Preconditions.java:213) ~[na:na]
	at java.base/jdk.internal.util.Preconditions$4.apply(Preconditions.java:210) ~[na:na]
	at java.base/jdk.internal.util.Preconditions.outOfBounds(Preconditions.java:98) ~[na:na]
	at java.base/jdk.internal.util.Preconditions.outOfBoundsCheckFromToIndex(Preconditions.java:112) ~[na:na]
	at java.base/jdk.internal.util.Preconditions.checkFromToIndex(Preconditions.java:349) ~[na:na]
	at java.base/java.lang.String.checkBoundsBeginEnd(String.java:4865) ~[na:na]
	at java.base/java.lang.String.substring(String.java:2834) ~[na:na]
	at com.sentinel.tenant_service.service.impl.TenantServiceImpl.generateSlug(TenantServiceImpl.java:296) ~[classes/:na]
	at com.sentinel.tenant_service.service.impl.TenantServiceImpl.createTenantForUser(TenantServiceImpl.java:91) ~[classes/:na]
	at java.base/jdk.internal.reflect.DirectMethodHandleAccessor.invoke(DirectMethodHandleAccessor.java:103) ~[na:na]
	at java.base/java.lang.reflect.Method.invoke(Method.java:580) ~[na:na]
	at org.springframework.aop.support.AopUtils.invokeJoinpointUsingReflection(AopUtils.java:360) ~[spring-aop-6.2.14.jar:6.2.14]
	at org.springframework.aop.framework.ReflectiveMethodInvocation.invokeJoinpoint(ReflectiveMethodInvocation.java:196) ~[spring-aop-6.2.14.jar:6.2.14]
	at org.springframework.aop.framework.ReflectiveMethodInvocation.proceed(ReflectiveMethodInvocation.java:163) ~[spring-aop-6.2.14.jar:6.2.14]
	at org.springframework.transaction.interceptor.TransactionAspectSupport.invokeWithinTransaction(TransactionAspectSupport.java:380) ~[spring-tx-6.2.14.jar:6.2.14]
	at org.springframework.transaction.interceptor.TransactionInterceptor.invoke(TransactionInterceptor.java:119) ~[spring-tx-6.2.14.jar:6.2.14]
	at org.springframework.aop.framework.ReflectiveMethodInvocation.proceed(ReflectiveMethodInvocation.java:184) ~[spring-aop-6.2.14.jar:6.2.14]
	at org.springframework.aop.framework.CglibAopProxy$DynamicAdvisedInterceptor.intercept(CglibAopProxy.java:728) ~[spring-aop-6.2.14.jar:6.2.14]
	at com.sentinel.tenant_service.service.impl.TenantServiceImpl$$SpringCGLIB$$0.createTenantForUser(<generated>) ~[classes/:na]
	at com.sentinel.tenant_service.events.listeners.UserRegisteredListener.handleUserRegistered(UserRegisteredListener.java:52) ~[classes/:na]
	at java.base/jdk.internal.reflect.DirectMethodHandleAccessor.invoke(DirectMethodHandleAccessor.java:103) ~[na:na]
	at java.base/java.lang.reflect.Method.invoke(Method.java:580) ~[na:na]
	at org.springframework.messaging.handler.invocation.InvocableHandlerMethod.doInvoke(InvocableHandlerMethod.java:169) ~[spring-messaging-6.2.14.jar:6.2.14]
	at org.springframework.amqp.rabbit.listener.adapter.KotlinAwareInvocableHandlerMethod.doInvoke(KotlinAwareInvocableHandlerMethod.java:45) ~[spring-rabbit-3.2.8.jar:3.2.8]
	at org.springframework.messaging.handler.invocation.InvocableHandlerMethod.invoke(InvocableHandlerMethod.java:119) ~[spring-messaging-6.2.14.jar:6.2.14]
	at org.springframework.amqp.rabbit.listener.adapter.HandlerAdapter.invoke(HandlerAdapter.java:80) ~[spring-rabbit-3.2.8.jar:3.2.8]
	at org.springframework.amqp.rabbit.listener.adapter.MessagingMessageListenerAdapter.invokeHandler(MessagingMessageListenerAdapter.java:274) ~[spring-rabbit-3.2.8.jar:3.2.8]
	at org.springframework.amqp.rabbit.listener.adapter.MessagingMessageListenerAdapter.invokeHandlerAndProcessResult(MessagingMessageListenerAdapter.java:221) ~[spring-rabbit-3.2.8.jar:3.2.8]
	at org.springframework.amqp.rabbit.listener.adapter.MessagingMessageListenerAdapter.onMessage(MessagingMessageListenerAdapter.java:148) ~[spring-rabbit-3.2.8.jar:3.2.8]
	at org.springframework.amqp.rabbit.listener.AbstractMessageListenerContainer.doInvokeListener(AbstractMessageListenerContainer.java:1694) ~[spring-rabbit-3.2.8.jar:3.2.8]
	at org.springframework.amqp.rabbit.listener.AbstractMessageListenerContainer.actualInvokeListener(AbstractMessageListenerContainer.java:1616) ~[spring-rabbit-3.2.8.jar:3.2.8]
	at org.springframework.amqp.rabbit.listener.AbstractMessageListenerContainer.invokeListener(AbstractMessageListenerContainer.java:1604) ~[spring-rabbit-3.2.8.jar:3.2.8]
	at org.springframework.amqp.rabbit.listener.AbstractMessageListenerContainer.doExecuteListener(AbstractMessageListenerContainer.java:1595) ~[spring-rabbit-3.2.8.jar:3.2.8]
	at org.springframework.amqp.rabbit.listener.AbstractMessageListenerContainer.executeListenerAndHandleException(AbstractMessageListenerContainer.java:1540) ~[spring-rabbit-3.2.8.jar:3.2.8]
	at org.springframework.amqp.rabbit.listener.AbstractMessageListenerContainer.executeListener(AbstractMessageListenerContainer.java:1521) ~[spring-rabbit-3.2.8.jar:3.2.8]
	at org.springframework.amqp.rabbit.listener.SimpleMessageListenerContainer.doReceiveAndExecute(SimpleMessageListenerContainer.java:1091) ~[spring-rabbit-3.2.8.jar:3.2.8]
	at org.springframework.amqp.rabbit.listener.SimpleMessageListenerContainer.receiveAndExecute(SimpleMessageListenerContainer.java:1027) ~[spring-rabbit-3.2.8.jar:3.2.8]
	at org.springframework.amqp.rabbit.listener.SimpleMessageListenerContainer$AsyncMessageProcessingConsumer.mainLoop(SimpleMessageListenerContainer.java:1431) ~[spring-rabbit-3.2.8.jar:3.2.8]
	at org.springframework.amqp.rabbit.listener.SimpleMessageListenerContainer$AsyncMessageProcessingConsumer.run(SimpleMessageListenerContainer.java:1331) ~[spring-rabbit-3.2.8.jar:3.2.8]
	at java.base/java.lang.Thread.run(Thread.java:1583) ~[na:na]

2025-12-02T19:39:22.564-05:00  WARN 124510 --- [tenant-service] [org.springframework.amqp.rabbit.RabbitListenerEndpointContainer#0-1] s.a.r.l.ConditionalRejectingErrorHandler : Execution of Rabbit message listener failed.

org.springframework.amqp.rabbit.support.ListenerExecutionFailedException: Listener method 'public void com.sentinel.tenant_service.events.listeners.UserRegisteredListener.handleUserRegistered(java.util.Map<java.lang.String, java.lang.Object>)' threw exception
	at org.springframework.amqp.rabbit.listener.adapter.MessagingMessageListenerAdapter.invokeHandler(MessagingMessageListenerAdapter.java:283) ~[spring-rabbit-3.2.8.jar:3.2.8]
	at org.springframework.amqp.rabbit.listener.adapter.MessagingMessageListenerAdapter.invokeHandlerAndProcessResult(MessagingMessageListenerAdapter.java:221) ~[spring-rabbit-3.2.8.jar:3.2.8]
	at org.springframework.amqp.rabbit.listener.adapter.MessagingMessageListenerAdapter.onMessage(MessagingMessageListenerAdapter.java:148) ~[spring-rabbit-3.2.8.jar:3.2.8]
	at org.springframework.amqp.rabbit.listener.AbstractMessageListenerContainer.doInvokeListener(AbstractMessageListenerContainer.java:1694) ~[spring-rabbit-3.2.8.jar:3.2.8]
	at org.springframework.amqp.rabbit.listener.AbstractMessageListenerContainer.actualInvokeListener(AbstractMessageListenerContainer.java:1616) ~[spring-rabbit-3.2.8.jar:3.2.8]
	at org.springframework.amqp.rabbit.listener.AbstractMessageListenerContainer.invokeListener(AbstractMessageListenerContainer.java:1604) ~[spring-rabbit-3.2.8.jar:3.2.8]
	at org.springframework.amqp.rabbit.listener.AbstractMessageListenerContainer.doExecuteListener(AbstractMessageListenerContainer.java:1595) ~[spring-rabbit-3.2.8.jar:3.2.8]
	at org.springframework.amqp.rabbit.listener.AbstractMessageListenerContainer.executeListenerAndHandleException(AbstractMessageListenerContainer.java:1540) ~[spring-rabbit-3.2.8.jar:3.2.8]
	at org.springframework.amqp.rabbit.listener.AbstractMessageListenerContainer.executeListener(AbstractMessageListenerContainer.java:1521) ~[spring-rabbit-3.2.8.jar:3.2.8]
	at org.springframework.amqp.rabbit.listener.SimpleMessageListenerContainer.doReceiveAndExecute(SimpleMessageListenerContainer.java:1091) ~[spring-rabbit-3.2.8.jar:3.2.8]
	at org.springframework.amqp.rabbit.listener.SimpleMessageListenerContainer.receiveAndExecute(SimpleMessageListenerContainer.java:1027) ~[spring-rabbit-3.2.8.jar:3.2.8]
	at org.springframework.amqp.rabbit.listener.SimpleMessageListenerContainer$AsyncMessageProcessingConsumer.mainLoop(SimpleMessageListenerContainer.java:1431) ~[spring-rabbit-3.2.8.jar:3.2.8]
	at org.springframework.amqp.rabbit.listener.SimpleMessageListenerContainer$AsyncMessageProcessingConsumer.run(SimpleMessageListenerContainer.java:1331) ~[spring-rabbit-3.2.8.jar:3.2.8]
	at java.base/java.lang.Thread.run(Thread.java:1583) ~[na:na]
Caused by: java.lang.StringIndexOutOfBoundsException: Range [0, 18) out of bounds for length 17
	at java.base/jdk.internal.util.Preconditions$1.apply(Preconditions.java:55) ~[na:na]
	at java.base/jdk.internal.util.Preconditions$1.apply(Preconditions.java:52) ~[na:na]
	at java.base/jdk.internal.util.Preconditions$4.apply(Preconditions.java:213) ~[na:na]
	at java.base/jdk.internal.util.Preconditions$4.apply(Preconditions.java:210) ~[na:na]
	at java.base/jdk.internal.util.Preconditions.outOfBounds(Preconditions.java:98) ~[na:na]
	at java.base/jdk.internal.util.Preconditions.outOfBoundsCheckFromToIndex(Preconditions.java:112) ~[na:na]
	at java.base/jdk.internal.util.Preconditions.checkFromToIndex(Preconditions.java:349) ~[na:na]
	at java.base/java.lang.String.checkBoundsBeginEnd(String.java:4865) ~[na:na]
	at java.base/java.lang.String.substring(String.java:2834) ~[na:na]
	at com.sentinel.tenant_service.service.impl.TenantServiceImpl.generateSlug(TenantServiceImpl.java:296) ~[classes/:na]
	at com.sentinel.tenant_service.service.impl.TenantServiceImpl.createTenantForUser(TenantServiceImpl.java:91) ~[classes/:na]
	at java.base/jdk.internal.reflect.DirectMethodHandleAccessor.invoke(DirectMethodHandleAccessor.java:103) ~[na:na]
	at java.base/java.lang.reflect.Method.invoke(Method.java:580) ~[na:na]
	at org.springframework.aop.support.AopUtils.invokeJoinpointUsingReflection(AopUtils.java:360) ~[spring-aop-6.2.14.jar:6.2.14]
	at org.springframework.aop.framework.ReflectiveMethodInvocation.invokeJoinpoint(ReflectiveMethodInvocation.java:196) ~[spring-aop-6.2.14.jar:6.2.14]
	at org.springframework.aop.framework.ReflectiveMethodInvocation.proceed(ReflectiveMethodInvocation.java:163) ~[spring-aop-6.2.14.jar:6.2.14]
	at org.springframework.transaction.interceptor.TransactionAspectSupport.invokeWithinTransaction(TransactionAspectSupport.java:380) ~[spring-tx-6.2.14.jar:6.2.14]
	at org.springframework.transaction.interceptor.TransactionInterceptor.invoke(TransactionInterceptor.java:119) ~[spring-tx-6.2.14.jar:6.2.14]
	at org.springframework.aop.framework.ReflectiveMethodInvocation.proceed(ReflectiveMethodInvocation.java:184) ~[spring-aop-6.2.14.jar:6.2.14]
	at org.springframework.aop.framework.CglibAopProxy$DynamicAdvisedInterceptor.intercept(CglibAopProxy.java:728) ~[spring-aop-6.2.14.jar:6.2.14]
	at com.sentinel.tenant_service.service.impl.TenantServiceImpl$$SpringCGLIB$$0.createTenantForUser(<generated>) ~[classes/:na]
	at com.sentinel.tenant_service.events.listeners.UserRegisteredListener.handleUserRegistered(UserRegisteredListener.java:52) ~[classes/:na]
	at java.base/jdk.internal.reflect.DirectMethodHandleAccessor.invoke(DirectMethodHandleAccessor.java:103) ~[na:na]
	at java.base/java.lang.reflect.Method.invoke(Method.java:580) ~[na:na]
	at org.springframework.messaging.handler.invocation.InvocableHandlerMethod.doInvoke(InvocableHandlerMethod.java:169) ~[spring-messaging-6.2.14.jar:6.2.14]
	at org.springframework.amqp.rabbit.listener.adapter.KotlinAwareInvocableHandlerMethod.doInvoke(KotlinAwareInvocableHandlerMethod.java:45) ~[spring-rabbit-3.2.8.jar:3.2.8]
	at org.springframework.messaging.handler.invocation.InvocableHandlerMethod.invoke(InvocableHandlerMethod.java:119) ~[spring-messaging-6.2.14.jar:6.2.14]
	at org.springframework.amqp.rabbit.listener.adapter.HandlerAdapter.invoke(HandlerAdapter.java:80) ~[spring-rabbit-3.2.8.jar:3.2.8]
	at org.springframework.amqp.rabbit.listener.adapter.MessagingMessageListenerAdapter.invokeHandler(MessagingMessageListenerAdapter.java:274) ~[spring-rabbit-3.2.8.jar:3.2.8]
	... 13 common frames omitted

2025-12-02T19:39:22.564-05:00 DEBUG 124510 --- [tenant-service] [org.springframework.amqp.rabbit.RabbitListenerEndpointContainer#0-1] o.s.a.r.listener.BlockingQueueConsumer   : Rejecting messages (requeue=true)
2025-12-02T19:39:22.564-05:00 DEBUG 124510 --- [tenant-service] [pool-2-thread-3] o.s.a.r.listener.BlockingQueueConsumer   : Storing delivery for consumerTag: 'amq.ctag-cAqrhI9n0NxPX1HhqC9Csg' with deliveryTag: '1645' in Consumer@2baf9cd4: tags=[[amq.ctag-cAqrhI9n0NxPX1HhqC9Csg]], channel=Cached Rabbit Channel: AMQChannel(amqp://guest@127.0.0.1:5672/,1), conn: Proxy@ae449e7 Shared Rabbit Connection: SimpleConnection@15beb40b [delegate=amqp://guest@127.0.0.1:5672/, localPort=40784], acknowledgeMode=AUTO local queue size=0
2025-12-02T19:39:22.564-05:00 DEBUG 124510 --- [tenant-service] [org.springframework.amqp.rabbit.RabbitListenerEndpointContainer#0-1] o.s.a.r.listener.BlockingQueueConsumer   : Received message: (Body:'[B@7960f6f3(byte[176])' MessageProperties [headers={__ContentTypeId__=java.lang.Object, __KeyTypeId__=java.lang.Object, __TypeId__=java.util.HashMap}, contentType=application/json, contentEncoding=UTF-8, contentLength=0, receivedDeliveryMode=PERSISTENT, priority=0, redelivered=true, receivedExchange=auth-exchange, receivedRoutingKey=auth.user.registered, deliveryTag=1645, consumerTag=amq.ctag-cAqrhI9n0NxPX1HhqC9Csg, consumerQueue=auth.user.registered.queue])
2025-12-02T19:39:22.564-05:00 DEBUG 124510 --- [tenant-service] [org.springframework.amqp.rabbit.RabbitListenerEndpointContainer#0-1] .a.r.l.a.MessagingMessageListenerAdapter : Processing [GenericMessage [payload={globalRole=USER, eventType=auth.user.registered, userId=83278a9a-ba74-469a-994e-effb51d8837e, email=prueba@correo.com, timestamp=2025-12-02T19:33:08.964523491}, headers={amqp_receivedDeliveryMode=PERSISTENT, amqp_receivedExchange=auth-exchange, amqp_deliveryTag=1645, amqp_consumerQueue=auth.user.registered.queue, amqp_redelivered=true, __ContentTypeId__=java.lang.Object, amqp_receivedRoutingKey=auth.user.registered, amqp_contentEncoding=UTF-8, __KeyTypeId__=java.lang.Object, amqp_retryCount=0, id=7569a984-f26d-bc70-2839-839eda7c43d4, amqp_consumerTag=amq.ctag-cAqrhI9n0NxPX1HhqC9Csg, amqp_lastInBatch=false, contentType=application/json, __TypeId__=java.util.HashMap, timestamp=1764722362564}]]
2025-12-02T19:39:22.564-05:00  INFO 124510 --- [tenant-service] [org.springframework.amqp.rabbit.RabbitListenerEndpointContainer#0-1] c.s.t.e.l.UserRegisteredListener         : Received auth.user.registered event: {globalRole=USER, eventType=auth.user.registered, userId=83278a9a-ba74-469a-994e-effb51d8837e, email=prueba@correo.com, timestamp=2025-12-02T19:33:08.964523491}
2025-12-02T19:39:22.564-05:00  INFO 124510 --- [tenant-service] [org.springframework.amqp.rabbit.RabbitListenerEndpointContainer#0-1] c.s.t.e.l.UserRegisteredListener         : Creating tenant for new user: prueba@correo.com (83278a9a-ba74-469a-994e-effb51d8837e)
2025-12-02T19:39:22.564-05:00  INFO 124510 --- [tenant-service] [org.springframework.amqp.rabbit.RabbitListenerEndpointContainer#0-1] c.s.t.service.impl.TenantServiceImpl     : Auto-creating tenant for new user: 83278a9a-ba74-469a-994e-effb51d8837e
2025-12-02T19:39:22.565-05:00 ERROR 124510 --- [tenant-service] [org.springframework.amqp.rabbit.RabbitListenerEndpointContainer#0-1] c.s.t.e.l.UserRegisteredListener         : Error processing auth.user.registered event: Range [0, 18) out of bounds for length 17

java.lang.StringIndexOutOfBoundsException: Range [0, 18) out of bounds for length 17
	at java.base/jdk.internal.util.Preconditions$1.apply(Preconditions.java:55) ~[na:na]
	at java.base/jdk.internal.util.Preconditions$1.apply(Preconditions.java:52) ~[na:na]
	at java.base/jdk.internal.util.Preconditions$4.apply(Preconditions.java:213) ~[na:na]
	at java.base/jdk.internal.util.Preconditions$4.apply(Preconditions.java:210) ~[na:na]
	at java.base/jdk.internal.util.Preconditions.outOfBounds(Preconditions.java:98) ~[na:na]
	at java.base/jdk.internal.util.Preconditions.outOfBoundsCheckFromToIndex(Preconditions.java:112) ~[na:na]
	at java.base/jdk.internal.util.Preconditions.checkFromToIndex(Preconditions.java:349) ~[na:na]
	at java.base/java.lang.String.checkBoundsBeginEnd(String.java:4865) ~[na:na]
	at java.base/java.lang.String.substring(String.java:2834) ~[na:na]
	at com.sentinel.tenant_service.service.impl.TenantServiceImpl.generateSlug(TenantServiceImpl.java:296) ~[classes/:na]
	at com.sentinel.tenant_service.service.impl.TenantServiceImpl.createTenantForUser(TenantServiceImpl.java:91) ~[classes/:na]
	at java.base/jdk.internal.reflect.DirectMethodHandleAccessor.invoke(DirectMethodHandleAccessor.java:103) ~[na:na]
	at java.base/java.lang.reflect.Method.invoke(Method.java:580) ~[na:na]
	at org.springframework.aop.support.AopUtils.invokeJoinpointUsingReflection(AopUtils.java:360) ~[spring-aop-6.2.14.jar:6.2.14]
	at org.springframework.aop.framework.ReflectiveMethodInvocation.invokeJoinpoint(ReflectiveMethodInvocation.java:196) ~[spring-aop-6.2.14.jar:6.2.14]
	at org.springframework.aop.framework.ReflectiveMethodInvocation.proceed(ReflectiveMethodInvocation.java:163) ~[spring-aop-6.2.14.jar:6.2.14]
	at org.springframework.transaction.interceptor.TransactionAspectSupport.invokeWithinTransaction(TransactionAspectSupport.java:380) ~[spring-tx-6.2.14.jar:6.2.14]
	at org.springframework.transaction.interceptor.TransactionInterceptor.invoke(TransactionInterceptor.java:119) ~[spring-tx-6.2.14.jar:6.2.14]
	at org.springframework.aop.framework.ReflectiveMethodInvocation.proceed(ReflectiveMethodInvocation.java:184) ~[spring-aop-6.2.14.jar:6.2.14]
	at org.springframework.aop.framework.CglibAopProxy$DynamicAdvisedInterceptor.intercept(CglibAopProxy.java:728) ~[spring-aop-6.2.14.jar:6.2.14]
	at com.sentinel.tenant_service.service.impl.TenantServiceImpl$$SpringCGLIB$$0.createTenantForUser(<generated>) ~[classes/:na]
	at com.sentinel.tenant_service.events.listeners.UserRegisteredListener.handleUserRegistered(UserRegisteredListener.java:52) ~[classes/:na]
	at java.base/jdk.internal.reflect.DirectMethodHandleAccessor.invoke(DirectMethodHandleAccessor.java:103) ~[na:na]
	at java.base/java.lang.reflect.Method.invoke(Method.java:580) ~[na:na]
	at org.springframework.messaging.handler.invocation.InvocableHandlerMethod.doInvoke(InvocableHandlerMethod.java:169) ~[spring-messaging-6.2.14.jar:6.2.14]
	at org.springframework.amqp.rabbit.listener.adapter.KotlinAwareInvocableHandlerMethod.doInvoke(KotlinAwareInvocableHandlerMethod.java:45) ~[spring-rabbit-3.2.8.jar:3.2.8]
	at org.springframework.messaging.handler.invocation.InvocableHandlerMethod.invoke(InvocableHandlerMethod.java:119) ~[spring-messaging-6.2.14.jar:6.2.14]
	at org.springframework.amqp.rabbit.listener.adapter.HandlerAdapter.invoke(HandlerAdapter.java:80) ~[spring-rabbit-3.2.8.jar:3.2.8]
	at org.springframework.amqp.rabbit.listener.adapter.MessagingMessageListenerAdapter.invokeHandler(MessagingMessageListenerAdapter.java:274) ~[spring-rabbit-3.2.8.jar:3.2.8]
	at org.springframework.amqp.rabbit.listener.adapter.MessagingMessageListenerAdapter.invokeHandlerAndProcessResult(MessagingMessageListenerAdapter.java:221) ~[spring-rabbit-3.2.8.jar:3.2.8]
	at org.springframework.amqp.rabbit.listener.adapter.MessagingMessageListenerAdapter.onMessage(MessagingMessageListenerAdapter.java:148) ~[spring-rabbit-3.2.8.jar:3.2.8]
	at org.springframework.amqp.rabbit.listener.AbstractMessageListenerContainer.doInvokeListener(AbstractMessageListenerContainer.java:1694) ~[spring-rabbit-3.2.8.jar:3.2.8]
	at org.springframework.amqp.rabbit.listener.AbstractMessageListenerContainer.actualInvokeListener(AbstractMessageListenerContainer.java:1616) ~[spring-rabbit-3.2.8.jar:3.2.8]
	at org.springframework.amqp.rabbit.listener.AbstractMessageListenerContainer.invokeListener(AbstractMessageListenerContainer.java:1604) ~[spring-rabbit-3.2.8.jar:3.2.8]
	at org.springframework.amqp.rabbit.listener.AbstractMessageListenerContainer.doExecuteListener(AbstractMessageListenerContainer.java:1595) ~[spring-rabbit-3.2.8.jar:3.2.8]
	at org.springframework.amqp.rabbit.listener.AbstractMessageListenerContainer.executeListenerAndHandleException(AbstractMessageListenerContainer.java:1540) ~[spring-rabbit-3.2.8.jar:3.2.8]
	at org.springframework.amqp.rabbit.listener.AbstractMessageListenerContainer.executeListener(AbstractMessageListenerContainer.java:1521) ~[spring-rabbit-3.2.8.jar:3.2.8]
	at org.springframework.amqp.rabbit.listener.SimpleMessageListenerContainer.doReceiveAndExecute(SimpleMessageListenerContainer.java:1091) ~[spring-rabbit-3.2.8.jar:3.2.8]
	at org.springframework.amqp.rabbit.listener.SimpleMessageListenerContainer.receiveAndExecute(SimpleMessageListenerContainer.java:1027) ~[spring-rabbit-3.2.8.jar:3.2.8]
	at org.springframework.amqp.rabbit.listener.SimpleMessageListenerContainer$AsyncMessageProcessingConsumer.mainLoop(SimpleMessageListenerContainer.java:1431) ~[spring-rabbit-3.2.8.jar:3.2.8]
	at org.springframework.amqp.rabbit.listener.SimpleMessageListenerContainer$AsyncMessageProcessingConsumer.run(SimpleMessageListenerContainer.java:1331) ~[spring-rabbit-3.2.8.jar:3.2.8]
	at java.base/java.lang.Thread.run(Thread.java:1583) ~[na:na]

2025-12-02T19:39:22.565-05:00  WARN 124510 --- [tenant-service] [org.springframework.amqp.rabbit.RabbitListenerEndpointContainer#0-1] s.a.r.l.ConditionalRejectingErrorHandler : Execution of Rabbit message listener failed.

org.springframework.amqp.rabbit.support.ListenerExecutionFailedException: Listener method 'public void com.sentinel.tenant_service.events.listeners.UserRegisteredListener.handleUserRegistered(java.util.Map<java.lang.String, java.lang.Object>)' threw exception
	at org.springframework.amqp.rabbit.listener.adapter.MessagingMessageListenerAdapter.invokeHandler(MessagingMessageListenerAdapter.java:283) ~[spring-rabbit-3.2.8.jar:3.2.8]
	at org.springframework.amqp.rabbit.listener.adapter.MessagingMessageListenerAdapter.invokeHandlerAndProcessResult(MessagingMessageListenerAdapter.java:221) ~[spring-rabbit-3.2.8.jar:3.2.8]
	at org.springframework.amqp.rabbit.listener.adapter.MessagingMessageListenerAdapter.onMessage(MessagingMessageListenerAdapter.java:148) ~[spring-rabbit-3.2.8.jar:3.2.8]
	at org.springframework.amqp.rabbit.listener.AbstractMessageListenerContainer.doInvokeListener(AbstractMessageListenerContainer.java:1694) ~[spring-rabbit-3.2.8.jar:3.2.8]
	at org.springframework.amqp.rabbit.listener.AbstractMessageListenerContainer.actualInvokeListener(AbstractMessageListenerContainer.java:1616) ~[spring-rabbit-3.2.8.jar:3.2.8]
	at org.springframework.amqp.rabbit.listener.AbstractMessageListenerContainer.invokeListener(AbstractMessageListenerContainer.java:1604) ~[spring-rabbit-3.2.8.jar:3.2.8]
	at org.springframework.amqp.rabbit.listener.AbstractMessageListenerContainer.doExecuteListener(AbstractMessageListenerContainer.java:1595) ~[spring-rabbit-3.2.8.jar:3.2.8]
	at org.springframework.amqp.rabbit.listener.AbstractMessageListenerContainer.executeListenerAndHandleException(AbstractMessageListenerContainer.java:1540) ~[spring-rabbit-3.2.8.jar:3.2.8]
	at org.springframework.amqp.rabbit.listener.AbstractMessageListenerContainer.executeListener(AbstractMessageListenerContainer.java:1521) ~[spring-rabbit-3.2.8.jar:3.2.8]
	at org.springframework.amqp.rabbit.listener.SimpleMessageListenerContainer.doReceiveAndExecute(SimpleMessageListenerContainer.java:1091) ~[spring-rabbit-3.2.8.jar:3.2.8]
	at org.springframework.amqp.rabbit.listener.SimpleMessageListenerContainer.receiveAndExecute(SimpleMessageListenerContainer.java:1027) ~[spring-rabbit-3.2.8.jar:3.2.8]
	at org.springframework.amqp.rabbit.listener.SimpleMessageListenerContainer$AsyncMessageProcessingConsumer.mainLoop(SimpleMessageListenerContainer.java:1431) ~[spring-rabbit-3.2.8.jar:3.2.8]
	at org.springframework.amqp.rabbit.listener.SimpleMessageListenerContainer$AsyncMessageProcessingConsumer.run(SimpleMessageListenerContainer.java:1331) ~[spring-rabbit-3.2.8.jar:3.2.8]
	at java.base/java.lang.Thread.run(Thread.java:1583) ~[na:na]
Caused by: java.lang.StringIndexOutOfBoundsException: Range [0, 18) out of bounds for length 17
	at java.base/jdk.internal.util.Preconditions$1.apply(Preconditions.java:55) ~[na:na]
	at java.base/jdk.internal.util.Preconditions$1.apply(Preconditions.java:52) ~[na:na]
	at java.base/jdk.internal.util.Preconditions$4.apply(Preconditions.java:213) ~[na:na]
	at java.base/jdk.internal.util.Preconditions$4.apply(Preconditions.java:210) ~[na:na]
	at java.base/jdk.internal.util.Preconditions.outOfBounds(Preconditions.java:98) ~[na:na]
	at java.base/jdk.internal.util.Preconditions.outOfBoundsCheckFromToIndex(Preconditions.java:112) ~[na:na]
	at java.base/jdk.internal.util.Preconditions.checkFromToIndex(Preconditions.java:349) ~[na:na]
	at java.base/java.lang.String.checkBoundsBeginEnd(String.java:4865) ~[na:na]
	at java.base/java.lang.String.substring(String.java:2834) ~[na:na]
	at com.sentinel.tenant_service.service.impl.TenantServiceImpl.generateSlug(TenantServiceImpl.java:296) ~[classes/:na]
	at com.sentinel.tenant_service.service.impl.TenantServiceImpl.createTenantForUser(TenantServiceImpl.java:91) ~[classes/:na]
	at java.base/jdk.internal.reflect.DirectMethodHandleAccessor.invoke(DirectMethodHandleAccessor.java:103) ~[na:na]
	at java.base/java.lang.reflect.Method.invoke(Method.java:580) ~[na:na]
	at org.springframework.aop.support.AopUtils.invokeJoinpointUsingReflection(AopUtils.java:360) ~[spring-aop-6.2.14.jar:6.2.14]
	at org.springframework.aop.framework.ReflectiveMethodInvocation.invokeJoinpoint(ReflectiveMethodInvocation.java:196) ~[spring-aop-6.2.14.jar:6.2.14]
	at org.springframework.aop.framework.ReflectiveMethodInvocation.proceed(ReflectiveMethodInvocation.java:163) ~[spring-aop-6.2.14.jar:6.2.14]
	at org.springframework.transaction.interceptor.TransactionAspectSupport.invokeWithinTransaction(TransactionAspectSupport.java:380) ~[spring-tx-6.2.14.jar:6.2.14]
	at org.springframework.transaction.interceptor.TransactionInterceptor.invoke(TransactionInterceptor.java:119) ~[spring-tx-6.2.14.jar:6.2.14]
	at org.springframework.aop.framework.ReflectiveMethodInvocation.proceed(ReflectiveMethodInvocation.java:184) ~[spring-aop-6.2.14.jar:6.2.14]
	at org.springframework.aop.framework.CglibAopProxy$DynamicAdvisedInterceptor.intercept(CglibAopProxy.java:728) ~[spring-aop-6.2.14.jar:6.2.14]
	at com.sentinel.tenant_service.service.impl.TenantServiceImpl$$SpringCGLIB$$0.createTenantForUser(<generated>) ~[classes/:na]
	at com.sentinel.tenant_service.events.listeners.UserRegisteredListener.handleUserRegistered(UserRegisteredListener.java:52) ~[classes/:na]
	at java.base/jdk.internal.reflect.DirectMethodHandleAccessor.invoke(DirectMethodHandleAccessor.java:103) ~[na:na]
	at java.base/java.lang.reflect.Method.invoke(Method.java:580) ~[na:na]
	at org.springframework.messaging.handler.invocation.InvocableHandlerMethod.doInvoke(InvocableHandlerMethod.java:169) ~[spring-messaging-6.2.14.jar:6.2.14]
	at org.springframework.amqp.rabbit.listener.adapter.KotlinAwareInvocableHandlerMethod.doInvoke(KotlinAwareInvocableHandlerMethod.java:45) ~[spring-rabbit-3.2.8.jar:3.2.8]
	at org.springframework.messaging.handler.invocation.InvocableHandlerMethod.invoke(InvocableHandlerMethod.java:119) ~[spring-messaging-6.2.14.jar:6.2.14]
	at org.springframework.amqp.rabbit.listener.adapter.HandlerAdapter.invoke(HandlerAdapter.java:80) ~[spring-rabbit-3.2.8.jar:3.2.8]
	at org.springframework.amqp.rabbit.listener.adapter.MessagingMessageListenerAdapter.invokeHandler(MessagingMessageListenerAdapter.java:274) ~[spring-rabbit-3.2.8.jar:3.2.8]
	... 13 common frames omitted

2025-12-02T19:39:22.565-05:00 DEBUG 124510 --- [tenant-service] [org.springframework.amqp.rabbit.RabbitListenerEndpointContainer#0-1] o.s.a.r.listener.BlockingQueueConsumer   : Rejecting messages (requeue=true)
2025-12-02T19:39:22.565-05:00 DEBUG 124510 --- [tenant-service] [pool-2-thread-4] o.s.a.r.listener.BlockingQueueConsumer   : Storing delivery for consumerTag: 'amq.ctag-cAqrhI9n0NxPX1HhqC9Csg' with deliveryTag: '1646' in Consumer@2baf9cd4: tags=[[amq.ctag-cAqrhI9n0NxPX1HhqC9Csg]], channel=Cached Rabbit Channel: AMQChannel(amqp://guest@127.0.0.1:5672/,1), conn: Proxy@ae449e7 Shared Rabbit Connection: SimpleConnection@15beb40b [delegate=amqp://guest@127.0.0.1:5672/, localPort=40784], acknowledgeMode=AUTO local queue size=0
2025-12-02T19:39:22.565-05:00 DEBUG 124510 --- [tenant-service] [org.springframework.amqp.rabbit.RabbitListenerEndpointContainer#0-1] o.s.a.r.listener.BlockingQueueConsumer   : Received message: (Body:'[B@509cc727(byte[176])' MessageProperties [headers={__ContentTypeId__=java.lang.Object, __KeyTypeId__=java.lang.Object, __TypeId__=java.util.HashMap}, contentType=application/json, contentEncoding=UTF-8, contentLength=0, receivedDeliveryMode=PERSISTENT, priority=0, redelivered=true, receivedExchange=auth-exchange, receivedRoutingKey=auth.user.registered, deliveryTag=1646, consumerTag=amq.ctag-cAqrhI9n0NxPX1HhqC9Csg, consumerQueue=auth.user.registered.queue])
2025-12-02T19:39:22.565-05:00 DEBUG 124510 --- [tenant-service] [org.springframework.amqp.rabbit.RabbitListenerEndpointContainer#0-1] .a.r.l.a.MessagingMessageListenerAdapter : Processing [GenericMessage [payload={globalRole=USER, eventType=auth.user.registered, userId=83278a9a-ba74-469a-994e-effb51d8837e, email=prueba@correo.com, timestamp=2025-12-02T19:33:08.964523491}, headers={amqp_receivedDeliveryMode=PERSISTENT, amqp_receivedExchange=auth-exchange, amqp_deliveryTag=1646, amqp_consumerQueue=auth.user.registered.queue, amqp_redelivered=true, __ContentTypeId__=java.lang.Object, amqp_receivedRoutingKey=auth.user.registered, amqp_contentEncoding=UTF-8, __KeyTypeId__=java.lang.Object, amqp_retryCount=0, id=96ed2b68-e9b3-90b8-e3c9-052555535a9c, amqp_consumerTag=amq.ctag-cAqrhI9n0NxPX1HhqC9Csg, amqp_lastInBatch=false, contentType=application/json, __TypeId__=java.util.HashMap, timestamp=1764722362565}]]
2025-12-02T19:39:22.565-05:00  INFO 124510 --- [tenant-service] [org.springframework.amqp.rabbit.RabbitListenerEndpointContainer#0-1] c.s.t.e.l.UserRegisteredListener         : Received auth.user.registered event: {globalRole=USER, eventType=auth.user.registered, userId=83278a9a-ba74-469a-994e-effb51d8837e, email=prueba@correo.com, timestamp=2025-12-02T19:33:08.964523491}
2025-12-02T19:39:22.565-05:00  INFO 124510 --- [tenant-service] [org.springframework.amqp.rabbit.RabbitListenerEndpointContainer#0-1] c.s.t.e.l.UserRegisteredListener         : Creating tenant for new user: prueba@correo.com (83278a9a-ba74-469a-994e-effb51d8837e)
2025-12-02T19:39:22.565-05:00  INFO 124510 --- [tenant-service] [org.springframework.amqp.rabbit.RabbitListenerEndpointContainer#0-1] c.s.t.service.impl.TenantServiceImpl     : Auto-creating tenant for new user: 83278a9a-ba74-469a-994e-effb51d8837e
2025-12-02T19:39:22.565-05:00 ERROR 124510 --- [tenant-service] [org.springframework.amqp.rabbit.RabbitListenerEndpointContainer#0-1] c.s.t.e.l.UserRegisteredListener         : Error processing auth.user.registered event: Range [0, 18) out of bounds for length 17

java.lang.StringIndexOutOfBoundsException: Range [0, 18) out of bounds for length 17
	at java.base/jdk.internal.util.Preconditions$1.apply(Preconditions.java:55) ~[na:na]
	at java.base/jdk.internal.util.Preconditions$1.apply(Preconditions.java:52) ~[na:na]
	at java.base/jdk.internal.util.Preconditions$4.apply(Preconditions.java:213) ~[na:na]
	at java.base/jdk.internal.util.Preconditions$4.apply(Preconditions.java:210) ~[na:na]
	at java.base/jdk.internal.util.Preconditions.outOfBounds(Preconditions.java:98) ~[na:na]
	at java.base/jdk.internal.util.Preconditions.outOfBoundsCheckFromToIndex(Preconditions.java:112) ~[na:na]
	at java.base/jdk.internal.util.Preconditions.checkFromToIndex(Preconditions.java:349) ~[na:na]
	at java.base/java.lang.String.checkBoundsBeginEnd(String.java:4865) ~[na:na]
	at java.base/java.lang.String.substring(String.java:2834) ~[na:na]
	at com.sentinel.tenant_service.service.impl.TenantServiceImpl.generateSlug(TenantServiceImpl.java:296) ~[classes/:na]
	at com.sentinel.tenant_service.service.impl.TenantServiceImpl.createTenantForUser(TenantServiceImpl.java:91) ~[classes/:na]
	at java.base/jdk.internal.reflect.DirectMethodHandleAccessor.invoke(DirectMethodHandleAccessor.java:103) ~[na:na]
	at java.base/java.lang.reflect.Method.invoke(Method.java:580) ~[na:na]
	at org.springframework.aop.support.AopUtils.invokeJoinpointUsingReflection(AopUtils.java:360) ~[spring-aop-6.2.14.jar:6.2.14]
	at org.springframework.aop.framework.ReflectiveMethodInvocation.invokeJoinpoint(ReflectiveMethodInvocation.java:196) ~[spring-aop-6.2.14.jar:6.2.14]
	at org.springframework.aop.framework.ReflectiveMethodInvocation.proceed(ReflectiveMethodInvocation.java:163) ~[spring-aop-6.2.14.jar:6.2.14]
	at org.springframework.transaction.interceptor.TransactionAspectSupport.invokeWithinTransaction(TransactionAspectSupport.java:380) ~[spring-tx-6.2.14.jar:6.2.14]
	at org.springframework.transaction.interceptor.TransactionInterceptor.invoke(TransactionInterceptor.java:119) ~[spring-tx-6.2.14.jar:6.2.14]
	at org.springframework.aop.framework.ReflectiveMethodInvocation.proceed(ReflectiveMethodInvocation.java:184) ~[spring-aop-6.2.14.jar:6.2.14]
	at org.springframework.aop.framework.CglibAopProxy$DynamicAdvisedInterceptor.intercept(CglibAopProxy.java:728) ~[spring-aop-6.2.14.jar:6.2.14]
	at com.sentinel.tenant_service.service.impl.TenantServiceImpl$$SpringCGLIB$$0.createTenantForUser(<generated>) ~[classes/:na]
	at com.sentinel.tenant_service.events.listeners.UserRegisteredListener.handleUserRegistered(UserRegisteredListener.java:52) ~[classes/:na]
	at java.base/jdk.internal.reflect.DirectMethodHandleAccessor.invoke(DirectMethodHandleAccessor.java:103) ~[na:na]
	at java.base/java.lang.reflect.Method.invoke(Method.java:580) ~[na:na]
	at org.springframework.messaging.handler.invocation.InvocableHandlerMethod.doInvoke(InvocableHandlerMethod.java:169) ~[spring-messaging-6.2.14.jar:6.2.14]
	at org.springframework.amqp.rabbit.listener.adapter.KotlinAwareInvocableHandlerMethod.doInvoke(KotlinAwareInvocableHandlerMethod.java:45) ~[spring-rabbit-3.2.8.jar:3.2.8]
	at org.springframework.messaging.handler.invocation.InvocableHandlerMethod.invoke(InvocableHandlerMethod.java:119) ~[spring-messaging-6.2.14.jar:6.2.14]
	at org.springframework.amqp.rabbit.listener.adapter.HandlerAdapter.invoke(HandlerAdapter.java:80) ~[spring-rabbit-3.2.8.jar:3.2.8]
	at org.springframework.amqp.rabbit.listener.adapter.MessagingMessageListenerAdapter.invokeHandler(MessagingMessageListenerAdapter.java:274) ~[spring-rabbit-3.2.8.jar:3.2.8]
	at org.springframework.amqp.rabbit.listener.adapter.MessagingMessageListenerAdapter.invokeHandlerAndProcessResult(MessagingMessageListenerAdapter.java:221) ~[spring-rabbit-3.2.8.jar:3.2.8]
	at org.springframework.amqp.rabbit.listener.adapter.MessagingMessageListenerAdapter.onMessage(MessagingMessageListenerAdapter.java:148) ~[spring-rabbit-3.2.8.jar:3.2.8]
	at org.springframework.amqp.rabbit.listener.AbstractMessageListenerContainer.doInvokeListener(AbstractMessageListenerContainer.java:1694) ~[spring-rabbit-3.2.8.jar:3.2.8]
	at org.springframework.amqp.rabbit.listener.AbstractMessageListenerContainer.actualInvokeListener(AbstractMessageListenerContainer.java:1616) ~[spring-rabbit-3.2.8.jar:3.2.8]
	at org.springframework.amqp.rabbit.listener.AbstractMessageListenerContainer.invokeListener(AbstractMessageListenerContainer.java:1604) ~[spring-rabbit-3.2.8.jar:3.2.8]
	at org.springframework.amqp.rabbit.listener.AbstractMessageListenerContainer.doExecuteListener(AbstractMessageListenerContainer.java:1595) ~[spring-rabbit-3.2.8.jar:3.2.8]
	at org.springframework.amqp.rabbit.listener.AbstractMessageListenerContainer.executeListenerAndHandleException(AbstractMessageListenerContainer.java:1540) ~[spring-rabbit-3.2.8.jar:3.2.8]
	at org.springframework.amqp.rabbit.listener.AbstractMessageListenerContainer.executeListener(AbstractMessageListenerContainer.java:1521) ~[spring-rabbit-3.2.8.jar:3.2.8]
	at org.springframework.amqp.rabbit.listener.SimpleMessageListenerContainer.doReceiveAndExecute(SimpleMessageListenerContainer.java:1091) ~[spring-rabbit-3.2.8.jar:3.2.8]
	at org.springframework.amqp.rabbit.listener.SimpleMessageListenerContainer.receiveAndExecute(SimpleMessageListenerContainer.java:1027) ~[spring-rabbit-3.2.8.jar:3.2.8]
	at org.springframework.amqp.rabbit.listener.SimpleMessageListenerContainer$AsyncMessageProcessingConsumer.mainLoop(SimpleMessageListenerContainer.java:1431) ~[spring-rabbit-3.2.8.jar:3.2.8]
	at org.springframework.amqp.rabbit.listener.SimpleMessageListenerContainer$AsyncMessageProcessingConsumer.run(SimpleMessageListenerContainer.java:1331) ~[spring-rabbit-3.2.8.jar:3.2.8]
	at java.base/java.lang.Thread.run(Thread.java:1583) ~[na:na]

2025-12-02T19:39:22.587-05:00  WARN 124510 --- [tenant-service] [org.springframework.amqp.rabbit.RabbitListenerEndpointContainer#0-1] s.a.r.l.ConditionalRejectingErrorHandler : Execution of Rabbit message listener failed.

org.springframework.amqp.rabbit.support.ListenerExecutionFailedException: Listener method 'public void com.sentinel.tenant_service.events.listeners.UserRegisteredListener.handleUserRegistered(java.util.Map<java.lang.String, java.lang.Object>)' threw exception
	at org.springframework.amqp.rabbit.listener.adapter.MessagingMessageListenerAdapter.invokeHandler(MessagingMessageListenerAdapter.java:283) ~[spring-rabbit-3.2.8.jar:3.2.8]
	at org.springframework.amqp.rabbit.listener.adapter.MessagingMessageListenerAdapter.invokeHandlerAndProcessResult(MessagingMessageListenerAdapter.java:221) ~[spring-rabbit-3.2.8.jar:3.2.8]
	at org.springframework.amqp.rabbit.listener.adapter.MessagingMessageListenerAdapter.onMessage(MessagingMessageListenerAdapter.java:148) ~[spring-rabbit-3.2.8.jar:3.2.8]
	at org.springframework.amqp.rabbit.listener.AbstractMessageListenerContainer.doInvokeListener(AbstractMessageListenerContainer.java:1694) ~[spring-rabbit-3.2.8.jar:3.2.8]
	at org.springframework.amqp.rabbit.listener.AbstractMessageListenerContainer.actualInvokeListener(AbstractMessageListenerContainer.java:1616) ~[spring-rabbit-3.2.8.jar:3.2.8]
	at org.springframework.amqp.rabbit.listener.AbstractMessageListenerContainer.invokeListener(AbstractMessageListenerContainer.java:1604) ~[spring-rabbit-3.2.8.jar:3.2.8]
	at org.springframework.amqp.rabbit.listener.AbstractMessageListenerContainer.doExecuteListener(AbstractMessageListenerContainer.java:1595) ~[spring-rabbit-3.2.8.jar:3.2.8]
	at org.springframework.amqp.rabbit.listener.AbstractMessageListenerContainer.executeListenerAndHandleException(AbstractMessageListenerContainer.java:1540) ~[spring-rabbit-3.2.8.jar:3.2.8]
	at org.springframework.amqp.rabbit.listener.AbstractMessageListenerContainer.executeListener(AbstractMessageListenerContainer.java:1521) ~[spring-rabbit-3.2.8.jar:3.2.8]
	at org.springframework.amqp.rabbit.listener.SimpleMessageListenerContainer.doReceiveAndExecute(SimpleMessageListenerContainer.java:1091) ~[spring-rabbit-3.2.8.jar:3.2.8]
	at org.springframework.amqp.rabbit.listener.SimpleMessageListenerContainer.receiveAndExecute(SimpleMessageListenerContainer.java:1027) ~[spring-rabbit-3.2.8.jar:3.2.8]
	at org.springframework.amqp.rabbit.listener.SimpleMessageListenerContainer$AsyncMessageProcessingConsumer.mainLoop(SimpleMessageListenerContainer.java:1431) ~[spring-rabbit-3.2.8.jar:3.2.8]
	at org.springframework.amqp.rabbit.listener.SimpleMessageListenerContainer$AsyncMessageProcessingConsumer.run(SimpleMessageListenerContainer.java:1331) ~[spring-rabbit-3.2.8.jar:3.2.8]
	at java.base/java.lang.Thread.run(Thread.java:1583) ~[na:na]
Caused by: java.lang.StringIndexOutOfBoundsException: Range [0, 18) out of bounds for length 17
	at java.base/jdk.internal.util.Preconditions$1.apply(Preconditions.java:55) ~[na:na]
	at java.base/jdk.internal.util.Preconditions$1.apply(Preconditions.java:52) ~[na:na]
	at java.base/jdk.internal.util.Preconditions$4.apply(Preconditions.java:213) ~[na:na]
	at java.base/jdk.internal.util.Preconditions$4.apply(Preconditions.java:210) ~[na:na]
	at java.base/jdk.internal.util.Preconditions.outOfBounds(Preconditions.java:98) ~[na:na]
	at java.base/jdk.internal.util.Preconditions.outOfBoundsCheckFromToIndex(Preconditions.java:112) ~[na:na]
	at java.base/jdk.internal.util.Preconditions.checkFromToIndex(Preconditions.java:349) ~[na:na]
	at java.base/java.lang.String.checkBoundsBeginEnd(String.java:4865) ~[na:na]
	at java.base/java.lang.String.substring(String.java:2834) ~[na:na]
	at com.sentinel.tenant_service.service.impl.TenantServiceImpl.generateSlug(TenantServiceImpl.java:296) ~[classes/:na]
	at com.sentinel.tenant_service.service.impl.TenantServiceImpl.createTenantForUser(TenantServiceImpl.java:91) ~[classes/:na]
	at java.base/jdk.internal.reflect.DirectMethodHandleAccessor.invoke(DirectMethodHandleAccessor.java:103) ~[na:na]
	at java.base/java.lang.reflect.Method.invoke(Method.java:580) ~[na:na]
	at org.springframework.aop.support.AopUtils.invokeJoinpointUsingReflection(AopUtils.java:360) ~[spring-aop-6.2.14.jar:6.2.14]
	at org.springframework.aop.framework.ReflectiveMethodInvocation.invokeJoinpoint(ReflectiveMethodInvocation.java:196) ~[spring-aop-6.2.14.jar:6.2.14]
	at org.springframework.aop.framework.ReflectiveMethodInvocation.proceed(ReflectiveMethodInvocation.java:163) ~[spring-aop-6.2.14.jar:6.2.14]
	at org.springframework.transaction.interceptor.TransactionAspectSupport.invokeWithinTransaction(TransactionAspectSupport.java:380) ~[spring-tx-6.2.14.jar:6.2.14]
	at org.springframework.transaction.interceptor.TransactionInterceptor.invoke(TransactionInterceptor.java:119) ~[spring-tx-6.2.14.jar:6.2.14]
	at org.springframework.aop.framework.ReflectiveMethodInvocation.proceed(ReflectiveMethodInvocation.java:184) ~[spring-aop-6.2.14.jar:6.2.14]
	at org.springframework.aop.framework.CglibAopProxy$DynamicAdvisedInterceptor.intercept(CglibAopProxy.java:728) ~[spring-aop-6.2.14.jar:6.2.14]
	at com.sentinel.tenant_service.service.impl.TenantServiceImpl$$SpringCGLIB$$0.createTenantForUser(<generated>) ~[classes/:na]
	at com.sentinel.tenant_service.events.listeners.UserRegisteredListener.handleUserRegistered(UserRegisteredListener.java:52) ~[classes/:na]
	at java.base/jdk.internal.reflect.DirectMethodHandleAccessor.invoke(DirectMethodHandleAccessor.java:103) ~[na:na]
	at java.base/java.lang.reflect.Method.invoke(Method.java:580) ~[na:na]
	at org.springframework.messaging.handler.invocation.InvocableHandlerMethod.doInvoke(InvocableHandlerMethod.java:169) ~[spring-messaging-6.2.14.jar:6.2.14]
	at org.springframework.amqp.rabbit.listener.adapter.KotlinAwareInvocableHandlerMethod.doInvoke(KotlinAwareInvocableHandlerMethod.java:45) ~[spring-rabbit-3.2.8.jar:3.2.8]
	at org.springframework.messaging.handler.invocation.InvocableHandlerMethod.invoke(InvocableHandlerMethod.java:119) ~[spring-messaging-6.2.14.jar:6.2.14]
	at org.springframework.amqp.rabbit.listener.adapter.HandlerAdapter.invoke(HandlerAdapter.java:80) ~[spring-rabbit-3.2.8.jar:3.2.8]
	at org.springframework.amqp.rabbit.listener.adapter.MessagingMessageListenerAdapter.invokeHandler(MessagingMessageListenerAdapter.java:274) ~[spring-rabbit-3.2.8.jar:3.2.8]
	... 13 common frames omitted

2025-12-02T19:39:22.587-05:00 DEBUG 124510 --- [tenant-service] [org.springframework.amqp.rabbit.RabbitListenerEndpointContainer#0-1] o.s.a.r.listener.BlockingQueueConsumer   : Rejecting messages (requeue=true)
2025-12-02T19:39:22.587-05:00 DEBUG 124510 --- [tenant-service] [pool-2-thread-5] o.s.a.r.listener.BlockingQueueConsumer   : Storing delivery for consumerTag: 'amq.ctag-cAqrhI9n0NxPX1HhqC9Csg' with deliveryTag: '1647' in Consumer@2baf9cd4: tags=[[amq.ctag-cAqrhI9n0NxPX1HhqC9Csg]], channel=Cached Rabbit Channel: AMQChannel(amqp://guest@127.0.0.1:5672/,1), conn: Proxy@ae449e7 Shared Rabbit Connection: SimpleConnection@15beb40b [delegate=amqp://guest@127.0.0.1:5672/, localPort=40784], acknowledgeMode=AUTO local queue size=0
2025-12-02T19:39:22.587-05:00 DEBUG 124510 --- [tenant-service] [org.springframework.amqp.rabbit.RabbitListenerEndpointContainer#0-1] o.s.a.r.listener.BlockingQueueConsumer   : Received message: (Body:'[B@2e934161(byte[176])' MessageProperties [headers={__ContentTypeId__=java.lang.Object, __KeyTypeId__=java.lang.Object, __TypeId__=java.util.HashMap}, contentType=application/json, contentEncoding=UTF-8, contentLength=0, receivedDeliveryMode=PERSISTENT, priority=0, redelivered=true, receivedExchange=auth-exchange, receivedRoutingKey=auth.user.registered, deliveryTag=1647, consumerTag=amq.ctag-cAqrhI9n0NxPX1HhqC9Csg, consumerQueue=auth.user.registered.queue])
2025-12-02T19:39:22.587-05:00 DEBUG 124510 --- [tenant-service] [org.springframework.amqp.rabbit.RabbitListenerEndpointContainer#0-1] .a.r.l.a.MessagingMessageListenerAdapter : Processing [GenericMessage [payload={globalRole=USER, eventType=auth.user.registered, userId=83278a9a-ba74-469a-994e-effb51d8837e, email=prueba@correo.com, timestamp=2025-12-02T19:33:08.964523491}, headers={amqp_receivedDeliveryMode=PERSISTENT, amqp_receivedExchange=auth-exchange, amqp_deliveryTag=1647, amqp_consumerQueue=auth.user.registered.queue, amqp_redelivered=true, __ContentTypeId__=java.lang.Object, amqp_receivedRoutingKey=auth.user.registered, amqp_contentEncoding=UTF-8, __KeyTypeId__=java.lang.Object, amqp_retryCount=0, id=88335bcf-637c-af5a-7e6c-decd78ad4adf, amqp_consumerTag=amq.ctag-cAqrhI9n0NxPX1HhqC9Csg, amqp_lastInBatch=false, contentType=application/json, __TypeId__=java.util.HashMap, timestamp=1764722362587}]]
2025-12-02T19:39:22.587-05:00  INFO 124510 --- [tenant-service] [org.springframework.amqp.rabbit.RabbitListenerEndpointContainer#0-1] c.s.t.e.l.UserRegisteredListener         : Received auth.user.registered event: {globalRole=USER, eventType=auth.user.registered, userId=83278a9a-ba74-469a-994e-effb51d8837e, email=prueba@correo.com, timestamp=2025-12-02T19:33:08.964523491}
2025-12-02T19:39:22.587-05:00  INFO 124510 --- [tenant-service] [org.springframework.amqp.rabbit.RabbitListenerEndpointContainer#0-1] c.s.t.e.l.UserRegisteredListener         : Creating tenant for new user: prueba@correo.com (83278a9a-ba74-469a-994e-effb51d8837e)
2025-12-02T19:39:22.588-05:00  INFO 124510 --- [tenant-service] [org.springframework.amqp.rabbit.RabbitListenerEndpointContainer#0-1] c.s.t.service.impl.TenantServiceImpl     : Auto-creating tenant for new user: 83278a9a-ba74-469a-994e-effb51d8837e
2025-12-02T19:39:22.588-05:00 ERROR 124510 --- [tenant-service] [org.springframework.amqp.rabbit.RabbitListenerEndpointContainer#0-1] c.s.t.e.l.UserRegisteredListener         : Error processing auth.user.registered event: Range [0, 18) out of bounds for length 17

java.lang.StringIndexOutOfBoundsException: Range [0, 18) out of bounds for length 17
	at java.base/jdk.internal.util.Preconditions$1.apply(Preconditions.java:55) ~[na:na]
	at java.base/jdk.internal.util.Preconditions$1.apply(Preconditions.java:52) ~[na:na]
	at java.base/jdk.internal.util.Preconditions$4.apply(Preconditions.java:213) ~[na:na]
	at java.base/jdk.internal.util.Preconditions$4.apply(Preconditions.java:210) ~[na:na]
	at java.base/jdk.internal.util.Preconditions.outOfBounds(Preconditions.java:98) ~[na:na]
	at java.base/jdk.internal.util.Preconditions.outOfBoundsCheckFromToIndex(Preconditions.java:112) ~[na:na]
	at java.base/jdk.internal.util.Preconditions.checkFromToIndex(Preconditions.java:349) ~[na:na]
	at java.base/java.lang.String.checkBoundsBeginEnd(String.java:4865) ~[na:na]
	at java.base/java.lang.String.substring(String.java:2834) ~[na:na]
	at com.sentinel.tenant_service.service.impl.TenantServiceImpl.generateSlug(TenantServiceImpl.java:296) ~[classes/:na]
	at com.sentinel.tenant_service.service.impl.TenantServiceImpl.createTenantForUser(TenantServiceImpl.java:91) ~[classes/:na]
	at java.base/jdk.internal.reflect.DirectMethodHandleAccessor.invoke(DirectMethodHandleAccessor.java:103) ~[na:na]
	at java.base/java.lang.reflect.Method.invoke(Method.java:580) ~[na:na]
	at org.springframework.aop.support.AopUtils.invokeJoinpointUsingReflection(AopUtils.java:360) ~[spring-aop-6.2.14.jar:6.2.14]
	at org.springframework.aop.framework.ReflectiveMethodInvocation.invokeJoinpoint(ReflectiveMethodInvocation.java:196) ~[spring-aop-6.2.14.jar:6.2.14]
	at org.springframework.aop.framework.ReflectiveMethodInvocation.proceed(ReflectiveMethodInvocation.java:163) ~[spring-aop-6.2.14.jar:6.2.14]
	at org.springframework.transaction.interceptor.TransactionAspectSupport.invokeWithinTransaction(TransactionAspectSupport.java:380) ~[spring-tx-6.2.14.jar:6.2.14]
	at org.springframework.transaction.interceptor.TransactionInterceptor.invoke(TransactionInterceptor.java:119) ~[spring-tx-6.2.14.jar:6.2.14]
	at org.springframework.aop.framework.ReflectiveMethodInvocation.proceed(ReflectiveMethodInvocation.java:184) ~[spring-aop-6.2.14.jar:6.2.14]
	at org.springframework.aop.framework.CglibAopProxy$DynamicAdvisedInterceptor.intercept(CglibAopProxy.java:728) ~[spring-aop-6.2.14.jar:6.2.14]
	at com.sentinel.tenant_service.service.impl.TenantServiceImpl$$SpringCGLIB$$0.createTenantForUser(<generated>) ~[classes/:na]
	at com.sentinel.tenant_service.events.listeners.UserRegisteredListener.handleUserRegistered(UserRegisteredListener.java:52) ~[classes/:na]
	at java.base/jdk.internal.reflect.DirectMethodHandleAccessor.invoke(DirectMethodHandleAccessor.java:103) ~[na:na]
	at java.base/java.lang.reflect.Method.invoke(Method.java:580) ~[na:na]
	at org.springframework.messaging.handler.invocation.InvocableHandlerMethod.doInvoke(InvocableHandlerMethod.java:169) ~[spring-messaging-6.2.14.jar:6.2.14]
	at org.springframework.amqp.rabbit.listener.adapter.KotlinAwareInvocableHandlerMethod.doInvoke(KotlinAwareInvocableHandlerMethod.java:45) ~[spring-rabbit-3.2.8.jar:3.2.8]
	at org.springframework.messaging.handler.invocation.InvocableHandlerMethod.invoke(InvocableHandlerMethod.java:119) ~[spring-messaging-6.2.14.jar:6.2.14]
	at org.springframework.amqp.rabbit.listener.adapter.HandlerAdapter.invoke(HandlerAdapter.java:80) ~[spring-rabbit-3.2.8.jar:3.2.8]
	at org.springframework.amqp.rabbit.listener.adapter.MessagingMessageListenerAdapter.invokeHandler(MessagingMessageListenerAdapter.java:274) ~[spring-rabbit-3.2.8.jar:3.2.8]
	at org.springframework.amqp.rabbit.listener.adapter.MessagingMessageListenerAdapter.invokeHandlerAndProcessResult(MessagingMessageListenerAdapter.java:221) ~[spring-rabbit-3.2.8.jar:3.2.8]
	at org.springframework.amqp.rabbit.listener.adapter.MessagingMessageListenerAdapter.onMessage(MessagingMessageListenerAdapter.java:148) ~[spring-rabbit-3.2.8.jar:3.2.8]
	at org.springframework.amqp.rabbit.listener.AbstractMessageListenerContainer.doInvokeListener(AbstractMessageListenerContainer.java:1694) ~[spring-rabbit-3.2.8.jar:3.2.8]
	at org.springframework.amqp.rabbit.listener.AbstractMessageListenerContainer.actualInvokeListener(AbstractMessageListenerContainer.java:1616) ~[spring-rabbit-3.2.8.jar:3.2.8]
	at org.springframework.amqp.rabbit.listener.AbstractMessageListenerContainer.invokeListener(AbstractMessageListenerContainer.java:1604) ~[spring-rabbit-3.2.8.jar:3.2.8]
	at org.springframework.amqp.rabbit.listener.AbstractMessageListenerContainer.doExecuteListener(AbstractMessageListenerContainer.java:1595) ~[spring-rabbit-3.2.8.jar:3.2.8]
	at org.springframework.amqp.rabbit.listener.AbstractMessageListenerContainer.executeListenerAndHandleException(AbstractMessageListenerContainer.java:1540) ~[spring-rabbit-3.2.8.jar:3.2.8]
	at org.springframework.amqp.rabbit.listener.AbstractMessageListenerContainer.executeListener(AbstractMessageListenerContainer.java:1521) ~[spring-rabbit-3.2.8.jar:3.2.8]
	at org.springframework.amqp.rabbit.listener.SimpleMessageListenerContainer.doReceiveAndExecute(SimpleMessageListenerContainer.java:1091) ~[spring-rabbit-3.2.8.jar:3.2.8]
	at org.springframework.amqp.rabbit.listener.SimpleMessageListenerContainer.receiveAndExecute(SimpleMessageListenerContainer.java:1027) ~[spring-rabbit-3.2.8.jar:3.2.8]
	at org.springframework.amqp.rabbit.listener.SimpleMessageListenerContainer$AsyncMessageProcessingConsumer.mainLoop(SimpleMessageListenerContainer.java:1431) ~[spring-rabbit-3.2.8.jar:3.2.8]
	at org.springframework.amqp.rabbit.listener.SimpleMessageListenerContainer$AsyncMessageProcessingConsumer.run(SimpleMessageListenerContainer.java:1331) ~[spring-rabbit-3.2.8.jar:3.2.8]
	at java.base/java.lang.Thread.run(Thread.java:1583) ~[na:na]

2025-12-02T19:39:22.588-05:00  WARN 124510 --- [tenant-service] [org.springframework.amqp.rabbit.RabbitListenerEndpointContainer#0-1] s.a.r.l.ConditionalRejectingErrorHandler : Execution of Rabbit message listener failed.

org.springframework.amqp.rabbit.support.ListenerExecutionFailedException: Listener method 'public void com.sentinel.tenant_service.events.listeners.UserRegisteredListener.handleUserRegistered(java.util.Map<java.lang.String, java.lang.Object>)' threw exception
	at org.springframework.amqp.rabbit.listener.adapter.MessagingMessageListenerAdapter.invokeHandler(MessagingMessageListenerAdapter.java:283) ~[spring-rabbit-3.2.8.jar:3.2.8]
	at org.springframework.amqp.rabbit.listener.adapter.MessagingMessageListenerAdapter.invokeHandlerAndProcessResult(MessagingMessageListenerAdapter.java:221) ~[spring-rabbit-3.2.8.jar:3.2.8]
	at org.springframework.amqp.rabbit.listener.adapter.MessagingMessageListenerAdapter.onMessage(MessagingMessageListenerAdapter.java:148) ~[spring-rabbit-3.2.8.jar:3.2.8]
	at org.springframework.amqp.rabbit.listener.AbstractMessageListenerContainer.doInvokeListener(AbstractMessageListenerContainer.java:1694) ~[spring-rabbit-3.2.8.jar:3.2.8]
	at org.springframework.amqp.rabbit.listener.AbstractMessageListenerContainer.actualInvokeListener(AbstractMessageListenerContainer.java:1616) ~[spring-rabbit-3.2.8.jar:3.2.8]
	at org.springframework.amqp.rabbit.listener.AbstractMessageListenerContainer.invokeListener(AbstractMessageListenerContainer.java:1604) ~[spring-rabbit-3.2.8.jar:3.2.8]
	at org.springframework.amqp.rabbit.listener.AbstractMessageListenerContainer.doExecuteListener(AbstractMessageListenerContainer.java:1595) ~[spring-rabbit-3.2.8.jar:3.2.8]
	at org.springframework.amqp.rabbit.listener.AbstractMessageListenerContainer.executeListenerAndHandleException(AbstractMessageListenerContainer.java:1540) ~[spring-rabbit-3.2.8.jar:3.2.8]
	at org.springframework.amqp.rabbit.listener.AbstractMessageListenerContainer.executeListener(AbstractMessageListenerContainer.java:1521) ~[spring-rabbit-3.2.8.jar:3.2.8]
	at org.springframework.amqp.rabbit.listener.SimpleMessageListenerContainer.doReceiveAndExecute(SimpleMessageListenerContainer.java:1091) ~[spring-rabbit-3.2.8.jar:3.2.8]
	at org.springframework.amqp.rabbit.listener.SimpleMessageListenerContainer.receiveAndExecute(SimpleMessageListenerContainer.java:1027) ~[spring-rabbit-3.2.8.jar:3.2.8]
	at org.springframework.amqp.rabbit.listener.SimpleMessageListenerContainer$AsyncMessageProcessingConsumer.mainLoop(SimpleMessageListenerContainer.java:1431) ~[spring-rabbit-3.2.8.jar:3.2.8]
	at org.springframework.amqp.rabbit.listener.SimpleMessageListenerContainer$AsyncMessageProcessingConsumer.run(SimpleMessageListenerContainer.java:1331) ~[spring-rabbit-3.2.8.jar:3.2.8]
	at java.base/java.lang.Thread.run(Thread.java:1583) ~[na:na]
Caused by: java.lang.StringIndexOutOfBoundsException: Range [0, 18) out of bounds for length 17
	at java.base/jdk.internal.util.Preconditions$1.apply(Preconditions.java:55) ~[na:na]
	at java.base/jdk.internal.util.Preconditions$1.apply(Preconditions.java:52) ~[na:na]
	at java.base/jdk.internal.util.Preconditions$4.apply(Preconditions.java:213) ~[na:na]
	at java.base/jdk.internal.util.Preconditions$4.apply(Preconditions.java:210) ~[na:na]
	at java.base/jdk.internal.util.Preconditions.outOfBounds(Preconditions.java:98) ~[na:na]
	at java.base/jdk.internal.util.Preconditions.outOfBoundsCheckFromToIndex(Preconditions.java:112) ~[na:na]
	at java.base/jdk.internal.util.Preconditions.checkFromToIndex(Preconditions.java:349) ~[na:na]
	at java.base/java.lang.String.checkBoundsBeginEnd(String.java:4865) ~[na:na]
	at java.base/java.lang.String.substring(String.java:2834) ~[na:na]
	at com.sentinel.tenant_service.service.impl.TenantServiceImpl.generateSlug(TenantServiceImpl.java:296) ~[classes/:na]
	at com.sentinel.tenant_service.service.impl.TenantServiceImpl.createTenantForUser(TenantServiceImpl.java:91) ~[classes/:na]
	at java.base/jdk.internal.reflect.DirectMethodHandleAccessor.invoke(DirectMethodHandleAccessor.java:103) ~[na:na]
	at java.base/java.lang.reflect.Method.invoke(Method.java:580) ~[na:na]
	at org.springframework.aop.support.AopUtils.invokeJoinpointUsingReflection(AopUtils.java:360) ~[spring-aop-6.2.14.jar:6.2.14]
	at org.springframework.aop.framework.ReflectiveMethodInvocation.invokeJoinpoint(ReflectiveMethodInvocation.java:196) ~[spring-aop-6.2.14.jar:6.2.14]
	at org.springframework.aop.framework.ReflectiveMethodInvocation.proceed(ReflectiveMethodInvocation.java:163) ~[spring-aop-6.2.14.jar:6.2.14]
	at org.springframework.transaction.interceptor.TransactionAspectSupport.invokeWithinTransaction(TransactionAspectSupport.java:380) ~[spring-tx-6.2.14.jar:6.2.14]
	at org.springframework.transaction.interceptor.TransactionInterceptor.invoke(TransactionInterceptor.java:119) ~[spring-tx-6.2.14.jar:6.2.14]
	at org.springframework.aop.framework.ReflectiveMethodInvocation.proceed(ReflectiveMethodInvocation.java:184) ~[spring-aop-6.2.14.jar:6.2.14]
	at org.springframework.aop.framework.CglibAopProxy$DynamicAdvisedInterceptor.intercept(CglibAopProxy.java:728) ~[spring-aop-6.2.14.jar:6.2.14]
	at com.sentinel.tenant_service.service.impl.TenantServiceImpl$$SpringCGLIB$$0.createTenantForUser(<generated>) ~[classes/:na]
	at com.sentinel.tenant_service.events.listeners.UserRegisteredListener.handleUserRegistered(UserRegisteredListener.java:52) ~[classes/:na]
	at java.base/jdk.internal.reflect.DirectMethodHandleAccessor.invoke(DirectMethodHandleAccessor.java:103) ~[na:na]
	at java.base/java.lang.reflect.Method.invoke(Method.java:580) ~[na:na]
	at org.springframework.messaging.handler.invocation.InvocableHandlerMethod.doInvoke(InvocableHandlerMethod.java:169) ~[spring-messaging-6.2.14.jar:6.2.14]
	at org.springframework.amqp.rabbit.listener.adapter.KotlinAwareInvocableHandlerMethod.doInvoke(KotlinAwareInvocableHandlerMethod.java:45) ~[spring-rabbit-3.2.8.jar:3.2.8]
	at org.springframework.messaging.handler.invocation.InvocableHandlerMethod.invoke(InvocableHandlerMethod.java:119) ~[spring-messaging-6.2.14.jar:6.2.14]
	at org.springframework.amqp.rabbit.listener.adapter.HandlerAdapter.invoke(HandlerAdapter.java:80) ~[spring-rabbit-3.2.8.jar:3.2.8]
	at org.springframework.amqp.rabbit.listener.adapter.MessagingMessageListenerAdapter.invokeHandler(MessagingMessageListenerAdapter.java:274) ~[spring-rabbit-3.2.8.jar:3.2.8]
	... 13 common frames omitted

2025-12-02T19:39:22.588-05:00 DEBUG 124510 --- [tenant-service] [org.springframework.amqp.rabbit.RabbitListenerEndpointContainer#0-1] o.s.a.r.listener.BlockingQueueConsumer   : Rejecting messages (requeue=true)
2025-12-02T19:39:22.588-05:00 DEBUG 124510 --- [tenant-service] [pool-2-thread-6] o.s.a.r.listener.BlockingQueueConsumer   : Storing delivery for consumerTag: 'amq.ctag-cAqrhI9n0NxPX1HhqC9Csg' with deliveryTag: '1648' in Consumer@2baf9cd4: tags=[[amq.ctag-cAqrhI9n0NxPX1HhqC9Csg]], channel=Cached Rabbit Channel: AMQChannel(amqp://guest@127.0.0.1:5672/,1), conn: Proxy@ae449e7 Shared Rabbit Connection: SimpleConnection@15beb40b [delegate=amqp://guest@127.0.0.1:5672/, localPort=40784], acknowledgeMode=AUTO local queue size=0
2025-12-02T19:39:22.588-05:00 DEBUG 124510 --- [tenant-service] [org.springframework.amqp.rabbit.RabbitListenerEndpointContainer#0-1] o.s.a.r.listener.BlockingQueueConsumer   : Received message: (Body:'[B@7706bdd2(byte[176])' MessageProperties [headers={__ContentTypeId__=java.lang.Object, __KeyTypeId__=java.lang.Object, __TypeId__=java.util.HashMap}, contentType=application/json, contentEncoding=UTF-8, contentLength=0, receivedDeliveryMode=PERSISTENT, priority=0, redelivered=true, receivedExchange=auth-exchange, receivedRoutingKey=auth.user.registered, deliveryTag=1648, consumerTag=amq.ctag-cAqrhI9n0NxPX1HhqC9Csg, consumerQueue=auth.user.registered.queue])
2025-12-02T19:39:22.588-05:00 DEBUG 124510 --- [tenant-service] [org.springframework.amqp.rabbit.RabbitListenerEndpointContainer#0-1] .a.r.l.a.MessagingMessageListenerAdapter : Processing [GenericMessage [payload={globalRole=USER, eventType=auth.user.registered, userId=83278a9a-ba74-469a-994e-effb51d8837e, email=prueba@correo.com, timestamp=2025-12-02T19:33:08.964523491}, headers={amqp_receivedDeliveryMode=PERSISTENT, amqp_receivedExchange=auth-exchange, amqp_deliveryTag=1648, amqp_consumerQueue=auth.user.registered.queue, amqp_redelivered=true, __ContentTypeId__=java.lang.Object, amqp_receivedRoutingKey=auth.user.registered, amqp_contentEncoding=UTF-8, __KeyTypeId__=java.lang.Object, amqp_retryCount=0, id=47554522-0cf6-b2a9-3898-8524516e6065, amqp_consumerTag=amq.ctag-cAqrhI9n0NxPX1HhqC9Csg, amqp_lastInBatch=false, contentType=application/json, __TypeId__=java.util.HashMap, timestamp=1764722362588}]]
2025-12-02T19:39:22.588-05:00  INFO 124510 --- [tenant-service] [org.springframework.amqp.rabbit.RabbitListenerEndpointContainer#0-1] c.s.t.e.l.UserRegisteredListener         : Received auth.user.registered event: {globalRole=USER, eventType=auth.user.registered, userId=83278a9a-ba74-469a-994e-effb51d8837e, email=prueba@correo.com, timestamp=2025-12-02T19:33:08.964523491}
2025-12-02T19:39:22.588-05:00  INFO 124510 --- [tenant-service] [org.springframework.amqp.rabbit.RabbitListenerEndpointContainer#0-1] c.s.t.e.l.UserRegisteredListener         : Creating tenant for new user: prueba@correo.com (83278a9a-ba74-469a-994e-effb51d8837e)
2025-12-02T19:39:22.588-05:00  INFO 124510 --- [tenant-service] [org.springframework.amqp.rabbit.RabbitListenerEndpointContainer#0-1] c.s.t.service.impl.TenantServiceImpl     : Auto-creating tenant for new user: 83278a9a-ba74-469a-994e-effb51d8837e
2025-12-02T19:39:22.588-05:00 ERROR 124510 --- [tenant-service] [org.springframework.amqp.rabbit.RabbitListenerEndpointContainer#0-1] c.s.t.e.l.UserRegisteredListener         : Error processing auth.user.registered event: Range [0, 18) out of bounds for length 17

java.lang.StringIndexOutOfBoundsException: Range [0, 18) out of bounds for length 17
	at java.base/jdk.internal.util.Preconditions$1.apply(Preconditions.java:55) ~[na:na]
	at java.base/jdk.internal.util.Preconditions$1.apply(Preconditions.java:52) ~[na:na]
	at java.base/jdk.internal.util.Preconditions$4.apply(Preconditions.java:213) ~[na:na]
	at java.base/jdk.internal.util.Preconditions$4.apply(Preconditions.java:210) ~[na:na]
	at java.base/jdk.internal.util.Preconditions.outOfBounds(Preconditions.java:98) ~[na:na]
	at java.base/jdk.internal.util.Preconditions.outOfBoundsCheckFromToIndex(Preconditions.java:112) ~[na:na]
	at java.base/jdk.internal.util.Preconditions.checkFromToIndex(Preconditions.java:349) ~[na:na]
	at java.base/java.lang.String.checkBoundsBeginEnd(String.java:4865) ~[na:na]
	at java.base/java.lang.String.substring(String.java:2834) ~[na:na]
	at com.sentinel.tenant_service.service.impl.TenantServiceImpl.generateSlug(TenantServiceImpl.java:296) ~[classes/:na]
	at com.sentinel.tenant_service.service.impl.TenantServiceImpl.createTenantForUser(TenantServiceImpl.java:91) ~[classes/:na]
	at java.base/jdk.internal.reflect.DirectMethodHandleAccessor.invoke(DirectMethodHandleAccessor.java:103) ~[na:na]
	at java.base/java.lang.reflect.Method.invoke(Method.java:580) ~[na:na]
	at org.springframework.aop.support.AopUtils.invokeJoinpointUsingReflection(AopUtils.java:360) ~[spring-aop-6.2.14.jar:6.2.14]
	at org.springframework.aop.framework.ReflectiveMethodInvocation.invokeJoinpoint(ReflectiveMethodInvocation.java:196) ~[spring-aop-6.2.14.jar:6.2.14]
	at org.springframework.aop.framework.ReflectiveMethodInvocation.proceed(ReflectiveMethodInvocation.java:163) ~[spring-aop-6.2.14.jar:6.2.14]
	at org.springframework.transaction.interceptor.TransactionAspectSupport.invokeWithinTransaction(TransactionAspectSupport.java:380) ~[spring-tx-6.2.14.jar:6.2.14]
	at org.springframework.transaction.interceptor.TransactionInterceptor.invoke(TransactionInterceptor.java:119) ~[spring-tx-6.2.14.jar:6.2.14]
	at org.springframework.aop.framework.ReflectiveMethodInvocation.proceed(ReflectiveMethodInvocation.java:184) ~[spring-aop-6.2.14.jar:6.2.14]
	at org.springframework.aop.framework.CglibAopProxy$DynamicAdvisedInterceptor.intercept(CglibAopProxy.java:728) ~[spring-aop-6.2.14.jar:6.2.14]
	at com.sentinel.tenant_service.service.impl.TenantServiceImpl$$SpringCGLIB$$0.createTenantForUser(<generated>) ~[classes/:na]
	at com.sentinel.tenant_service.events.listeners.UserRegisteredListener.handleUserRegistered(UserRegisteredListener.java:52) ~[classes/:na]
	at java.base/jdk.internal.reflect.DirectMethodHandleAccessor.invoke(DirectMethodHandleAccessor.java:103) ~[na:na]
	at java.base/java.lang.reflect.Method.invoke(Method.java:580) ~[na:na]
	at org.springframework.messaging.handler.invocation.InvocableHandlerMethod.doInvoke(InvocableHandlerMethod.java:169) ~[spring-messaging-6.2.14.jar:6.2.14]
	at org.springframework.amqp.rabbit.listener.adapter.KotlinAwareInvocableHandlerMethod.doInvoke(KotlinAwareInvocableHandlerMethod.java:45) ~[spring-rabbit-3.2.8.jar:3.2.8]
	at org.springframework.messaging.handler.invocation.InvocableHandlerMethod.invoke(InvocableHandlerMethod.java:119) ~[spring-messaging-6.2.14.jar:6.2.14]
	at org.springframework.amqp.rabbit.listener.adapter.HandlerAdapter.invoke(HandlerAdapter.java:80) ~[spring-rabbit-3.2.8.jar:3.2.8]
	at org.springframework.amqp.rabbit.listener.adapter.MessagingMessageListenerAdapter.invokeHandler(MessagingMessageListenerAdapter.java:274) ~[spring-rabbit-3.2.8.jar:3.2.8]
	at org.springframework.amqp.rabbit.listener.adapter.MessagingMessageListenerAdapter.invokeHandlerAndProcessResult(MessagingMessageListenerAdapter.java:221) ~[spring-rabbit-3.2.8.jar:3.2.8]
	at org.springframework.amqp.rabbit.listener.adapter.MessagingMessageListenerAdapter.onMessage(MessagingMessageListenerAdapter.java:148) ~[spring-rabbit-3.2.8.jar:3.2.8]
	at org.springframework.amqp.rabbit.listener.AbstractMessageListenerContainer.doInvokeListener(AbstractMessageListenerContainer.java:1694) ~[spring-rabbit-3.2.8.jar:3.2.8]
	at org.springframework.amqp.rabbit.listener.AbstractMessageListenerContainer.actualInvokeListener(AbstractMessageListenerContainer.java:1616) ~[spring-rabbit-3.2.8.jar:3.2.8]
	at org.springframework.amqp.rabbit.listener.AbstractMessageListenerContainer.invokeListener(AbstractMessageListenerContainer.java:1604) ~[spring-rabbit-3.2.8.jar:3.2.8]
	at org.springframework.amqp.rabbit.listener.AbstractMessageListenerContainer.doExecuteListener(AbstractMessageListenerContainer.java:1595) ~[spring-rabbit-3.2.8.jar:3.2.8]
	at org.springframework.amqp.rabbit.listener.AbstractMessageListenerContainer.executeListenerAndHandleException(AbstractMessageListenerContainer.java:1540) ~[spring-rabbit-3.2.8.jar:3.2.8]
	at org.springframework.amqp.rabbit.listener.AbstractMessageListenerContainer.executeListener(AbstractMessageListenerContainer.java:1521) ~[spring-rabbit-3.2.8.jar:3.2.8]
	at org.springframework.amqp.rabbit.listener.SimpleMessageListenerContainer.doReceiveAndExecute(SimpleMessageListenerContainer.java:1091) ~[spring-rabbit-3.2.8.jar:3.2.8]
	at org.springframework.amqp.rabbit.listener.SimpleMessageListenerContainer.receiveAndExecute(SimpleMessageListenerContainer.java:1027) ~[spring-rabbit-3.2.8.jar:3.2.8]
	at org.springframework.amqp.rabbit.listener.SimpleMessageListenerContainer$AsyncMessageProcessingConsumer.mainLoop(SimpleMessageListenerContainer.java:1431) ~[spring-rabbit-3.2.8.jar:3.2.8]
	at org.springframework.amqp.rabbit.listener.SimpleMessageListenerContainer$AsyncMessageProcessingConsumer.run(SimpleMessageListenerContainer.java:1331) ~[spring-rabbit-3.2.8.jar:3.2.8]
	at java.base/java.lang.Thread.run(Thread.java:1583) ~[na:na]

2025-12-02T19:39:22.589-05:00  WARN 124510 --- [tenant-service] [org.springframework.amqp.rabbit.RabbitListenerEndpointContainer#0-1] s.a.r.l.ConditionalRejectingErrorHandler : Execution of Rabbit message listener failed.

org.springframework.amqp.rabbit.support.ListenerExecutionFailedException: Listener method 'public void com.sentinel.tenant_service.events.listeners.UserRegisteredListener.handleUserRegistered(java.util.Map<java.lang.String, java.lang.Object>)' threw exception
	at org.springframework.amqp.rabbit.listener.adapter.MessagingMessageListenerAdapter.invokeHandler(MessagingMessageListenerAdapter.java:283) ~[spring-rabbit-3.2.8.jar:3.2.8]
	at org.springframework.amqp.rabbit.listener.adapter.MessagingMessageListenerAdapter.invokeHandlerAndProcessResult(MessagingMessageListenerAdapter.java:221) ~[spring-rabbit-3.2.8.jar:3.2.8]
	at org.springframework.amqp.rabbit.listener.adapter.MessagingMessageListenerAdapter.onMessage(MessagingMessageListenerAdapter.java:148) ~[spring-rabbit-3.2.8.jar:3.2.8]
	at org.springframework.amqp.rabbit.listener.AbstractMessageListenerContainer.doInvokeListener(AbstractMessageListenerContainer.java:1694) ~[spring-rabbit-3.2.8.jar:3.2.8]
	at org.springframework.amqp.rabbit.listener.AbstractMessageListenerContainer.actualInvokeListener(AbstractMessageListenerContainer.java:1616) ~[spring-rabbit-3.2.8.jar:3.2.8]
	at org.springframework.amqp.rabbit.listener.AbstractMessageListenerContainer.invokeListener(AbstractMessageListenerContainer.java:1604) ~[spring-rabbit-3.2.8.jar:3.2.8]
	at org.springframework.amqp.rabbit.listener.AbstractMessageListenerContainer.doExecuteListener(AbstractMessageListenerContainer.java:1595) ~[spring-rabbit-3.2.8.jar:3.2.8]
	at org.springframework.amqp.rabbit.listener.AbstractMessageListenerContainer.executeListenerAndHandleException(AbstractMessageListenerContainer.java:1540) ~[spring-rabbit-3.2.8.jar:3.2.8]
	at org.springframework.amqp.rabbit.listener.AbstractMessageListenerContainer.executeListener(AbstractMessageListenerContainer.java:1521) ~[spring-rabbit-3.2.8.jar:3.2.8]
	at org.springframework.amqp.rabbit.listener.SimpleMessageListenerContainer.doReceiveAndExecute(SimpleMessageListenerContainer.java:1091) ~[spring-rabbit-3.2.8.jar:3.2.8]
	at org.springframework.amqp.rabbit.listener.SimpleMessageListenerContainer.receiveAndExecute(SimpleMessageListenerContainer.java:1027) ~[spring-rabbit-3.2.8.jar:3.2.8]
	at org.springframework.amqp.rabbit.listener.SimpleMessageListenerContainer$AsyncMessageProcessingConsumer.mainLoop(SimpleMessageListenerContainer.java:1431) ~[spring-rabbit-3.2.8.jar:3.2.8]
	at org.springframework.amqp.rabbit.listener.SimpleMessageListenerContainer$AsyncMessageProcessingConsumer.run(SimpleMessageListenerContainer.java:1331) ~[spring-rabbit-3.2.8.jar:3.2.8]
	at java.base/java.lang.Thread.run(Thread.java:1583) ~[na:na]
Caused by: java.lang.StringIndexOutOfBoundsException: Range [0, 18) out of bounds for length 17
	at java.base/jdk.internal.util.Preconditions$1.apply(Preconditions.java:55) ~[na:na]
	at java.base/jdk.internal.util.Preconditions$1.apply(Preconditions.java:52) ~[na:na]
	at java.base/jdk.internal.util.Preconditions$4.apply(Preconditions.java:213) ~[na:na]
	at java.base/jdk.internal.util.Preconditions$4.apply(Preconditions.java:210) ~[na:na]
	at java.base/jdk.internal.util.Preconditions.outOfBounds(Preconditions.java:98) ~[na:na]
	at java.base/jdk.internal.util.Preconditions.outOfBoundsCheckFromToIndex(Preconditions.java:112) ~[na:na]
	at java.base/jdk.internal.util.Preconditions.checkFromToIndex(Preconditions.java:349) ~[na:na]
	at java.base/java.lang.String.checkBoundsBeginEnd(String.java:4865) ~[na:na]
	at java.base/java.lang.String.substring(String.java:2834) ~[na:na]
	at com.sentinel.tenant_service.service.impl.TenantServiceImpl.generateSlug(TenantServiceImpl.java:296) ~[classes/:na]
	at com.sentinel.tenant_service.service.impl.TenantServiceImpl.createTenantForUser(TenantServiceImpl.java:91) ~[classes/:na]
	at java.base/jdk.internal.reflect.DirectMethodHandleAccessor.invoke(DirectMethodHandleAccessor.java:103) ~[na:na]
	at java.base/java.lang.reflect.Method.invoke(Method.java:580) ~[na:na]
	at org.springframework.aop.support.AopUtils.invokeJoinpointUsingReflection(AopUtils.java:360) ~[spring-aop-6.2.14.jar:6.2.14]
	at org.springframework.aop.framework.ReflectiveMethodInvocation.invokeJoinpoint(ReflectiveMethodInvocation.java:196) ~[spring-aop-6.2.14.jar:6.2.14]
	at org.springframework.aop.framework.ReflectiveMethodInvocation.proceed(ReflectiveMethodInvocation.java:163) ~[spring-aop-6.2.14.jar:6.2.14]
	at org.springframework.transaction.interceptor.TransactionAspectSupport.invokeWithinTransaction(TransactionAspectSupport.java:380) ~[spring-tx-6.2.14.jar:6.2.14]
	at org.springframework.transaction.interceptor.TransactionInterceptor.invoke(TransactionInterceptor.java:119) ~[spring-tx-6.2.14.jar:6.2.14]
	at org.springframework.aop.framework.ReflectiveMethodInvocation.proceed(ReflectiveMethodInvocation.java:184) ~[spring-aop-6.2.14.jar:6.2.14]
	at org.springframework.aop.framework.CglibAopProxy$DynamicAdvisedInterceptor.intercept(CglibAopProxy.java:728) ~[spring-aop-6.2.14.jar:6.2.14]
	at com.sentinel.tenant_service.service.impl.TenantServiceImpl$$SpringCGLIB$$0.createTenantForUser(<generated>) ~[classes/:na]
	at com.sentinel.tenant_service.events.listeners.UserRegisteredListener.handleUserRegistered(UserRegisteredListener.java:52) ~[classes/:na]
	at java.base/jdk.internal.reflect.DirectMethodHandleAccessor.invoke(DirectMethodHandleAccessor.java:103) ~[na:na]
	at java.base/java.lang.reflect.Method.invoke(Method.java:580) ~[na:na]
	at org.springframework.messaging.handler.invocation.InvocableHandlerMethod.doInvoke(InvocableHandlerMethod.java:169) ~[spring-messaging-6.2.14.jar:6.2.14]
	at org.springframework.amqp.rabbit.listener.adapter.KotlinAwareInvocableHandlerMethod.doInvoke(KotlinAwareInvocableHandlerMethod.java:45) ~[spring-rabbit-3.2.8.jar:3.2.8]
	at org.springframework.messaging.handler.invocation.InvocableHandlerMethod.invoke(InvocableHandlerMethod.java:119) ~[spring-messaging-6.2.14.jar:6.2.14]
	at org.springframework.amqp.rabbit.listener.adapter.HandlerAdapter.invoke(HandlerAdapter.java:80) ~[spring-rabbit-3.2.8.jar:3.2.8]
	at org.springframework.amqp.rabbit.listener.adapter.MessagingMessageListenerAdapter.invokeHandler(MessagingMessageListenerAdapter.java:274) ~[spring-rabbit-3.2.8.jar:3.2.8]
	... 13 common frames omitted

2025-12-02T19:39:22.589-05:00 DEBUG 124510 --- [tenant-service] [org.springframework.amqp.rabbit.RabbitListenerEndpointContainer#0-1] o.s.a.r.listener.BlockingQueueConsumer   : Rejecting messages (requeue=true)
2025-12-02T19:39:22.589-05:00 DEBUG 124510 --- [tenant-service] [pool-2-thread-7] o.s.a.r.listener.BlockingQueueConsumer   : Storing delivery for consumerTag: 'amq.ctag-cAqrhI9n0NxPX1HhqC9Csg' with deliveryTag: '1649' in Consumer@2baf9cd4: tags=[[amq.ctag-cAqrhI9n0NxPX1HhqC9Csg]], channel=Cached Rabbit Channel: AMQChannel(amqp://guest@127.0.0.1:5672/,1), conn: Proxy@ae449e7 Shared Rabbit Connection: SimpleConnection@15beb40b [delegate=amqp://guest@127.0.0.1:5672/, localPort=40784], acknowledgeMode=AUTO local queue size=0
2025-12-02T19:39:22.589-05:00 DEBUG 124510 --- [tenant-service] [org.springframework.amqp.rabbit.RabbitListenerEndpointContainer#0-1] o.s.a.r.listener.BlockingQueueConsumer   : Received message: (Body:'[B@6f6f1f85(byte[176])' MessageProperties [headers={__ContentTypeId__=java.lang.Object, __KeyTypeId__=java.lang.Object, __TypeId__=java.util.HashMap}, contentType=application/json, contentEncoding=UTF-8, contentLength=0, receivedDeliveryMode=PERSISTENT, priority=0, redelivered=true, receivedExchange=auth-exchange, receivedRoutingKey=auth.user.registered, deliveryTag=1649, consumerTag=amq.ctag-cAqrhI9n0NxPX1HhqC9Csg, consumerQueue=auth.user.registered.queue])
2025-12-02T19:39:22.589-05:00 DEBUG 124510 --- [tenant-service] [org.springframework.amqp.rabbit.RabbitListenerEndpointContainer#0-1] .a.r.l.a.MessagingMessageListenerAdapter : Processing [GenericMessage [payload={globalRole=USER, eventType=auth.user.registered, userId=83278a9a-ba74-469a-994e-effb51d8837e, email=prueba@correo.com, timestamp=2025-12-02T19:33:08.964523491}, headers={amqp_receivedDeliveryMode=PERSISTENT, amqp_receivedExchange=auth-exchange, amqp_deliveryTag=1649, amqp_consumerQueue=auth.user.registered.queue, amqp_redelivered=true, __ContentTypeId__=java.lang.Object, amqp_receivedRoutingKey=auth.user.registered, amqp_contentEncoding=UTF-8, __KeyTypeId__=java.lang.Object, amqp_retryCount=0, id=13450a47-857c-cb04-3520-b8050171c169, amqp_consumerTag=amq.ctag-cAqrhI9n0NxPX1HhqC9Csg, amqp_lastInBatch=false, contentType=application/json, __TypeId__=java.util.HashMap, timestamp=1764722362589}]]
2025-12-02T19:39:22.589-05:00  INFO 124510 --- [tenant-service] [org.springframework.amqp.rabbit.RabbitListenerEndpointContainer#0-1] c.s.t.e.l.UserRegisteredListener         : Received auth.user.registered event: {globalRole=USER, eventType=auth.user.registered, userId=83278a9a-ba74-469a-994e-effb51d8837e, email=prueba@correo.com, timestamp=2025-12-02T19:33:08.964523491}
2025-12-02T19:39:22.589-05:00  INFO 124510 --- [tenant-service] [org.springframework.amqp.rabbit.RabbitListenerEndpointContainer#0-1] c.s.t.e.l.UserRegisteredListener         : Creating tenant for new user: prueba@correo.com (83278a9a-ba74-469a-994e-effb51d8837e)
2025-12-02T19:39:22.589-05:00  INFO 124510 --- [tenant-service] [org.springframework.amqp.rabbit.RabbitListenerEndpointContainer#0-1] c.s.t.service.impl.TenantServiceImpl     : Auto-creating tenant for new user: 83278a9a-ba74-469a-994e-effb51d8837e
2025-12-02T19:39:22.589-05:00 ERROR 124510 --- [tenant-service] [org.springframework.amqp.rabbit.RabbitListenerEndpointContainer#0-1] c.s.t.e.l.UserRegisteredListener         : Error processing auth.user.registered event: Range [0, 18) out of bounds for length 17

java.lang.StringIndexOutOfBoundsException: Range [0, 18) out of bounds for length 17
	at java.base/jdk.internal.util.Preconditions$1.apply(Preconditions.java:55) ~[na:na]
	at java.base/jdk.internal.util.Preconditions$1.apply(Preconditions.java:52) ~[na:na]
	at java.base/jdk.internal.util.Preconditions$4.apply(Preconditions.java:213) ~[na:na]
	at java.base/jdk.internal.util.Preconditions$4.apply(Preconditions.java:210) ~[na:na]
	at java.base/jdk.internal.util.Preconditions.outOfBounds(Preconditions.java:98) ~[na:na]
	at java.base/jdk.internal.util.Preconditions.outOfBoundsCheckFromToIndex(Preconditions.java:112) ~[na:na]
	at java.base/jdk.internal.util.Preconditions.checkFromToIndex(Preconditions.java:349) ~[na:na]
	at java.base/java.lang.String.checkBoundsBeginEnd(String.java:4865) ~[na:na]
	at java.base/java.lang.String.substring(String.java:2834) ~[na:na]
	at com.sentinel.tenant_service.service.impl.TenantServiceImpl.generateSlug(TenantServiceImpl.java:296) ~[classes/:na]
	at com.sentinel.tenant_service.service.impl.TenantServiceImpl.createTenantForUser(TenantServiceImpl.java:91) ~[classes/:na]
	at java.base/jdk.internal.reflect.DirectMethodHandleAccessor.invoke(DirectMethodHandleAccessor.java:103) ~[na:na]
	at java.base/java.lang.reflect.Method.invoke(Method.java:580) ~[na:na]
	at org.springframework.aop.support.AopUtils.invokeJoinpointUsingReflection(AopUtils.java:360) ~[spring-aop-6.2.14.jar:6.2.14]
	at org.springframework.aop.framework.ReflectiveMethodInvocation.invokeJoinpoint(ReflectiveMethodInvocation.java:196) ~[spring-aop-6.2.14.jar:6.2.14]
	at org.springframework.aop.framework.ReflectiveMethodInvocation.proceed(ReflectiveMethodInvocation.java:163) ~[spring-aop-6.2.14.jar:6.2.14]
	at org.springframework.transaction.interceptor.TransactionAspectSupport.invokeWithinTransaction(TransactionAspectSupport.java:380) ~[spring-tx-6.2.14.jar:6.2.14]
	at org.springframework.transaction.interceptor.TransactionInterceptor.invoke(TransactionInterceptor.java:119) ~[spring-tx-6.2.14.jar:6.2.14]
	at org.springframework.aop.framework.ReflectiveMethodInvocation.proceed(ReflectiveMethodInvocation.java:184) ~[spring-aop-6.2.14.jar:6.2.14]
	at org.springframework.aop.framework.CglibAopProxy$DynamicAdvisedInterceptor.intercept(CglibAopProxy.java:728) ~[spring-aop-6.2.14.jar:6.2.14]
	at com.sentinel.tenant_service.service.impl.TenantServiceImpl$$SpringCGLIB$$0.createTenantForUser(<generated>) ~[classes/:na]
	at com.sentinel.tenant_service.events.listeners.UserRegisteredListener.handleUserRegistered(UserRegisteredListener.java:52) ~[classes/:na]
	at java.base/jdk.internal.reflect.DirectMethodHandleAccessor.invoke(DirectMethodHandleAccessor.java:103) ~[na:na]
	at java.base/java.lang.reflect.Method.invoke(Method.java:580) ~[na:na]
	at org.springframework.messaging.handler.invocation.InvocableHandlerMethod.doInvoke(InvocableHandlerMethod.java:169) ~[spring-messaging-6.2.14.jar:6.2.14]
	at org.springframework.amqp.rabbit.listener.adapter.KotlinAwareInvocableHandlerMethod.doInvoke(KotlinAwareInvocableHandlerMethod.java:45) ~[spring-rabbit-3.2.8.jar:3.2.8]
	at org.springframework.messaging.handler.invocation.InvocableHandlerMethod.invoke(InvocableHandlerMethod.java:119) ~[spring-messaging-6.2.14.jar:6.2.14]
	at org.springframework.amqp.rabbit.listener.adapter.HandlerAdapter.invoke(HandlerAdapter.java:80) ~[spring-rabbit-3.2.8.jar:3.2.8]
	at org.springframework.amqp.rabbit.listener.adapter.MessagingMessageListenerAdapter.invokeHandler(MessagingMessageListenerAdapter.java:274) ~[spring-rabbit-3.2.8.jar:3.2.8]
	at org.springframework.amqp.rabbit.listener.adapter.MessagingMessageListenerAdapter.invokeHandlerAndProcessResult(MessagingMessageListenerAdapter.java:221) ~[spring-rabbit-3.2.8.jar:3.2.8]
	at org.springframework.amqp.rabbit.listener.adapter.MessagingMessageListenerAdapter.onMessage(MessagingMessageListenerAdapter.java:148) ~[spring-rabbit-3.2.8.jar:3.2.8]
	at org.springframework.amqp.rabbit.listener.AbstractMessageListenerContainer.doInvokeListener(AbstractMessageListenerContainer.java:1694) ~[spring-rabbit-3.2.8.jar:3.2.8]
	at org.springframework.amqp.rabbit.listener.AbstractMessageListenerContainer.actualInvokeListener(AbstractMessageListenerContainer.java:1616) ~[spring-rabbit-3.2.8.jar:3.2.8]
	at org.springframework.amqp.rabbit.listener.AbstractMessageListenerContainer.invokeListener(AbstractMessageListenerContainer.java:1604) ~[spring-rabbit-3.2.8.jar:3.2.8]
	at org.springframework.amqp.rabbit.listener.AbstractMessageListenerContainer.doExecuteListener(AbstractMessageListenerContainer.java:1595) ~[spring-rabbit-3.2.8.jar:3.2.8]
	at org.springframework.amqp.rabbit.listener.AbstractMessageListenerContainer.executeListenerAndHandleException(AbstractMessageListenerContainer.java:1540) ~[spring-rabbit-3.2.8.jar:3.2.8]
	at org.springframework.amqp.rabbit.listener.AbstractMessageListenerContainer.executeListener(AbstractMessageListenerContainer.java:1521) ~[spring-rabbit-3.2.8.jar:3.2.8]
	at org.springframework.amqp.rabbit.listener.SimpleMessageListenerContainer.doReceiveAndExecute(SimpleMessageListenerContainer.java:1091) ~[spring-rabbit-3.2.8.jar:3.2.8]
	at org.springframework.amqp.rabbit.listener.SimpleMessageListenerContainer.receiveAndExecute(SimpleMessageListenerContainer.java:1027) ~[spring-rabbit-3.2.8.jar:3.2.8]
	at org.springframework.amqp.rabbit.listener.SimpleMessageListenerContainer$AsyncMessageProcessingConsumer.mainLoop(SimpleMessageListenerContainer.java:1431) ~[spring-rabbit-3.2.8.jar:3.2.8]
	at org.springframework.amqp.rabbit.listener.SimpleMessageListenerContainer$AsyncMessageProcessingConsumer.run(SimpleMessageListenerContainer.java:1331) ~[spring-rabbit-3.2.8.jar:3.2.8]
	at java.base/java.lang.Thread.run(Thread.java:1583) ~[na:na]

2025-12-02T19:39:22.589-05:00  WARN 124510 --- [tenant-service] [org.springframework.amqp.rabbit.RabbitListenerEndpointContainer#0-1] s.a.r.l.ConditionalRejectingErrorHandler : Execution of Rabbit message listener failed.

org.springframework.amqp.rabbit.support.ListenerExecutionFailedException: Listener method 'public void com.sentinel.tenant_service.events.listeners.UserRegisteredListener.handleUserRegistered(java.util.Map<java.lang.String, java.lang.Object>)' threw exception
	at org.springframework.amqp.rabbit.listener.adapter.MessagingMessageListenerAdapter.invokeHandler(MessagingMessageListenerAdapter.java:283) ~[spring-rabbit-3.2.8.jar:3.2.8]
	at org.springframework.amqp.rabbit.listener.adapter.MessagingMessageListenerAdapter.invokeHandlerAndProcessResult(MessagingMessageListenerAdapter.java:221) ~[spring-rabbit-3.2.8.jar:3.2.8]
	at org.springframework.amqp.rabbit.listener.adapter.MessagingMessageListenerAdapter.onMessage(MessagingMessageListenerAdapter.java:148) ~[spring-rabbit-3.2.8.jar:3.2.8]
	at org.springframework.amqp.rabbit.listener.AbstractMessageListenerContainer.doInvokeListener(AbstractMessageListenerContainer.java:1694) ~[spring-rabbit-3.2.8.jar:3.2.8]
	at org.springframework.amqp.rabbit.listener.AbstractMessageListenerContainer.actualInvokeListener(AbstractMessageListenerContainer.java:1616) ~[spring-rabbit-3.2.8.jar:3.2.8]
	at org.springframework.amqp.rabbit.listener.AbstractMessageListenerContainer.invokeListener(AbstractMessageListenerContainer.java:1604) ~[spring-rabbit-3.2.8.jar:3.2.8]
	at org.springframework.amqp.rabbit.listener.AbstractMessageListenerContainer.doExecuteListener(AbstractMessageListenerContainer.java:1595) ~[spring-rabbit-3.2.8.jar:3.2.8]
	at org.springframework.amqp.rabbit.listener.AbstractMessageListenerContainer.executeListenerAndHandleException(AbstractMessageListenerContainer.java:1540) ~[spring-rabbit-3.2.8.jar:3.2.8]
	at org.springframework.amqp.rabbit.listener.AbstractMessageListenerContainer.executeListener(AbstractMessageListenerContainer.java:1521) ~[spring-rabbit-3.2.8.jar:3.2.8]
	at org.springframework.amqp.rabbit.listener.SimpleMessageListenerContainer.doReceiveAndExecute(SimpleMessageListenerContainer.java:1091) ~[spring-rabbit-3.2.8.jar:3.2.8]
	at org.springframework.amqp.rabbit.listener.SimpleMessageListenerContainer.receiveAndExecute(SimpleMessageListenerContainer.java:1027) ~[spring-rabbit-3.2.8.jar:3.2.8]
	at org.springframework.amqp.rabbit.listener.SimpleMessageListenerContainer$AsyncMessageProcessingConsumer.mainLoop(SimpleMessageListenerContainer.java:1431) ~[spring-rabbit-3.2.8.jar:3.2.8]
	at org.springframework.amqp.rabbit.listener.SimpleMessageListenerContainer$AsyncMessageProcessingConsumer.run(SimpleMessageListenerContainer.java:1331) ~[spring-rabbit-3.2.8.jar:3.2.8]
	at java.base/java.lang.Thread.run(Thread.java:1583) ~[na:na]
Caused by: java.lang.StringIndexOutOfBoundsException: Range [0, 18) out of bounds for length 17
	at java.base/jdk.internal.util.Preconditions$1.apply(Preconditions.java:55) ~[na:na]
	at java.base/jdk.internal.util.Preconditions$1.apply(Preconditions.java:52) ~[na:na]
	at java.base/jdk.internal.util.Preconditions$4.apply(Preconditions.java:213) ~[na:na]
	at java.base/jdk.internal.util.Preconditions$4.apply(Preconditions.java:210) ~[na:na]
	at java.base/jdk.internal.util.Preconditions.outOfBounds(Preconditions.java:98) ~[na:na]
	at java.base/jdk.internal.util.Preconditions.outOfBoundsCheckFromToIndex(Preconditions.java:112) ~[na:na]
	at java.base/jdk.internal.util.Preconditions.checkFromToIndex(Preconditions.java:349) ~[na:na]
	at java.base/java.lang.String.checkBoundsBeginEnd(String.java:4865) ~[na:na]
	at java.base/java.lang.String.substring(String.java:2834) ~[na:na]
	at com.sentinel.tenant_service.service.impl.TenantServiceImpl.generateSlug(TenantServiceImpl.java:296) ~[classes/:na]
	at com.sentinel.tenant_service.service.impl.TenantServiceImpl.createTenantForUser(TenantServiceImpl.java:91) ~[classes/:na]
	at java.base/jdk.internal.reflect.DirectMethodHandleAccessor.invoke(DirectMethodHandleAccessor.java:103) ~[na:na]
	at java.base/java.lang.reflect.Method.invoke(Method.java:580) ~[na:na]
	at org.springframework.aop.support.AopUtils.invokeJoinpointUsingReflection(AopUtils.java:360) ~[spring-aop-6.2.14.jar:6.2.14]
	at org.springframework.aop.framework.ReflectiveMethodInvocation.invokeJoinpoint(ReflectiveMethodInvocation.java:196) ~[spring-aop-6.2.14.jar:6.2.14]
	at org.springframework.aop.framework.ReflectiveMethodInvocation.proceed(ReflectiveMethodInvocation.java:163) ~[spring-aop-6.2.14.jar:6.2.14]
	at org.springframework.transaction.interceptor.TransactionAspectSupport.invokeWithinTransaction(TransactionAspectSupport.java:380) ~[spring-tx-6.2.14.jar:6.2.14]
	at org.springframework.transaction.interceptor.TransactionInterceptor.invoke(TransactionInterceptor.java:119) ~[spring-tx-6.2.14.jar:6.2.14]
	at org.springframework.aop.framework.ReflectiveMethodInvocation.proceed(ReflectiveMethodInvocation.java:184) ~[spring-aop-6.2.14.jar:6.2.14]
	at org.springframework.aop.framework.CglibAopProxy$DynamicAdvisedInterceptor.intercept(CglibAopProxy.java:728) ~[spring-aop-6.2.14.jar:6.2.14]
	at com.sentinel.tenant_service.service.impl.TenantServiceImpl$$SpringCGLIB$$0.createTenantForUser(<generated>) ~[classes/:na]
	at com.sentinel.tenant_service.events.listeners.UserRegisteredListener.handleUserRegistered(UserRegisteredListener.java:52) ~[classes/:na]
	at java.base/jdk.internal.reflect.DirectMethodHandleAccessor.invoke(DirectMethodHandleAccessor.java:103) ~[na:na]
	at java.base/java.lang.reflect.Method.invoke(Method.java:580) ~[na:na]
	at org.springframework.messaging.handler.invocation.InvocableHandlerMethod.doInvoke(InvocableHandlerMethod.java:169) ~[spring-messaging-6.2.14.jar:6.2.14]
	at org.springframework.amqp.rabbit.listener.adapter.KotlinAwareInvocableHandlerMethod.doInvoke(KotlinAwareInvocableHandlerMethod.java:45) ~[spring-rabbit-3.2.8.jar:3.2.8]
	at org.springframework.messaging.handler.invocation.InvocableHandlerMethod.invoke(InvocableHandlerMethod.java:119) ~[spring-messaging-6.2.14.jar:6.2.14]
	at org.springframework.amqp.rabbit.listener.adapter.HandlerAdapter.invoke(HandlerAdapter.java:80) ~[spring-rabbit-3.2.8.jar:3.2.8]
	at org.springframework.amqp.rabbit.listener.adapter.MessagingMessageListenerAdapter.invokeHandler(MessagingMessageListenerAdapter.java:274) ~[spring-rabbit-3.2.8.jar:3.2.8]
	... 13 common frames omitted

2025-12-02T19:39:22.589-05:00 DEBUG 124510 --- [tenant-service] [org.springframework.amqp.rabbit.RabbitListenerEndpointContainer#0-1] o.s.a.r.listener.BlockingQueueConsumer   : Rejecting messages (requeue=true)
2025-12-02T19:39:22.590-05:00 DEBUG 124510 --- [tenant-service] [pool-2-thread-8] o.s.a.r.listener.BlockingQueueConsumer   : Storing delivery for consumerTag: 'amq.ctag-cAqrhI9n0NxPX1HhqC9Csg' with deliveryTag: '1650' in Consumer@2baf9cd4: tags=[[amq.ctag-cAqrhI9n0NxPX1HhqC9Csg]], channel=Cached Rabbit Channel: AMQChannel(amqp://guest@127.0.0.1:5672/,1), conn: Proxy@ae449e7 Shared Rabbit Connection: SimpleConnection@15beb40b [delegate=amqp://guest@127.0.0.1:5672/, localPort=40784], acknowledgeMode=AUTO local queue size=0
2025-12-02T19:39:22.590-05:00 DEBUG 124510 --- [tenant-service] [org.springframework.amqp.rabbit.RabbitListenerEndpointContainer#0-1] o.s.a.r.listener.BlockingQueueConsumer   : Received message: (Body:'[B@68013937(byte[176])' MessageProperties [headers={__ContentTypeId__=java.lang.Object, __KeyTypeId__=java.lang.Object, __TypeId__=java.util.HashMap}, contentType=application/json, contentEncoding=UTF-8, contentLength=0, receivedDeliveryMode=PERSISTENT, priority=0, redelivered=true, receivedExchange=auth-exchange, receivedRoutingKey=auth.user.registered, deliveryTag=1650, consumerTag=amq.ctag-cAqrhI9n0NxPX1HhqC9Csg, consumerQueue=auth.user.registered.queue])
2025-12-02T19:39:22.590-05:00 DEBUG 124510 --- [tenant-service] [org.springframework.amqp.rabbit.RabbitListenerEndpointContainer#0-1] .a.r.l.a.MessagingMessageListenerAdapter : Processing [GenericMessage [payload={globalRole=USER, eventType=auth.user.registered, userId=83278a9a-ba74-469a-994e-effb51d8837e, email=prueba@correo.com, timestamp=2025-12-02T19:33:08.964523491}, headers={amqp_receivedDeliveryMode=PERSISTENT, amqp_receivedExchange=auth-exchange, amqp_deliveryTag=1650, amqp_consumerQueue=auth.user.registered.queue, amqp_redelivered=true, __ContentTypeId__=java.lang.Object, amqp_receivedRoutingKey=auth.user.registered, amqp_contentEncoding=UTF-8, __KeyTypeId__=java.lang.Object, amqp_retryCount=0, id=ee113df7-e3c2-b4bb-ff4b-09213ff7a49d, amqp_consumerTag=amq.ctag-cAqrhI9n0NxPX1HhqC9Csg, amqp_lastInBatch=false, contentType=application/json, __TypeId__=java.util.HashMap, timestamp=1764722362590}]]
2025-12-02T19:39:22.590-05:00  INFO 124510 --- [tenant-service] [org.springframework.amqp.rabbit.RabbitListenerEndpointContainer#0-1] c.s.t.e.l.UserRegisteredListener         : Received auth.user.registered event: {globalRole=USER, eventType=auth.user.registered, userId=83278a9a-ba74-469a-994e-effb51d8837e, email=prueba@correo.com, timestamp=2025-12-02T19:33:08.964523491}
2025-12-02T19:39:22.590-05:00  INFO 124510 --- [tenant-service] [org.springframework.amqp.rabbit.RabbitListenerEndpointContainer#0-1] c.s.t.e.l.UserRegisteredListener         : Creating tenant for new user: prueba@correo.com (83278a9a-ba74-469a-994e-effb51d8837e)
2025-12-02T19:39:22.590-05:00  INFO 124510 --- [tenant-service] [org.springframework.amqp.rabbit.RabbitListenerEndpointContainer#0-1] c.s.t.service.impl.TenantServiceImpl     : Auto-creating tenant for new user: 83278a9a-ba74-469a-994e-effb51d8837e
2025-12-02T19:39:22.590-05:00 ERROR 124510 --- [tenant-service] [org.springframework.amqp.rabbit.RabbitListenerEndpointContainer#0-1] c.s.t.e.l.UserRegisteredListener         : Error processing auth.user.registered event: Range [0, 18) out of bounds for length 17

java.lang.StringIndexOutOfBoundsException: Range [0, 18) out of bounds for length 17
	at java.base/jdk.internal.util.Preconditions$1.apply(Preconditions.java:55) ~[na:na]
	at java.base/jdk.internal.util.Preconditions$1.apply(Preconditions.java:52) ~[na:na]
	at java.base/jdk.internal.util.Preconditions$4.apply(Preconditions.java:213) ~[na:na]
	at java.base/jdk.internal.util.Preconditions$4.apply(Preconditions.java:210) ~[na:na]
	at java.base/jdk.internal.util.Preconditions.outOfBounds(Preconditions.java:98) ~[na:na]
	at java.base/jdk.internal.util.Preconditions.outOfBoundsCheckFromToIndex(Preconditions.java:112) ~[na:na]
	at java.base/jdk.internal.util.Preconditions.checkFromToIndex(Preconditions.java:349) ~[na:na]
	at java.base/java.lang.String.checkBoundsBeginEnd(String.java:4865) ~[na:na]
	at java.base/java.lang.String.substring(String.java:2834) ~[na:na]
	at com.sentinel.tenant_service.service.impl.TenantServiceImpl.generateSlug(TenantServiceImpl.java:296) ~[classes/:na]
	at com.sentinel.tenant_service.service.impl.TenantServiceImpl.createTenantForUser(TenantServiceImpl.java:91) ~[classes/:na]
	at java.base/jdk.internal.reflect.DirectMethodHandleAccessor.invoke(DirectMethodHandleAccessor.java:103) ~[na:na]
	at java.base/java.lang.reflect.Method.invoke(Method.java:580) ~[na:na]
	at org.springframework.aop.support.AopUtils.invokeJoinpointUsingReflection(AopUtils.java:360) ~[spring-aop-6.2.14.jar:6.2.14]
	at org.springframework.aop.framework.ReflectiveMethodInvocation.invokeJoinpoint(ReflectiveMethodInvocation.java:196) ~[spring-aop-6.2.14.jar:6.2.14]
	at org.springframework.aop.framework.ReflectiveMethodInvocation.proceed(ReflectiveMethodInvocation.java:163) ~[spring-aop-6.2.14.jar:6.2.14]
	at org.springframework.transaction.interceptor.TransactionAspectSupport.invokeWithinTransaction(TransactionAspectSupport.java:380) ~[spring-tx-6.2.14.jar:6.2.14]
	at org.springframework.transaction.interceptor.TransactionInterceptor.invoke(TransactionInterceptor.java:119) ~[spring-tx-6.2.14.jar:6.2.14]
	at org.springframework.aop.framework.ReflectiveMethodInvocation.proceed(ReflectiveMethodInvocation.java:184) ~[spring-aop-6.2.14.jar:6.2.14]
	at org.springframework.aop.framework.CglibAopProxy$DynamicAdvisedInterceptor.intercept(CglibAopProxy.java:728) ~[spring-aop-6.2.14.jar:6.2.14]
	at com.sentinel.tenant_service.service.impl.TenantServiceImpl$$SpringCGLIB$$0.createTenantForUser(<generated>) ~[classes/:na]
	at com.sentinel.tenant_service.events.listeners.UserRegisteredListener.handleUserRegistered(UserRegisteredListener.java:52) ~[classes/:na]
	at java.base/jdk.internal.reflect.DirectMethodHandleAccessor.invoke(DirectMethodHandleAccessor.java:103) ~[na:na]
	at java.base/java.lang.reflect.Method.invoke(Method.java:580) ~[na:na]
	at org.springframework.messaging.handler.invocation.InvocableHandlerMethod.doInvoke(InvocableHandlerMethod.java:169) ~[spring-messaging-6.2.14.jar:6.2.14]
	at org.springframework.amqp.rabbit.listener.adapter.KotlinAwareInvocableHandlerMethod.doInvoke(KotlinAwareInvocableHandlerMethod.java:45) ~[spring-rabbit-3.2.8.jar:3.2.8]
	at org.springframework.messaging.handler.invocation.InvocableHandlerMethod.invoke(InvocableHandlerMethod.java:119) ~[spring-messaging-6.2.14.jar:6.2.14]
	at org.springframework.amqp.rabbit.listener.adapter.HandlerAdapter.invoke(HandlerAdapter.java:80) ~[spring-rabbit-3.2.8.jar:3.2.8]
	at org.springframework.amqp.rabbit.listener.adapter.MessagingMessageListenerAdapter.invokeHandler(MessagingMessageListenerAdapter.java:274) ~[spring-rabbit-3.2.8.jar:3.2.8]
	at org.springframework.amqp.rabbit.listener.adapter.MessagingMessageListenerAdapter.invokeHandlerAndProcessResult(MessagingMessageListenerAdapter.java:221) ~[spring-rabbit-3.2.8.jar:3.2.8]
	at org.springframework.amqp.rabbit.listener.adapter.MessagingMessageListenerAdapter.onMessage(MessagingMessageListenerAdapter.java:148) ~[spring-rabbit-3.2.8.jar:3.2.8]
	at org.springframework.amqp.rabbit.listener.AbstractMessageListenerContainer.doInvokeListener(AbstractMessageListenerContainer.java:1694) ~[spring-rabbit-3.2.8.jar:3.2.8]
	at org.springframework.amqp.rabbit.listener.AbstractMessageListenerContainer.actualInvokeListener(AbstractMessageListenerContainer.java:1616) ~[spring-rabbit-3.2.8.jar:3.2.8]
	at org.springframework.amqp.rabbit.listener.AbstractMessageListenerContainer.invokeListener(AbstractMessageListenerContainer.java:1604) ~[spring-rabbit-3.2.8.jar:3.2.8]
	at org.springframework.amqp.rabbit.listener.AbstractMessageListenerContainer.doExecuteListener(AbstractMessageListenerContainer.java:1595) ~[spring-rabbit-3.2.8.jar:3.2.8]
	at org.springframework.amqp.rabbit.listener.AbstractMessageListenerContainer.executeListenerAndHandleException(AbstractMessageListenerContainer.java:1540) ~[spring-rabbit-3.2.8.jar:3.2.8]
	at org.springframework.amqp.rabbit.listener.AbstractMessageListenerContainer.executeListener(AbstractMessageListenerContainer.java:1521) ~[spring-rabbit-3.2.8.jar:3.2.8]
	at org.springframework.amqp.rabbit.listener.SimpleMessageListenerContainer.doReceiveAndExecute(SimpleMessageListenerContainer.java:1091) ~[spring-rabbit-3.2.8.jar:3.2.8]
	at org.springframework.amqp.rabbit.listener.SimpleMessageListenerContainer.receiveAndExecute(SimpleMessageListenerContainer.java:1027) ~[spring-rabbit-3.2.8.jar:3.2.8]
	at org.springframework.amqp.rabbit.listener.SimpleMessageListenerContainer$AsyncMessageProcessingConsumer.mainLoop(SimpleMessageListenerContainer.java:1431) ~[spring-rabbit-3.2.8.jar:3.2.8]
	at org.springframework.amqp.rabbit.listener.SimpleMessageListenerContainer$AsyncMessageProcessingConsumer.run(SimpleMessageListenerContainer.java:1331) ~[spring-rabbit-3.2.8.jar:3.2.8]
	at java.base/java.lang.Thread.run(Thread.java:1583) ~[na:na]

2025-12-02T19:39:22.590-05:00  WARN 124510 --- [tenant-service] [org.springframework.amqp.rabbit.RabbitListenerEndpointContainer#0-1] s.a.r.l.ConditionalRejectingErrorHandler : Execution of Rabbit message listener failed.

org.springframework.amqp.rabbit.support.ListenerExecutionFailedException: Listener method 'public void com.sentinel.tenant_service.events.listeners.UserRegisteredListener.handleUserRegistered(java.util.Map<java.lang.String, java.lang.Object>)' threw exception
	at org.springframework.amqp.rabbit.listener.adapter.MessagingMessageListenerAdapter.invokeHandler(MessagingMessageListenerAdapter.java:283) ~[spring-rabbit-3.2.8.jar:3.2.8]
	at org.springframework.amqp.rabbit.listener.adapter.MessagingMessageListenerAdapter.invokeHandlerAndProcessResult(MessagingMessageListenerAdapter.java:221) ~[spring-rabbit-3.2.8.jar:3.2.8]
	at org.springframework.amqp.rabbit.listener.adapter.MessagingMessageListenerAdapter.onMessage(MessagingMessageListenerAdapter.java:148) ~[spring-rabbit-3.2.8.jar:3.2.8]
	at org.springframework.amqp.rabbit.listener.AbstractMessageListenerContainer.doInvokeListener(AbstractMessageListenerContainer.java:1694) ~[spring-rabbit-3.2.8.jar:3.2.8]
	at org.springframework.amqp.rabbit.listener.AbstractMessageListenerContainer.actualInvokeListener(AbstractMessageListenerContainer.java:1616) ~[spring-rabbit-3.2.8.jar:3.2.8]
	at org.springframework.amqp.rabbit.listener.AbstractMessageListenerContainer.invokeListener(AbstractMessageListenerContainer.java:1604) ~[spring-rabbit-3.2.8.jar:3.2.8]
	at org.springframework.amqp.rabbit.listener.AbstractMessageListenerContainer.doExecuteListener(AbstractMessageListenerContainer.java:1595) ~[spring-rabbit-3.2.8.jar:3.2.8]
	at org.springframework.amqp.rabbit.listener.AbstractMessageListenerContainer.executeListenerAndHandleException(AbstractMessageListenerContainer.java:1540) ~[spring-rabbit-3.2.8.jar:3.2.8]
	at org.springframework.amqp.rabbit.listener.AbstractMessageListenerContainer.executeListener(AbstractMessageListenerContainer.java:1521) ~[spring-rabbit-3.2.8.jar:3.2.8]
	at org.springframework.amqp.rabbit.listener.SimpleMessageListenerContainer.doReceiveAndExecute(SimpleMessageListenerContainer.java:1091) ~[spring-rabbit-3.2.8.jar:3.2.8]
	at org.springframework.amqp.rabbit.listener.SimpleMessageListenerContainer.receiveAndExecute(SimpleMessageListenerContainer.java:1027) ~[spring-rabbit-3.2.8.jar:3.2.8]
	at org.springframework.amqp.rabbit.listener.SimpleMessageListenerContainer$AsyncMessageProcessingConsumer.mainLoop(SimpleMessageListenerContainer.java:1431) ~[spring-rabbit-3.2.8.jar:3.2.8]
	at org.springframework.amqp.rabbit.listener.SimpleMessageListenerContainer$AsyncMessageProcessingConsumer.run(SimpleMessageListenerContainer.java:1331) ~[spring-rabbit-3.2.8.jar:3.2.8]
	at java.base/java.lang.Thread.run(Thread.java:1583) ~[na:na]
Caused by: java.lang.StringIndexOutOfBoundsException: Range [0, 18) out of bounds for length 17
	at java.base/jdk.internal.util.Preconditions$1.apply(Preconditions.java:55) ~[na:na]
	at java.base/jdk.internal.util.Preconditions$1.apply(Preconditions.java:52) ~[na:na]
	at java.base/jdk.internal.util.Preconditions$4.apply(Preconditions.java:213) ~[na:na]
	at java.base/jdk.internal.util.Preconditions$4.apply(Preconditions.java:210) ~[na:na]
	at java.base/jdk.internal.util.Preconditions.outOfBounds(Preconditions.java:98) ~[na:na]
	at java.base/jdk.internal.util.Preconditions.outOfBoundsCheckFromToIndex(Preconditions.java:112) ~[na:na]
	at java.base/jdk.internal.util.Preconditions.checkFromToIndex(Preconditions.java:349) ~[na:na]
	at java.base/java.lang.String.checkBoundsBeginEnd(String.java:4865) ~[na:na]
	at java.base/java.lang.String.substring(String.java:2834) ~[na:na]
	at com.sentinel.tenant_service.service.impl.TenantServiceImpl.generateSlug(TenantServiceImpl.java:296) ~[classes/:na]
	at com.sentinel.tenant_service.service.impl.TenantServiceImpl.createTenantForUser(TenantServiceImpl.java:91) ~[classes/:na]
	at java.base/jdk.internal.reflect.DirectMethodHandleAccessor.invoke(DirectMethodHandleAccessor.java:103) ~[na:na]
	at java.base/java.lang.reflect.Method.invoke(Method.java:580) ~[na:na]
	at org.springframework.aop.support.AopUtils.invokeJoinpointUsingReflection(AopUtils.java:360) ~[spring-aop-6.2.14.jar:6.2.14]
	at org.springframework.aop.framework.ReflectiveMethodInvocation.invokeJoinpoint(ReflectiveMethodInvocation.java:196) ~[spring-aop-6.2.14.jar:6.2.14]
	at org.springframework.aop.framework.ReflectiveMethodInvocation.proceed(ReflectiveMethodInvocation.java:163) ~[spring-aop-6.2.14.jar:6.2.14]
	at org.springframework.transaction.interceptor.TransactionAspectSupport.invokeWithinTransaction(TransactionAspectSupport.java:380) ~[spring-tx-6.2.14.jar:6.2.14]
	at org.springframework.transaction.interceptor.TransactionInterceptor.invoke(TransactionInterceptor.java:119) ~[spring-tx-6.2.14.jar:6.2.14]
	at org.springframework.aop.framework.ReflectiveMethodInvocation.proceed(ReflectiveMethodInvocation.java:184) ~[spring-aop-6.2.14.jar:6.2.14]
	at org.springframework.aop.framework.CglibAopProxy$DynamicAdvisedInterceptor.intercept(CglibAopProxy.java:728) ~[spring-aop-6.2.14.jar:6.2.14]
	at com.sentinel.tenant_service.service.impl.TenantServiceImpl$$SpringCGLIB$$0.createTenantForUser(<generated>) ~[classes/:na]
	at com.sentinel.tenant_service.events.listeners.UserRegisteredListener.handleUserRegistered(UserRegisteredListener.java:52) ~[classes/:na]
	at java.base/jdk.internal.reflect.DirectMethodHandleAccessor.invoke(DirectMethodHandleAccessor.java:103) ~[na:na]
	at java.base/java.lang.reflect.Method.invoke(Method.java:580) ~[na:na]
	at org.springframework.messaging.handler.invocation.InvocableHandlerMethod.doInvoke(InvocableHandlerMethod.java:169) ~[spring-messaging-6.2.14.jar:6.2.14]
	at org.springframework.amqp.rabbit.listener.adapter.KotlinAwareInvocableHandlerMethod.doInvoke(KotlinAwareInvocableHandlerMethod.java:45) ~[spring-rabbit-3.2.8.jar:3.2.8]
	at org.springframework.messaging.handler.invocation.InvocableHandlerMethod.invoke(InvocableHandlerMethod.java:119) ~[spring-messaging-6.2.14.jar:6.2.14]
	at org.springframework.amqp.rabbit.listener.adapter.HandlerAdapter.invoke(HandlerAdapter.java:80) ~[spring-rabbit-3.2.8.jar:3.2.8]
	at org.springframework.amqp.rabbit.listener.adapter.MessagingMessageListenerAdapter.invokeHandler(MessagingMessageListenerAdapter.java:274) ~[spring-rabbit-3.2.8.jar:3.2.8]
	... 13 common frames omitted

2025-12-02T19:39:22.590-05:00 DEBUG 124510 --- [tenant-service] [org.springframework.amqp.rabbit.RabbitListenerEndpointContainer#0-1] o.s.a.r.listener.BlockingQueueConsumer   : Rejecting messages (requeue=true)
2025-12-02T19:39:22.590-05:00 DEBUG 124510 --- [tenant-service] [pool-2-thread-9] o.s.a.r.listener.BlockingQueueConsumer   : Storing delivery for consumerTag: 'amq.ctag-cAqrhI9n0NxPX1HhqC9Csg' with deliveryTag: '1651' in Consumer@2baf9cd4: tags=[[amq.ctag-cAqrhI9n0NxPX1HhqC9Csg]], channel=Cached Rabbit Channel: AMQChannel(amqp://guest@127.0.0.1:5672/,1), conn: Proxy@ae449e7 Shared Rabbit Connection: SimpleConnection@15beb40b [delegate=amqp://guest@127.0.0.1:5672/, localPort=40784], acknowledgeMode=AUTO local queue size=0
2025-12-02T19:39:22.590-05:00 DEBUG 124510 --- [tenant-service] [org.springframework.amqp.rabbit.RabbitListenerEndpointContainer#0-1] o.s.a.r.listener.BlockingQueueConsumer   : Received message: (Body:'[B@3b835ff7(byte[176])' MessageProperties [headers={__ContentTypeId__=java.lang.Object, __KeyTypeId__=java.lang.Object, __TypeId__=java.util.HashMap}, contentType=application/json, contentEncoding=UTF-8, contentLength=0, receivedDeliveryMode=PERSISTENT, priority=0, redelivered=true, receivedExchange=auth-exchange, receivedRoutingKey=auth.user.registered, deliveryTag=1651, consumerTag=amq.ctag-cAqrhI9n0NxPX1HhqC9Csg, consumerQueue=auth.user.registered.queue])
2025-12-02T19:39:22.590-05:00 DEBUG 124510 --- [tenant-service] [org.springframework.amqp.rabbit.RabbitListenerEndpointContainer#0-1] .a.r.l.a.MessagingMessageListenerAdapter : Processing [GenericMessage [payload={globalRole=USER, eventType=auth.user.registered, userId=83278a9a-ba74-469a-994e-effb51d8837e, email=prueba@correo.com, timestamp=2025-12-02T19:33:08.964523491}, headers={amqp_receivedDeliveryMode=PERSISTENT, amqp_receivedExchange=auth-exchange, amqp_deliveryTag=1651, amqp_consumerQueue=auth.user.registered.queue, amqp_redelivered=true, __ContentTypeId__=java.lang.Object, amqp_receivedRoutingKey=auth.user.registered, amqp_contentEncoding=UTF-8, __KeyTypeId__=java.lang.Object, amqp_retryCount=0, id=1f3c7991-2ece-355b-ff7f-6f74d3679a78, amqp_consumerTag=amq.ctag-cAqrhI9n0NxPX1HhqC9Csg, amqp_lastInBatch=false, contentType=application/json, __TypeId__=java.util.HashMap, timestamp=1764722362590}]]
2025-12-02T19:39:22.590-05:00  INFO 124510 --- [tenant-service] [org.springframework.amqp.rabbit.RabbitListenerEndpointContainer#0-1] c.s.t.e.l.UserRegisteredListener         : Received auth.user.registered event: {globalRole=USER, eventType=auth.user.registered, userId=83278a9a-ba74-469a-994e-effb51d8837e, email=prueba@correo.com, timestamp=2025-12-02T19:33:08.964523491}
2025-12-02T19:39:22.590-05:00  INFO 124510 --- [tenant-service] [org.springframework.amqp.rabbit.RabbitListenerEndpointContainer#0-1] c.s.t.e.l.UserRegisteredListener         : Creating tenant for new user: prueba@correo.com (83278a9a-ba74-469a-994e-effb51d8837e)
2025-12-02T19:39:22.591-05:00  INFO 124510 --- [tenant-service] [org.springframework.amqp.rabbit.RabbitListenerEndpointContainer#0-1] c.s.t.service.impl.TenantServiceImpl     : Auto-creating tenant for new user: 83278a9a-ba74-469a-994e-effb51d8837e
2025-12-02T19:39:22.591-05:00 ERROR 124510 --- [tenant-service] [org.springframework.amqp.rabbit.RabbitListenerEndpointContainer#0-1] c.s.t.e.l.UserRegisteredListener         : Error processing auth.user.registered event: Range [0, 18) out of bounds for length 17

java.lang.StringIndexOutOfBoundsException: Range [0, 18) out of bounds for length 17
	at java.base/jdk.internal.util.Preconditions$1.apply(Preconditions.java:55) ~[na:na]
	at java.base/jdk.internal.util.Preconditions$1.apply(Preconditions.java:52) ~[na:na]
	at java.base/jdk.internal.util.Preconditions$4.apply(Preconditions.java:213) ~[na:na]
	at java.base/jdk.internal.util.Preconditions$4.apply(Preconditions.java:210) ~[na:na]
	at java.base/jdk.internal.util.Preconditions.outOfBounds(Preconditions.java:98) ~[na:na]
	at java.base/jdk.internal.util.Preconditions.outOfBoundsCheckFromToIndex(Preconditions.java:112) ~[na:na]
	at java.base/jdk.internal.util.Preconditions.checkFromToIndex(Preconditions.java:349) ~[na:na]
	at java.base/java.lang.String.checkBoundsBeginEnd(String.java:4865) ~[na:na]
	at java.base/java.lang.String.substring(String.java:2834) ~[na:na]
	at com.sentinel.tenant_service.service.impl.TenantServiceImpl.generateSlug(TenantServiceImpl.java:296) ~[classes/:na]
	at com.sentinel.tenant_service.service.impl.TenantServiceImpl.createTenantForUser(TenantServiceImpl.java:91) ~[classes/:na]
	at java.base/jdk.internal.reflect.DirectMethodHandleAccessor.invoke(DirectMethodHandleAccessor.java:103) ~[na:na]
	at java.base/java.lang.reflect.Method.invoke(Method.java:580) ~[na:na]
	at org.springframework.aop.support.AopUtils.invokeJoinpointUsingReflection(AopUtils.java:360) ~[spring-aop-6.2.14.jar:6.2.14]
	at org.springframework.aop.framework.ReflectiveMethodInvocation.invokeJoinpoint(ReflectiveMethodInvocation.java:196) ~[spring-aop-6.2.14.jar:6.2.14]
	at org.springframework.aop.framework.ReflectiveMethodInvocation.proceed(ReflectiveMethodInvocation.java:163) ~[spring-aop-6.2.14.jar:6.2.14]
	at org.springframework.transaction.interceptor.TransactionAspectSupport.invokeWithinTransaction(TransactionAspectSupport.java:380) ~[spring-tx-6.2.14.jar:6.2.14]
	at org.springframework.transaction.interceptor.TransactionInterceptor.invoke(TransactionInterceptor.java:119) ~[spring-tx-6.2.14.jar:6.2.14]
	at org.springframework.aop.framework.ReflectiveMethodInvocation.proceed(ReflectiveMethodInvocation.java:184) ~[spring-aop-6.2.14.jar:6.2.14]
	at org.springframework.aop.framework.CglibAopProxy$DynamicAdvisedInterceptor.intercept(CglibAopProxy.java:728) ~[spring-aop-6.2.14.jar:6.2.14]
	at com.sentinel.tenant_service.service.impl.TenantServiceImpl$$SpringCGLIB$$0.createTenantForUser(<generated>) ~[classes/:na]
	at com.sentinel.tenant_service.events.listeners.UserRegisteredListener.handleUserRegistered(UserRegisteredListener.java:52) ~[classes/:na]
	at java.base/jdk.internal.reflect.DirectMethodHandleAccessor.invoke(DirectMethodHandleAccessor.java:103) ~[na:na]
	at java.base/java.lang.reflect.Method.invoke(Method.java:580) ~[na:na]
	at org.springframework.messaging.handler.invocation.InvocableHandlerMethod.doInvoke(InvocableHandlerMethod.java:169) ~[spring-messaging-6.2.14.jar:6.2.14]
	at org.springframework.amqp.rabbit.listener.adapter.KotlinAwareInvocableHandlerMethod.doInvoke(KotlinAwareInvocableHandlerMethod.java:45) ~[spring-rabbit-3.2.8.jar:3.2.8]
	at org.springframework.messaging.handler.invocation.InvocableHandlerMethod.invoke(InvocableHandlerMethod.java:119) ~[spring-messaging-6.2.14.jar:6.2.14]
	at org.springframework.amqp.rabbit.listener.adapter.HandlerAdapter.invoke(HandlerAdapter.java:80) ~[spring-rabbit-3.2.8.jar:3.2.8]
	at org.springframework.amqp.rabbit.listener.adapter.MessagingMessageListenerAdapter.invokeHandler(MessagingMessageListenerAdapter.java:274) ~[spring-rabbit-3.2.8.jar:3.2.8]
	at org.springframework.amqp.rabbit.listener.adapter.MessagingMessageListenerAdapter.invokeHandlerAndProcessResult(MessagingMessageListenerAdapter.java:221) ~[spring-rabbit-3.2.8.jar:3.2.8]
	at org.springframework.amqp.rabbit.listener.adapter.MessagingMessageListenerAdapter.onMessage(MessagingMessageListenerAdapter.java:148) ~[spring-rabbit-3.2.8.jar:3.2.8]
	at org.springframework.amqp.rabbit.listener.AbstractMessageListenerContainer.doInvokeListener(AbstractMessageListenerContainer.java:1694) ~[spring-rabbit-3.2.8.jar:3.2.8]
	at org.springframework.amqp.rabbit.listener.AbstractMessageListenerContainer.actualInvokeListener(AbstractMessageListenerContainer.java:1616) ~[spring-rabbit-3.2.8.jar:3.2.8]
	at org.springframework.amqp.rabbit.listener.AbstractMessageListenerContainer.invokeListener(AbstractMessageListenerContainer.java:1604) ~[spring-rabbit-3.2.8.jar:3.2.8]
	at org.springframework.amqp.rabbit.listener.AbstractMessageListenerContainer.doExecuteListener(AbstractMessageListenerContainer.java:1595) ~[spring-rabbit-3.2.8.jar:3.2.8]
	at org.springframework.amqp.rabbit.listener.AbstractMessageListenerContainer.executeListenerAndHandleException(AbstractMessageListenerContainer.java:1540) ~[spring-rabbit-3.2.8.jar:3.2.8]
	at org.springframework.amqp.rabbit.listener.AbstractMessageListenerContainer.executeListener(AbstractMessageListenerContainer.java:1521) ~[spring-rabbit-3.2.8.jar:3.2.8]
	at org.springframework.amqp.rabbit.listener.SimpleMessageListenerContainer.doReceiveAndExecute(SimpleMessageListenerContainer.java:1091) ~[spring-rabbit-3.2.8.jar:3.2.8]
	at org.springframework.amqp.rabbit.listener.SimpleMessageListenerContainer.receiveAndExecute(SimpleMessageListenerContainer.java:1027) ~[spring-rabbit-3.2.8.jar:3.2.8]
	at org.springframework.amqp.rabbit.listener.SimpleMessageListenerContainer$AsyncMessageProcessingConsumer.mainLoop(SimpleMessageListenerContainer.java:1431) ~[spring-rabbit-3.2.8.jar:3.2.8]
	at org.springframework.amqp.rabbit.listener.SimpleMessageListenerContainer$AsyncMessageProcessingConsumer.run(SimpleMessageListenerContainer.java:1331) ~[spring-rabbit-3.2.8.jar:3.2.8]
	at java.base/java.lang.Thread.run(Thread.java:1583) ~[na:na]

2025-12-02T19:39:22.591-05:00  WARN 124510 --- [tenant-service] [org.springframework.amqp.rabbit.RabbitListenerEndpointContainer#0-1] s.a.r.l.ConditionalRejectingErrorHandler : Execution of Rabbit message listener failed.

org.springframework.amqp.rabbit.support.ListenerExecutionFailedException: Listener method 'public void com.sentinel.tenant_service.events.listeners.UserRegisteredListener.handleUserRegistered(java.util.Map<java.lang.String, java.lang.Object>)' threw exception
	at org.springframework.amqp.rabbit.listener.adapter.MessagingMessageListenerAdapter.invokeHandler(MessagingMessageListenerAdapter.java:283) ~[spring-rabbit-3.2.8.jar:3.2.8]
	at org.springframework.amqp.rabbit.listener.adapter.MessagingMessageListenerAdapter.invokeHandlerAndProcessResult(MessagingMessageListenerAdapter.java:221) ~[spring-rabbit-3.2.8.jar:3.2.8]
	at org.springframework.amqp.rabbit.listener.adapter.MessagingMessageListenerAdapter.onMessage(MessagingMessageListenerAdapter.java:148) ~[spring-rabbit-3.2.8.jar:3.2.8]
	at org.springframework.amqp.rabbit.listener.AbstractMessageListenerContainer.doInvokeListener(AbstractMessageListenerContainer.java:1694) ~[spring-rabbit-3.2.8.jar:3.2.8]
	at org.springframework.amqp.rabbit.listener.AbstractMessageListenerContainer.actualInvokeListener(AbstractMessageListenerContainer.java:1616) ~[spring-rabbit-3.2.8.jar:3.2.8]
	at org.springframework.amqp.rabbit.listener.AbstractMessageListenerContainer.invokeListener(AbstractMessageListenerContainer.java:1604) ~[spring-rabbit-3.2.8.jar:3.2.8]
	at org.springframework.amqp.rabbit.listener.AbstractMessageListenerContainer.doExecuteListener(AbstractMessageListenerContainer.java:1595) ~[spring-rabbit-3.2.8.jar:3.2.8]
	at org.springframework.amqp.rabbit.listener.AbstractMessageListenerContainer.executeListenerAndHandleException(AbstractMessageListenerContainer.java:1540) ~[spring-rabbit-3.2.8.jar:3.2.8]
	at org.springframework.amqp.rabbit.listener.AbstractMessageListenerContainer.executeListener(AbstractMessageListenerContainer.java:1521) ~[spring-rabbit-3.2.8.jar:3.2.8]
	at org.springframework.amqp.rabbit.listener.SimpleMessageListenerContainer.doReceiveAndExecute(SimpleMessageListenerContainer.java:1091) ~[spring-rabbit-3.2.8.jar:3.2.8]
	at org.springframework.amqp.rabbit.listener.SimpleMessageListenerContainer.receiveAndExecute(SimpleMessageListenerContainer.java:1027) ~[spring-rabbit-3.2.8.jar:3.2.8]
	at org.springframework.amqp.rabbit.listener.SimpleMessageListenerContainer$AsyncMessageProcessingConsumer.mainLoop(SimpleMessageListenerContainer.java:1431) ~[spring-rabbit-3.2.8.jar:3.2.8]
	at org.springframework.amqp.rabbit.listener.SimpleMessageListenerContainer$AsyncMessageProcessingConsumer.run(SimpleMessageListenerContainer.java:1331) ~[spring-rabbit-3.2.8.jar:3.2.8]
	at java.base/java.lang.Thread.run(Thread.java:1583) ~[na:na]
Caused by: java.lang.StringIndexOutOfBoundsException: Range [0, 18) out of bounds for length 17
	at java.base/jdk.internal.util.Preconditions$1.apply(Preconditions.java:55) ~[na:na]
	at java.base/jdk.internal.util.Preconditions$1.apply(Preconditions.java:52) ~[na:na]
	at java.base/jdk.internal.util.Preconditions$4.apply(Preconditions.java:213) ~[na:na]
	at java.base/jdk.internal.util.Preconditions$4.apply(Preconditions.java:210) ~[na:na]
	at java.base/jdk.internal.util.Preconditions.outOfBounds(Preconditions.java:98) ~[na:na]
	at java.base/jdk.internal.util.Preconditions.outOfBoundsCheckFromToIndex(Preconditions.java:112) ~[na:na]
	at java.base/jdk.internal.util.Preconditions.checkFromToIndex(Preconditions.java:349) ~[na:na]
	at java.base/java.lang.String.checkBoundsBeginEnd(String.java:4865) ~[na:na]
	at java.base/java.lang.String.substring(String.java:2834) ~[na:na]
	at com.sentinel.tenant_service.service.impl.TenantServiceImpl.generateSlug(TenantServiceImpl.java:296) ~[classes/:na]
	at com.sentinel.tenant_service.service.impl.TenantServiceImpl.createTenantForUser(TenantServiceImpl.java:91) ~[classes/:na]
	at java.base/jdk.internal.reflect.DirectMethodHandleAccessor.invoke(DirectMethodHandleAccessor.java:103) ~[na:na]
	at java.base/java.lang.reflect.Method.invoke(Method.java:580) ~[na:na]
	at org.springframework.aop.support.AopUtils.invokeJoinpointUsingReflection(AopUtils.java:360) ~[spring-aop-6.2.14.jar:6.2.14]
	at org.springframework.aop.framework.ReflectiveMethodInvocation.invokeJoinpoint(ReflectiveMethodInvocation.java:196) ~[spring-aop-6.2.14.jar:6.2.14]
	at org.springframework.aop.framework.ReflectiveMethodInvocation.proceed(ReflectiveMethodInvocation.java:163) ~[spring-aop-6.2.14.jar:6.2.14]
	at org.springframework.transaction.interceptor.TransactionAspectSupport.invokeWithinTransaction(TransactionAspectSupport.java:380) ~[spring-tx-6.2.14.jar:6.2.14]
	at org.springframework.transaction.interceptor.TransactionInterceptor.invoke(TransactionInterceptor.java:119) ~[spring-tx-6.2.14.jar:6.2.14]
	at org.springframework.aop.framework.ReflectiveMethodInvocation.proceed(ReflectiveMethodInvocation.java:184) ~[spring-aop-6.2.14.jar:6.2.14]
	at org.springframework.aop.framework.CglibAopProxy$DynamicAdvisedInterceptor.intercept(CglibAopProxy.java:728) ~[spring-aop-6.2.14.jar:6.2.14]
	at com.sentinel.tenant_service.service.impl.TenantServiceImpl$$SpringCGLIB$$0.createTenantForUser(<generated>) ~[classes/:na]
	at com.sentinel.tenant_service.events.listeners.UserRegisteredListener.handleUserRegistered(UserRegisteredListener.java:52) ~[classes/:na]
	at java.base/jdk.internal.reflect.DirectMethodHandleAccessor.invoke(DirectMethodHandleAccessor.java:103) ~[na:na]
	at java.base/java.lang.reflect.Method.invoke(Method.java:580) ~[na:na]
	at org.springframework.messaging.handler.invocation.InvocableHandlerMethod.doInvoke(InvocableHandlerMethod.java:169) ~[spring-messaging-6.2.14.jar:6.2.14]
	at org.springframework.amqp.rabbit.listener.adapter.KotlinAwareInvocableHandlerMethod.doInvoke(KotlinAwareInvocableHandlerMethod.java:45) ~[spring-rabbit-3.2.8.jar:3.2.8]
	at org.springframework.messaging.handler.invocation.InvocableHandlerMethod.invoke(InvocableHandlerMethod.java:119) ~[spring-messaging-6.2.14.jar:6.2.14]
	at org.springframework.amqp.rabbit.listener.adapter.HandlerAdapter.invoke(HandlerAdapter.java:80) ~[spring-rabbit-3.2.8.jar:3.2.8]
	at org.springframework.amqp.rabbit.listener.adapter.MessagingMessageListenerAdapter.invokeHandler(MessagingMessageListenerAdapter.java:274) ~[spring-rabbit-3.2.8.jar:3.2.8]
	... 13 common frames omitted

2025-12-02T19:39:22.591-05:00 DEBUG 124510 --- [tenant-service] [org.springframework.amqp.rabbit.RabbitListenerEndpointContainer#0-1] o.s.a.r.listener.BlockingQueueConsumer   : Rejecting messages (requeue=true)
2025-12-02T19:39:22.591-05:00 DEBUG 124510 --- [tenant-service] [pool-2-thread-10] o.s.a.r.listener.BlockingQueueConsumer   : Storing delivery for consumerTag: 'amq.ctag-cAqrhI9n0NxPX1HhqC9Csg' with deliveryTag: '1652' in Consumer@2baf9cd4: tags=[[amq.ctag-cAqrhI9n0NxPX1HhqC9Csg]], channel=Cached Rabbit Channel: AMQChannel(amqp://guest@127.0.0.1:5672/,1), conn: Proxy@ae449e7 Shared Rabbit Connection: SimpleConnection@15beb40b [delegate=amqp://guest@127.0.0.1:5672/, localPort=40784], acknowledgeMode=AUTO local queue size=0
2025-12-02T19:39:22.591-05:00 DEBUG 124510 --- [tenant-service] [org.springframework.amqp.rabbit.RabbitListenerEndpointContainer#0-1] o.s.a.r.listener.BlockingQueueConsumer   : Received message: (Body:'[B@dcff09a(byte[176])' MessageProperties [headers={__ContentTypeId__=java.lang.Object, __KeyTypeId__=java.lang.Object, __TypeId__=java.util.HashMap}, contentType=application/json, contentEncoding=UTF-8, contentLength=0, receivedDeliveryMode=PERSISTENT, priority=0, redelivered=true, receivedExchange=auth-exchange, receivedRoutingKey=auth.user.registered, deliveryTag=1652, consumerTag=amq.ctag-cAqrhI9n0NxPX1HhqC9Csg, consumerQueue=auth.user.registered.queue])
2025-12-02T19:39:22.591-05:00 DEBUG 124510 --- [tenant-service] [org.springframework.amqp.rabbit.RabbitListenerEndpointContainer#0-1] .a.r.l.a.MessagingMessageListenerAdapter : Processing [GenericMessage [payload={globalRole=USER, eventType=auth.user.registered, userId=83278a9a-ba74-469a-994e-effb51d8837e, email=prueba@correo.com, timestamp=2025-12-02T19:33:08.964523491}, headers={amqp_receivedDeliveryMode=PERSISTENT, amqp_receivedExchange=auth-exchange, amqp_deliveryTag=1652, amqp_consumerQueue=auth.user.registered.queue, amqp_redelivered=true, __ContentTypeId__=java.lang.Object, amqp_receivedRoutingKey=auth.user.registered, amqp_contentEncoding=UTF-8, __KeyTypeId__=java.lang.Object, amqp_retryCount=0, id=b1199e93-e3bf-b5ba-0876-8d701b5d798a, amqp_consumerTag=amq.ctag-cAqrhI9n0NxPX1HhqC9Csg, amqp_lastInBatch=false, contentType=application/json, __TypeId__=java.util.HashMap, timestamp=1764722362591}]]
2025-12-02T19:39:22.591-05:00  INFO 124510 --- [tenant-service] [org.springframework.amqp.rabbit.RabbitListenerEndpointContainer#0-1] c.s.t.e.l.UserRegisteredListener         : Received auth.user.registered event: {globalRole=USER, eventType=auth.user.registered, userId=83278a9a-ba74-469a-994e-effb51d8837e, email=prueba@correo.com, timestamp=2025-12-02T19:33:08.964523491}
2025-12-02T19:39:22.591-05:00  INFO 124510 --- [tenant-service] [org.springframework.amqp.rabbit.RabbitListenerEndpointContainer#0-1] c.s.t.e.l.UserRegisteredListener         : Creating tenant for new user: prueba@correo.com (83278a9a-ba74-469a-994e-effb51d8837e)
2025-12-02T19:39:22.591-05:00  INFO 124510 --- [tenant-service] [org.springframework.amqp.rabbit.RabbitListenerEndpointContainer#0-1] c.s.t.service.impl.TenantServiceImpl     : Auto-creating tenant for new user: 83278a9a-ba74-469a-994e-effb51d8837e
2025-12-02T19:39:22.591-05:00 ERROR 124510 --- [tenant-service] [org.springframework.amqp.rabbit.RabbitListenerEndpointContainer#0-1] c.s.t.e.l.UserRegisteredListener         : Error processing auth.user.registered event: Range [0, 18) out of bounds for length 17

java.lang.StringIndexOutOfBoundsException: Range [0, 18) out of bounds for length 17
	at java.base/jdk.internal.util.Preconditions$1.apply(Preconditions.java:55) ~[na:na]
	at java.base/jdk.internal.util.Preconditions$1.apply(Preconditions.java:52) ~[na:na]
	at java.base/jdk.internal.util.Preconditions$4.apply(Preconditions.java:213) ~[na:na]
	at java.base/jdk.internal.util.Preconditions$4.apply(Preconditions.java:210) ~[na:na]
	at java.base/jdk.internal.util.Preconditions.outOfBounds(Preconditions.java:98) ~[na:na]
	at java.base/jdk.internal.util.Preconditions.outOfBoundsCheckFromToIndex(Preconditions.java:112) ~[na:na]
	at java.base/jdk.internal.util.Preconditions.checkFromToIndex(Preconditions.java:349) ~[na:na]
	at java.base/java.lang.String.checkBoundsBeginEnd(String.java:4865) ~[na:na]
	at java.base/java.lang.String.substring(String.java:2834) ~[na:na]
	at com.sentinel.tenant_service.service.impl.TenantServiceImpl.generateSlug(TenantServiceImpl.java:296) ~[classes/:na]
	at com.sentinel.tenant_service.service.impl.TenantServiceImpl.createTenantForUser(TenantServiceImpl.java:91) ~[classes/:na]
	at java.base/jdk.internal.reflect.DirectMethodHandleAccessor.invoke(DirectMethodHandleAccessor.java:103) ~[na:na]
	at java.base/java.lang.reflect.Method.invoke(Method.java:580) ~[na:na]
	at org.springframework.aop.support.AopUtils.invokeJoinpointUsingReflection(AopUtils.java:360) ~[spring-aop-6.2.14.jar:6.2.14]
	at org.springframework.aop.framework.ReflectiveMethodInvocation.invokeJoinpoint(ReflectiveMethodInvocation.java:196) ~[spring-aop-6.2.14.jar:6.2.14]
	at org.springframework.aop.framework.ReflectiveMethodInvocation.proceed(ReflectiveMethodInvocation.java:163) ~[spring-aop-6.2.14.jar:6.2.14]
	at org.springframework.transaction.interceptor.TransactionAspectSupport.invokeWithinTransaction(TransactionAspectSupport.java:380) ~[spring-tx-6.2.14.jar:6.2.14]
	at org.springframework.transaction.interceptor.TransactionInterceptor.invoke(TransactionInterceptor.java:119) ~[spring-tx-6.2.14.jar:6.2.14]
	at org.springframework.aop.framework.ReflectiveMethodInvocation.proceed(ReflectiveMethodInvocation.java:184) ~[spring-aop-6.2.14.jar:6.2.14]
	at org.springframework.aop.framework.CglibAopProxy$DynamicAdvisedInterceptor.intercept(CglibAopProxy.java:728) ~[spring-aop-6.2.14.jar:6.2.14]
	at com.sentinel.tenant_service.service.impl.TenantServiceImpl$$SpringCGLIB$$0.createTenantForUser(<generated>) ~[classes/:na]
	at com.sentinel.tenant_service.events.listeners.UserRegisteredListener.handleUserRegistered(UserRegisteredListener.java:52) ~[classes/:na]
	at java.base/jdk.internal.reflect.DirectMethodHandleAccessor.invoke(DirectMethodHandleAccessor.java:103) ~[na:na]
	at java.base/java.lang.reflect.Method.invoke(Method.java:580) ~[na:na]
	at org.springframework.messaging.handler.invocation.InvocableHandlerMethod.doInvoke(InvocableHandlerMethod.java:169) ~[spring-messaging-6.2.14.jar:6.2.14]
	at org.springframework.amqp.rabbit.listener.adapter.KotlinAwareInvocableHandlerMethod.doInvoke(KotlinAwareInvocableHandlerMethod.java:45) ~[spring-rabbit-3.2.8.jar:3.2.8]
	at org.springframework.messaging.handler.invocation.InvocableHandlerMethod.invoke(InvocableHandlerMethod.java:119) ~[spring-messaging-6.2.14.jar:6.2.14]
	at org.springframework.amqp.rabbit.listener.adapter.HandlerAdapter.invoke(HandlerAdapter.java:80) ~[spring-rabbit-3.2.8.jar:3.2.8]
	at org.springframework.amqp.rabbit.listener.adapter.MessagingMessageListenerAdapter.invokeHandler(MessagingMessageListenerAdapter.java:274) ~[spring-rabbit-3.2.8.jar:3.2.8]
	at org.springframework.amqp.rabbit.listener.adapter.MessagingMessageListenerAdapter.invokeHandlerAndProcessResult(MessagingMessageListenerAdapter.java:221) ~[spring-rabbit-3.2.8.jar:3.2.8]
	at org.springframework.amqp.rabbit.listener.adapter.MessagingMessageListenerAdapter.onMessage(MessagingMessageListenerAdapter.java:148) ~[spring-rabbit-3.2.8.jar:3.2.8]
	at org.springframework.amqp.rabbit.listener.AbstractMessageListenerContainer.doInvokeListener(AbstractMessageListenerContainer.java:1694) ~[spring-rabbit-3.2.8.jar:3.2.8]
	at org.springframework.amqp.rabbit.listener.AbstractMessageListenerContainer.actualInvokeListener(AbstractMessageListenerContainer.java:1616) ~[spring-rabbit-3.2.8.jar:3.2.8]
	at org.springframework.amqp.rabbit.listener.AbstractMessageListenerContainer.invokeListener(AbstractMessageListenerContainer.java:1604) ~[spring-rabbit-3.2.8.jar:3.2.8]
	at org.springframework.amqp.rabbit.listener.AbstractMessageListenerContainer.doExecuteListener(AbstractMessageListenerContainer.java:1595) ~[spring-rabbit-3.2.8.jar:3.2.8]
	at org.springframework.amqp.rabbit.listener.AbstractMessageListenerContainer.executeListenerAndHandleException(AbstractMessageListenerContainer.java:1540) ~[spring-rabbit-3.2.8.jar:3.2.8]
	at org.springframework.amqp.rabbit.listener.AbstractMessageListenerContainer.executeListener(AbstractMessageListenerContainer.java:1521) ~[spring-rabbit-3.2.8.jar:3.2.8]
	at org.springframework.amqp.rabbit.listener.SimpleMessageListenerContainer.doReceiveAndExecute(SimpleMessageListenerContainer.java:1091) ~[spring-rabbit-3.2.8.jar:3.2.8]
	at org.springframework.amqp.rabbit.listener.SimpleMessageListenerContainer.receiveAndExecute(SimpleMessageListenerContainer.java:1027) ~[spring-rabbit-3.2.8.jar:3.2.8]
	at org.springframework.amqp.rabbit.listener.SimpleMessageListenerContainer$AsyncMessageProcessingConsumer.mainLoop(SimpleMessageListenerContainer.java:1431) ~[spring-rabbit-3.2.8.jar:3.2.8]
	at org.springframework.amqp.rabbit.listener.SimpleMessageListenerContainer$AsyncMessageProcessingConsumer.run(SimpleMessageListenerContainer.java:1331) ~[spring-rabbit-3.2.8.jar:3.2.8]
	at java.base/java.lang.Thread.run(Thread.java:1583) ~[na:na]

2025-12-02T19:39:22.591-05:00  WARN 124510 --- [tenant-service] [org.springframework.amqp.rabbit.RabbitListenerEndpointContainer#0-1] s.a.r.l.ConditionalRejectingErrorHandler : Execution of Rabbit message listener failed.

org.springframework.amqp.rabbit.support.ListenerExecutionFailedException: Listener method 'public void com.sentinel.tenant_service.events.listeners.UserRegisteredListener.handleUserRegistered(java.util.Map<java.lang.String, java.lang.Object>)' threw exception
	at org.springframework.amqp.rabbit.listener.adapter.MessagingMessageListenerAdapter.invokeHandler(MessagingMessageListenerAdapter.java:283) ~[spring-rabbit-3.2.8.jar:3.2.8]
	at org.springframework.amqp.rabbit.listener.adapter.MessagingMessageListenerAdapter.invokeHandlerAndProcessResult(MessagingMessageListenerAdapter.java:221) ~[spring-rabbit-3.2.8.jar:3.2.8]
	at org.springframework.amqp.rabbit.listener.adapter.MessagingMessageListenerAdapter.onMessage(MessagingMessageListenerAdapter.java:148) ~[spring-rabbit-3.2.8.jar:3.2.8]
	at org.springframework.amqp.rabbit.listener.AbstractMessageListenerContainer.doInvokeListener(AbstractMessageListenerContainer.java:1694) ~[spring-rabbit-3.2.8.jar:3.2.8]
	at org.springframework.amqp.rabbit.listener.AbstractMessageListenerContainer.actualInvokeListener(AbstractMessageListenerContainer.java:1616) ~[spring-rabbit-3.2.8.jar:3.2.8]
	at org.springframework.amqp.rabbit.listener.AbstractMessageListenerContainer.invokeListener(AbstractMessageListenerContainer.java:1604) ~[spring-rabbit-3.2.8.jar:3.2.8]
	at org.springframework.amqp.rabbit.listener.AbstractMessageListenerContainer.doExecuteListener(AbstractMessageListenerContainer.java:1595) ~[spring-rabbit-3.2.8.jar:3.2.8]
	at org.springframework.amqp.rabbit.listener.AbstractMessageListenerContainer.executeListenerAndHandleException(AbstractMessageListenerContainer.java:1540) ~[spring-rabbit-3.2.8.jar:3.2.8]
	at org.springframework.amqp.rabbit.listener.AbstractMessageListenerContainer.executeListener(AbstractMessageListenerContainer.java:1521) ~[spring-rabbit-3.2.8.jar:3.2.8]
	at org.springframework.amqp.rabbit.listener.SimpleMessageListenerContainer.doReceiveAndExecute(SimpleMessageListenerContainer.java:1091) ~[spring-rabbit-3.2.8.jar:3.2.8]
	at org.springframework.amqp.rabbit.listener.SimpleMessageListenerContainer.receiveAndExecute(SimpleMessageListenerContainer.java:1027) ~[spring-rabbit-3.2.8.jar:3.2.8]
	at org.springframework.amqp.rabbit.listener.SimpleMessageListenerContainer$AsyncMessageProcessingConsumer.mainLoop(SimpleMessageListenerContainer.java:1431) ~[spring-rabbit-3.2.8.jar:3.2.8]
	at org.springframework.amqp.rabbit.listener.SimpleMessageListenerContainer$AsyncMessageProcessingConsumer.run(SimpleMessageListenerContainer.java:1331) ~[spring-rabbit-3.2.8.jar:3.2.8]
	at java.base/java.lang.Thread.run(Thread.java:1583) ~[na:na]
Caused by: java.lang.StringIndexOutOfBoundsException: Range [0, 18) out of bounds for length 17
	at java.base/jdk.internal.util.Preconditions$1.apply(Preconditions.java:55) ~[na:na]
	at java.base/jdk.internal.util.Preconditions$1.apply(Preconditions.java:52) ~[na:na]
	at java.base/jdk.internal.util.Preconditions$4.apply(Preconditions.java:213) ~[na:na]
	at java.base/jdk.internal.util.Preconditions$4.apply(Preconditions.java:210) ~[na:na]
	at java.base/jdk.internal.util.Preconditions.outOfBounds(Preconditions.java:98) ~[na:na]
	at java.base/jdk.internal.util.Preconditions.outOfBoundsCheckFromToIndex(Preconditions.java:112) ~[na:na]
	at java.base/jdk.internal.util.Preconditions.checkFromToIndex(Preconditions.java:349) ~[na:na]
	at java.base/java.lang.String.checkBoundsBeginEnd(String.java:4865) ~[na:na]
	at java.base/java.lang.String.substring(String.java:2834) ~[na:na]
	at com.sentinel.tenant_service.service.impl.TenantServiceImpl.generateSlug(TenantServiceImpl.java:296) ~[classes/:na]
	at com.sentinel.tenant_service.service.impl.TenantServiceImpl.createTenantForUser(TenantServiceImpl.java:91) ~[classes/:na]
	at java.base/jdk.internal.reflect.DirectMethodHandleAccessor.invoke(DirectMethodHandleAccessor.java:103) ~[na:na]
	at java.base/java.lang.reflect.Method.invoke(Method.java:580) ~[na:na]
	at org.springframework.aop.support.AopUtils.invokeJoinpointUsingReflection(AopUtils.java:360) ~[spring-aop-6.2.14.jar:6.2.14]
	at org.springframework.aop.framework.ReflectiveMethodInvocation.invokeJoinpoint(ReflectiveMethodInvocation.java:196) ~[spring-aop-6.2.14.jar:6.2.14]
	at org.springframework.aop.framework.ReflectiveMethodInvocation.proceed(ReflectiveMethodInvocation.java:163) ~[spring-aop-6.2.14.jar:6.2.14]
	at org.springframework.transaction.interceptor.TransactionAspectSupport.invokeWithinTransaction(TransactionAspectSupport.java:380) ~[spring-tx-6.2.14.jar:6.2.14]
	at org.springframework.transaction.interceptor.TransactionInterceptor.invoke(TransactionInterceptor.java:119) ~[spring-tx-6.2.14.jar:6.2.14]
	at org.springframework.aop.framework.ReflectiveMethodInvocation.proceed(ReflectiveMethodInvocation.java:184) ~[spring-aop-6.2.14.jar:6.2.14]
	at org.springframework.aop.framework.CglibAopProxy$DynamicAdvisedInterceptor.intercept(CglibAopProxy.java:728) ~[spring-aop-6.2.14.jar:6.2.14]
	at com.sentinel.tenant_service.service.impl.TenantServiceImpl$$SpringCGLIB$$0.createTenantForUser(<generated>) ~[classes/:na]
	at com.sentinel.tenant_service.events.listeners.UserRegisteredListener.handleUserRegistered(UserRegisteredListener.java:52) ~[classes/:na]
	at java.base/jdk.internal.reflect.DirectMethodHandleAccessor.invoke(DirectMethodHandleAccessor.java:103) ~[na:na]
	at java.base/java.lang.reflect.Method.invoke(Method.java:580) ~[na:na]
	at org.springframework.messaging.handler.invocation.InvocableHandlerMethod.doInvoke(InvocableHandlerMethod.java:169) ~[spring-messaging-6.2.14.jar:6.2.14]
	at org.springframework.amqp.rabbit.listener.adapter.KotlinAwareInvocableHandlerMethod.doInvoke(KotlinAwareInvocableHandlerMethod.java:45) ~[spring-rabbit-3.2.8.jar:3.2.8]
	at org.springframework.messaging.handler.invocation.InvocableHandlerMethod.invoke(InvocableHandlerMethod.java:119) ~[spring-messaging-6.2.14.jar:6.2.14]
	at org.springframework.amqp.rabbit.listener.adapter.HandlerAdapter.invoke(HandlerAdapter.java:80) ~[spring-rabbit-3.2.8.jar:3.2.8]
	at org.springframework.amqp.rabbit.listener.adapter.MessagingMessageListenerAdapter.invokeHandler(MessagingMessageListenerAdapter.java:274) ~[spring-rabbit-3.2.8.jar:3.2.8]
	... 13 common frames omitted

2025-12-02T19:39:22.591-05:00 DEBUG 124510 --- [tenant-service] [org.springframework.amqp.rabbit.RabbitListenerEndpointContainer#0-1] o.s.a.r.listener.BlockingQueueConsumer   : Rejecting messages (requeue=true)
2025-12-02T19:39:22.592-05:00 DEBUG 124510 --- [tenant-service] [pool-2-thread-11] o.s.a.r.listener.BlockingQueueConsumer   : Storing delivery for consumerTag: 'amq.ctag-cAqrhI9n0NxPX1HhqC9Csg' with deliveryTag: '1653' in Consumer@2baf9cd4: tags=[[amq.ctag-cAqrhI9n0NxPX1HhqC9Csg]], channel=Cached Rabbit Channel: AMQChannel(amqp://guest@127.0.0.1:5672/,1), conn: Proxy@ae449e7 Shared Rabbit Connection: SimpleConnection@15beb40b [delegate=amqp://guest@127.0.0.1:5672/, localPort=40784], acknowledgeMode=AUTO local queue size=0
2025-12-02T19:39:22.592-05:00 DEBUG 124510 --- [tenant-service] [org.springframework.amqp.rabbit.RabbitListenerEndpointContainer#0-1] o.s.a.r.listener.BlockingQueueConsumer   : Received message: (Body:'[B@6e1158ec(byte[176])' MessageProperties [headers={__ContentTypeId__=java.lang.Object, __KeyTypeId__=java.lang.Object, __TypeId__=java.util.HashMap}, contentType=application/json, contentEncoding=UTF-8, contentLength=0, receivedDeliveryMode=PERSISTENT, priority=0, redelivered=true, receivedExchange=auth-exchange, receivedRoutingKey=auth.user.registered, deliveryTag=1653, consumerTag=amq.ctag-cAqrhI9n0NxPX1HhqC9Csg, consumerQueue=auth.user.registered.queue])
2025-12-02T19:39:22.592-05:00 DEBUG 124510 --- [tenant-service] [org.springframework.amqp.rabbit.RabbitListenerEndpointContainer#0-1] .a.r.l.a.MessagingMessageListenerAdapter : Processing [GenericMessage [payload={globalRole=USER, eventType=auth.user.registered, userId=83278a9a-ba74-469a-994e-effb51d8837e, email=prueba@correo.com, timestamp=2025-12-02T19:33:08.964523491}, headers={amqp_receivedDeliveryMode=PERSISTENT, amqp_receivedExchange=auth-exchange, amqp_deliveryTag=1653, amqp_consumerQueue=auth.user.registered.queue, amqp_redelivered=true, __ContentTypeId__=java.lang.Object, amqp_receivedRoutingKey=auth.user.registered, amqp_contentEncoding=UTF-8, __KeyTypeId__=java.lang.Object, amqp_retryCount=0, id=f54a6246-7370-afea-cd05-baca8903d5bc, amqp_consumerTag=amq.ctag-cAqrhI9n0NxPX1HhqC9Csg, amqp_lastInBatch=false, contentType=application/json, __TypeId__=java.util.HashMap, timestamp=1764722362592}]]
2025-12-02T19:39:22.592-05:00  INFO 124510 --- [tenant-service] [org.springframework.amqp.rabbit.RabbitListenerEndpointContainer#0-1] c.s.t.e.l.UserRegisteredListener         : Received auth.user.registered event: {globalRole=USER, eventType=auth.user.registered, userId=83278a9a-ba74-469a-994e-effb51d8837e, email=prueba@correo.com, timestamp=2025-12-02T19:33:08.964523491}
2025-12-02T19:39:22.592-05:00  INFO 124510 --- [tenant-service] [org.springframework.amqp.rabbit.RabbitListenerEndpointContainer#0-1] c.s.t.e.l.UserRegisteredListener         : Creating tenant for new user: prueba@correo.com (83278a9a-ba74-469a-994e-effb51d8837e)
2025-12-02T19:39:22.592-05:00  INFO 124510 --- [tenant-service] [org.springframework.amqp.rabbit.RabbitListenerEndpointContainer#0-1] c.s.t.service.impl.TenantServiceImpl     : Auto-creating tenant for new user: 83278a9a-ba74-469a-994e-effb51d8837e
2025-12-02T19:39:22.592-05:00 ERROR 124510 --- [tenant-service] [org.springframework.amqp.rabbit.RabbitListenerEndpointContainer#0-1] c.s.t.e.l.UserRegisteredListener         : Error processing auth.user.registered event: Range [0, 18) out of bounds for length 17

java.lang.StringIndexOutOfBoundsException: Range [0, 18) out of bounds for length 17
	at java.base/jdk.internal.util.Preconditions$1.apply(Preconditions.java:55) ~[na:na]
	at java.base/jdk.internal.util.Preconditions$1.apply(Preconditions.java:52) ~[na:na]
	at java.base/jdk.internal.util.Preconditions$4.apply(Preconditions.java:213) ~[na:na]
	at java.base/jdk.internal.util.Preconditions$4.apply(Preconditions.java:210) ~[na:na]
	at java.base/jdk.internal.util.Preconditions.outOfBounds(Preconditions.java:98) ~[na:na]
	at java.base/jdk.internal.util.Preconditions.outOfBoundsCheckFromToIndex(Preconditions.java:112) ~[na:na]
	at java.base/jdk.internal.util.Preconditions.checkFromToIndex(Preconditions.java:349) ~[na:na]
	at java.base/java.lang.String.checkBoundsBeginEnd(String.java:4865) ~[na:na]
	at java.base/java.lang.String.substring(String.java:2834) ~[na:na]
	at com.sentinel.tenant_service.service.impl.TenantServiceImpl.generateSlug(TenantServiceImpl.java:296) ~[classes/:na]
	at com.sentinel.tenant_service.service.impl.TenantServiceImpl.createTenantForUser(TenantServiceImpl.java:91) ~[classes/:na]
	at java.base/jdk.internal.reflect.DirectMethodHandleAccessor.invoke(DirectMethodHandleAccessor.java:103) ~[na:na]
	at java.base/java.lang.reflect.Method.invoke(Method.java:580) ~[na:na]
	at org.springframework.aop.support.AopUtils.invokeJoinpointUsingReflection(AopUtils.java:360) ~[spring-aop-6.2.14.jar:6.2.14]
	at org.springframework.aop.framework.ReflectiveMethodInvocation.invokeJoinpoint(ReflectiveMethodInvocation.java:196) ~[spring-aop-6.2.14.jar:6.2.14]
	at org.springframework.aop.framework.ReflectiveMethodInvocation.proceed(ReflectiveMethodInvocation.java:163) ~[spring-aop-6.2.14.jar:6.2.14]
	at org.springframework.transaction.interceptor.TransactionAspectSupport.invokeWithinTransaction(TransactionAspectSupport.java:380) ~[spring-tx-6.2.14.jar:6.2.14]
	at org.springframework.transaction.interceptor.TransactionInterceptor.invoke(TransactionInterceptor.java:119) ~[spring-tx-6.2.14.jar:6.2.14]
	at org.springframework.aop.framework.ReflectiveMethodInvocation.proceed(ReflectiveMethodInvocation.java:184) ~[spring-aop-6.2.14.jar:6.2.14]
	at org.springframework.aop.framework.CglibAopProxy$DynamicAdvisedInterceptor.intercept(CglibAopProxy.java:728) ~[spring-aop-6.2.14.jar:6.2.14]
	at com.sentinel.tenant_service.service.impl.TenantServiceImpl$$SpringCGLIB$$0.createTenantForUser(<generated>) ~[classes/:na]
	at com.sentinel.tenant_service.events.listeners.UserRegisteredListener.handleUserRegistered(UserRegisteredListener.java:52) ~[classes/:na]
	at java.base/jdk.internal.reflect.DirectMethodHandleAccessor.invoke(DirectMethodHandleAccessor.java:103) ~[na:na]
	at java.base/java.lang.reflect.Method.invoke(Method.java:580) ~[na:na]
	at org.springframework.messaging.handler.invocation.InvocableHandlerMethod.doInvoke(InvocableHandlerMethod.java:169) ~[spring-messaging-6.2.14.jar:6.2.14]
	at org.springframework.amqp.rabbit.listener.adapter.KotlinAwareInvocableHandlerMethod.doInvoke(KotlinAwareInvocableHandlerMethod.java:45) ~[spring-rabbit-3.2.8.jar:3.2.8]
	at org.springframework.messaging.handler.invocation.InvocableHandlerMethod.invoke(InvocableHandlerMethod.java:119) ~[spring-messaging-6.2.14.jar:6.2.14]
	at org.springframework.amqp.rabbit.listener.adapter.HandlerAdapter.invoke(HandlerAdapter.java:80) ~[spring-rabbit-3.2.8.jar:3.2.8]
	at org.springframework.amqp.rabbit.listener.adapter.MessagingMessageListenerAdapter.invokeHandler(MessagingMessageListenerAdapter.java:274) ~[spring-rabbit-3.2.8.jar:3.2.8]
	at org.springframework.amqp.rabbit.listener.adapter.MessagingMessageListenerAdapter.invokeHandlerAndProcessResult(MessagingMessageListenerAdapter.java:221) ~[spring-rabbit-3.2.8.jar:3.2.8]
	at org.springframework.amqp.rabbit.listener.adapter.MessagingMessageListenerAdapter.onMessage(MessagingMessageListenerAdapter.java:148) ~[spring-rabbit-3.2.8.jar:3.2.8]
	at org.springframework.amqp.rabbit.listener.AbstractMessageListenerContainer.doInvokeListener(AbstractMessageListenerContainer.java:1694) ~[spring-rabbit-3.2.8.jar:3.2.8]
	at org.springframework.amqp.rabbit.listener.AbstractMessageListenerContainer.actualInvokeListener(AbstractMessageListenerContainer.java:1616) ~[spring-rabbit-3.2.8.jar:3.2.8]
	at org.springframework.amqp.rabbit.listener.AbstractMessageListenerContainer.invokeListener(AbstractMessageListenerContainer.java:1604) ~[spring-rabbit-3.2.8.jar:3.2.8]
	at org.springframework.amqp.rabbit.listener.AbstractMessageListenerContainer.doExecuteListener(AbstractMessageListenerContainer.java:1595) ~[spring-rabbit-3.2.8.jar:3.2.8]
	at org.springframework.amqp.rabbit.listener.AbstractMessageListenerContainer.executeListenerAndHandleException(AbstractMessageListenerContainer.java:1540) ~[spring-rabbit-3.2.8.jar:3.2.8]
	at org.springframework.amqp.rabbit.listener.AbstractMessageListenerContainer.executeListener(AbstractMessageListenerContainer.java:1521) ~[spring-rabbit-3.2.8.jar:3.2.8]
	at org.springframework.amqp.rabbit.listener.SimpleMessageListenerContainer.doReceiveAndExecute(SimpleMessageListenerContainer.java:1091) ~[spring-rabbit-3.2.8.jar:3.2.8]
	at org.springframework.amqp.rabbit.listener.SimpleMessageListenerContainer.receiveAndExecute(SimpleMessageListenerContainer.java:1027) ~[spring-rabbit-3.2.8.jar:3.2.8]
	at org.springframework.amqp.rabbit.listener.SimpleMessageListenerContainer$AsyncMessageProcessingConsumer.mainLoop(SimpleMessageListenerContainer.java:1431) ~[spring-rabbit-3.2.8.jar:3.2.8]
	at org.springframework.amqp.rabbit.listener.SimpleMessageListenerContainer$AsyncMessageProcessingConsumer.run(SimpleMessageListenerContainer.java:1331) ~[spring-rabbit-3.2.8.jar:3.2.8]
	at java.base/java.lang.Thread.run(Thread.java:1583) ~[na:na]

2025-12-02T19:39:22.594-05:00  WARN 124510 --- [tenant-service] [org.springframework.amqp.rabbit.RabbitListenerEndpointContainer#0-1] s.a.r.l.ConditionalRejectingErrorHandler : Execution of Rabbit message listener failed.

org.springframework.amqp.rabbit.support.ListenerExecutionFailedException: Listener method 'public void com.sentinel.tenant_service.events.listeners.UserRegisteredListener.handleUserRegistered(java.util.Map<java.lang.String, java.lang.Object>)' threw exception
	at org.springframework.amqp.rabbit.listener.adapter.MessagingMessageListenerAdapter.invokeHandler(MessagingMessageListenerAdapter.java:283) ~[spring-rabbit-3.2.8.jar:3.2.8]
	at org.springframework.amqp.rabbit.listener.adapter.MessagingMessageListenerAdapter.invokeHandlerAndProcessResult(MessagingMessageListenerAdapter.java:221) ~[spring-rabbit-3.2.8.jar:3.2.8]
	at org.springframework.amqp.rabbit.listener.adapter.MessagingMessageListenerAdapter.onMessage(MessagingMessageListenerAdapter.java:148) ~[spring-rabbit-3.2.8.jar:3.2.8]
	at org.springframework.amqp.rabbit.listener.AbstractMessageListenerContainer.doInvokeListener(AbstractMessageListenerContainer.java:1694) ~[spring-rabbit-3.2.8.jar:3.2.8]
	at org.springframework.amqp.rabbit.listener.AbstractMessageListenerContainer.actualInvokeListener(AbstractMessageListenerContainer.java:1616) ~[spring-rabbit-3.2.8.jar:3.2.8]
	at org.springframework.amqp.rabbit.listener.AbstractMessageListenerContainer.invokeListener(AbstractMessageListenerContainer.java:1604) ~[spring-rabbit-3.2.8.jar:3.2.8]
	at org.springframework.amqp.rabbit.listener.AbstractMessageListenerContainer.doExecuteListener(AbstractMessageListenerContainer.java:1595) ~[spring-rabbit-3.2.8.jar:3.2.8]
	at org.springframework.amqp.rabbit.listener.AbstractMessageListenerContainer.executeListenerAndHandleException(AbstractMessageListenerContainer.java:1540) ~[spring-rabbit-3.2.8.jar:3.2.8]
	at org.springframework.amqp.rabbit.listener.AbstractMessageListenerContainer.executeListener(AbstractMessageListenerContainer.java:1521) ~[spring-rabbit-3.2.8.jar:3.2.8]
	at org.springframework.amqp.rabbit.listener.SimpleMessageListenerContainer.doReceiveAndExecute(SimpleMessageListenerContainer.java:1091) ~[spring-rabbit-3.2.8.jar:3.2.8]
	at org.springframework.amqp.rabbit.listener.SimpleMessageListenerContainer.receiveAndExecute(SimpleMessageListenerContainer.java:1027) ~[spring-rabbit-3.2.8.jar:3.2.8]
	at org.springframework.amqp.rabbit.listener.SimpleMessageListenerContainer$AsyncMessageProcessingConsumer.mainLoop(SimpleMessageListenerContainer.java:1431) ~[spring-rabbit-3.2.8.jar:3.2.8]
	at org.springframework.amqp.rabbit.listener.SimpleMessageListenerContainer$AsyncMessageProcessingConsumer.run(SimpleMessageListenerContainer.java:1331) ~[spring-rabbit-3.2.8.jar:3.2.8]
	at java.base/java.lang.Thread.run(Thread.java:1583) ~[na:na]
Caused by: java.lang.StringIndexOutOfBoundsException: Range [0, 18) out of bounds for length 17
	at java.base/jdk.internal.util.Preconditions$1.apply(Preconditions.java:55) ~[na:na]
	at java.base/jdk.internal.util.Preconditions$1.apply(Preconditions.java:52) ~[na:na]
	at java.base/jdk.internal.util.Preconditions$4.apply(Preconditions.java:213) ~[na:na]
	at java.base/jdk.internal.util.Preconditions$4.apply(Preconditions.java:210) ~[na:na]
	at java.base/jdk.internal.util.Preconditions.outOfBounds(Preconditions.java:98) ~[na:na]
	at java.base/jdk.internal.util.Preconditions.outOfBoundsCheckFromToIndex(Preconditions.java:112) ~[na:na]
	at java.base/jdk.internal.util.Preconditions.checkFromToIndex(Preconditions.java:349) ~[na:na]
	at java.base/java.lang.String.checkBoundsBeginEnd(String.java:4865) ~[na:na]
	at java.base/java.lang.String.substring(String.java:2834) ~[na:na]
	at com.sentinel.tenant_service.service.impl.TenantServiceImpl.generateSlug(TenantServiceImpl.java:296) ~[classes/:na]
	at com.sentinel.tenant_service.service.impl.TenantServiceImpl.createTenantForUser(TenantServiceImpl.java:91) ~[classes/:na]
	at java.base/jdk.internal.reflect.DirectMethodHandleAccessor.invoke(DirectMethodHandleAccessor.java:103) ~[na:na]
	at java.base/java.lang.reflect.Method.invoke(Method.java:580) ~[na:na]
	at org.springframework.aop.support.AopUtils.invokeJoinpointUsingReflection(AopUtils.java:360) ~[spring-aop-6.2.14.jar:6.2.14]
	at org.springframework.aop.framework.ReflectiveMethodInvocation.invokeJoinpoint(ReflectiveMethodInvocation.java:196) ~[spring-aop-6.2.14.jar:6.2.14]
	at org.springframework.aop.framework.ReflectiveMethodInvocation.proceed(ReflectiveMethodInvocation.java:163) ~[spring-aop-6.2.14.jar:6.2.14]
	at org.springframework.transaction.interceptor.TransactionAspectSupport.invokeWithinTransaction(TransactionAspectSupport.java:380) ~[spring-tx-6.2.14.jar:6.2.14]
	at org.springframework.transaction.interceptor.TransactionInterceptor.invoke(TransactionInterceptor.java:119) ~[spring-tx-6.2.14.jar:6.2.14]
	at org.springframework.aop.framework.ReflectiveMethodInvocation.proceed(ReflectiveMethodInvocation.java:184) ~[spring-aop-6.2.14.jar:6.2.14]
	at org.springframework.aop.framework.CglibAopProxy$DynamicAdvisedInterceptor.intercept(CglibAopProxy.java:728) ~[spring-aop-6.2.14.jar:6.2.14]
	at com.sentinel.tenant_service.service.impl.TenantServiceImpl$$SpringCGLIB$$0.createTenantForUser(<generated>) ~[classes/:na]
	at com.sentinel.tenant_service.events.listeners.UserRegisteredListener.handleUserRegistered(UserRegisteredListener.java:52) ~[classes/:na]
	at java.base/jdk.internal.reflect.DirectMethodHandleAccessor.invoke(DirectMethodHandleAccessor.java:103) ~[na:na]
	at java.base/java.lang.reflect.Method.invoke(Method.java:580) ~[na:na]
	at org.springframework.messaging.handler.invocation.InvocableHandlerMethod.doInvoke(InvocableHandlerMethod.java:169) ~[spring-messaging-6.2.14.jar:6.2.14]
	at org.springframework.amqp.rabbit.listener.adapter.KotlinAwareInvocableHandlerMethod.doInvoke(KotlinAwareInvocableHandlerMethod.java:45) ~[spring-rabbit-3.2.8.jar:3.2.8]
	at org.springframework.messaging.handler.invocation.InvocableHandlerMethod.invoke(InvocableHandlerMethod.java:119) ~[spring-messaging-6.2.14.jar:6.2.14]
	at org.springframework.amqp.rabbit.listener.adapter.HandlerAdapter.invoke(HandlerAdapter.java:80) ~[spring-rabbit-3.2.8.jar:3.2.8]
	at org.springframework.amqp.rabbit.listener.adapter.MessagingMessageListenerAdapter.invokeHandler(MessagingMessageListenerAdapter.java:274) ~[spring-rabbit-3.2.8.jar:3.2.8]
	... 13 common frames omitted

2025-12-02T19:39:22.594-05:00 DEBUG 124510 --- [tenant-service] [org.springframework.amqp.rabbit.RabbitListenerEndpointContainer#0-1] o.s.a.r.listener.BlockingQueueConsumer   : Rejecting messages (requeue=true)
2025-12-02T19:39:22.596-05:00 DEBUG 124510 --- [tenant-service] [pool-2-thread-12] o.s.a.r.listener.BlockingQueueConsumer   : Storing delivery for consumerTag: 'amq.ctag-cAqrhI9n0NxPX1HhqC9Csg' with deliveryTag: '1654' in Consumer@2baf9cd4: tags=[[amq.ctag-cAqrhI9n0NxPX1HhqC9Csg]], channel=Cached Rabbit Channel: AMQChannel(amqp://guest@127.0.0.1:5672/,1), conn: Proxy@ae449e7 Shared Rabbit Connection: SimpleConnection@15beb40b [delegate=amqp://guest@127.0.0.1:5672/, localPort=40784], acknowledgeMode=AUTO local queue size=0
2025-12-02T19:39:22.596-05:00 DEBUG 124510 --- [tenant-service] [org.springframework.amqp.rabbit.RabbitListenerEndpointContainer#0-1] o.s.a.r.listener.BlockingQueueConsumer   : Received message: (Body:'[B@5bbf863e(byte[176])' MessageProperties [headers={__ContentTypeId__=java.lang.Object, __KeyTypeId__=java.lang.Object, __TypeId__=java.util.HashMap}, contentType=application/json, contentEncoding=UTF-8, contentLength=0, receivedDeliveryMode=PERSISTENT, priority=0, redelivered=true, receivedExchange=auth-exchange, receivedRoutingKey=auth.user.registered, deliveryTag=1654, consumerTag=amq.ctag-cAqrhI9n0NxPX1HhqC9Csg, consumerQueue=auth.user.registered.queue])
2025-12-02T19:39:22.596-05:00 DEBUG 124510 --- [tenant-service] [org.springframework.amqp.rabbit.RabbitListenerEndpointContainer#0-1] .a.r.l.a.MessagingMessageListenerAdapter : Processing [GenericMessage [payload={globalRole=USER, eventType=auth.user.registered, userId=83278a9a-ba74-469a-994e-effb51d8837e, email=prueba@correo.com, timestamp=2025-12-02T19:33:08.964523491}, headers={amqp_receivedDeliveryMode=PERSISTENT, amqp_receivedExchange=auth-exchange, amqp_deliveryTag=1654, amqp_consumerQueue=auth.user.registered.queue, amqp_redelivered=true, __ContentTypeId__=java.lang.Object, amqp_receivedRoutingKey=auth.user.registered, amqp_contentEncoding=UTF-8, __KeyTypeId__=java.lang.Object, amqp_retryCount=0, id=fb3e31c7-c2d9-0d93-667d-08e022c80c93, amqp_consumerTag=amq.ctag-cAqrhI9n0NxPX1HhqC9Csg, amqp_lastInBatch=false, contentType=application/json, __TypeId__=java.util.HashMap, timestamp=1764722362596}]]
2025-12-02T19:39:22.596-05:00  INFO 124510 --- [tenant-service] [org.springframework.amqp.rabbit.RabbitListenerEndpointContainer#0-1] c.s.t.e.l.UserRegisteredListener         : Received auth.user.registered event: {globalRole=USER, eventType=auth.user.registered, userId=83278a9a-ba74-469a-994e-effb51d8837e, email=prueba@correo.com, timestamp=2025-12-02T19:33:08.964523491}
2025-12-02T19:39:22.596-05:00  INFO 124510 --- [tenant-service] [org.springframework.amqp.rabbit.RabbitListenerEndpointContainer#0-1] c.s.t.e.l.UserRegisteredListener         : Creating tenant for new user: prueba@correo.com (83278a9a-ba74-469a-994e-effb51d8837e)
2025-12-02T19:39:22.596-05:00  INFO 124510 --- [tenant-service] [org.springframework.amqp.rabbit.RabbitListenerEndpointContainer#0-1] c.s.t.service.impl.TenantServiceImpl     : Auto-creating tenant for new user: 83278a9a-ba74-469a-994e-effb51d8837e
2025-12-02T19:39:22.596-05:00 ERROR 124510 --- [tenant-service] [org.springframework.amqp.rabbit.RabbitListenerEndpointContainer#0-1] c.s.t.e.l.UserRegisteredListener         : Error processing auth.user.registered event: Range [0, 18) out of bounds for length 17

java.lang.StringIndexOutOfBoundsException: Range [0, 18) out of bounds for length 17
	at java.base/jdk.internal.util.Preconditions$1.apply(Preconditions.java:55) ~[na:na]
	at java.base/jdk.internal.util.Preconditions$1.apply(Preconditions.java:52) ~[na:na]
	at java.base/jdk.internal.util.Preconditions$4.apply(Preconditions.java:213) ~[na:na]
	at java.base/jdk.internal.util.Preconditions$4.apply(Preconditions.java:210) ~[na:na]
	at java.base/jdk.internal.util.Preconditions.outOfBounds(Preconditions.java:98) ~[na:na]
	at java.base/jdk.internal.util.Preconditions.outOfBoundsCheckFromToIndex(Preconditions.java:112) ~[na:na]
	at java.base/jdk.internal.util.Preconditions.checkFromToIndex(Preconditions.java:349) ~[na:na]
	at java.base/java.lang.String.checkBoundsBeginEnd(String.java:4865) ~[na:na]
	at java.base/java.lang.String.substring(String.java:2834) ~[na:na]
	at com.sentinel.tenant_service.service.impl.TenantServiceImpl.generateSlug(TenantServiceImpl.java:296) ~[classes/:na]
	at com.sentinel.tenant_service.service.impl.TenantServiceImpl.createTenantForUser(TenantServiceImpl.java:91) ~[classes/:na]
	at java.base/jdk.internal.reflect.DirectMethodHandleAccessor.invoke(DirectMethodHandleAccessor.java:103) ~[na:na]
	at java.base/java.lang.reflect.Method.invoke(Method.java:580) ~[na:na]
	at org.springframework.aop.support.AopUtils.invokeJoinpointUsingReflection(AopUtils.java:360) ~[spring-aop-6.2.14.jar:6.2.14]
	at org.springframework.aop.framework.ReflectiveMethodInvocation.invokeJoinpoint(ReflectiveMethodInvocation.java:196) ~[spring-aop-6.2.14.jar:6.2.14]
	at org.springframework.aop.framework.ReflectiveMethodInvocation.proceed(ReflectiveMethodInvocation.java:163) ~[spring-aop-6.2.14.jar:6.2.14]
	at org.springframework.transaction.interceptor.TransactionAspectSupport.invokeWithinTransaction(TransactionAspectSupport.java:380) ~[spring-tx-6.2.14.jar:6.2.14]
	at org.springframework.transaction.interceptor.TransactionInterceptor.invoke(TransactionInterceptor.java:119) ~[spring-tx-6.2.14.jar:6.2.14]
	at org.springframework.aop.framework.ReflectiveMethodInvocation.proceed(ReflectiveMethodInvocation.java:184) ~[spring-aop-6.2.14.jar:6.2.14]
	at org.springframework.aop.framework.CglibAopProxy$DynamicAdvisedInterceptor.intercept(CglibAopProxy.java:728) ~[spring-aop-6.2.14.jar:6.2.14]
	at com.sentinel.tenant_service.service.impl.TenantServiceImpl$$SpringCGLIB$$0.createTenantForUser(<generated>) ~[classes/:na]
	at com.sentinel.tenant_service.events.listeners.UserRegisteredListener.handleUserRegistered(UserRegisteredListener.java:52) ~[classes/:na]
	at java.base/jdk.internal.reflect.DirectMethodHandleAccessor.invoke(DirectMethodHandleAccessor.java:103) ~[na:na]
	at java.base/java.lang.reflect.Method.invoke(Method.java:580) ~[na:na]
	at org.springframework.messaging.handler.invocation.InvocableHandlerMethod.doInvoke(InvocableHandlerMethod.java:169) ~[spring-messaging-6.2.14.jar:6.2.14]
	at org.springframework.amqp.rabbit.listener.adapter.KotlinAwareInvocableHandlerMethod.doInvoke(KotlinAwareInvocableHandlerMethod.java:45) ~[spring-rabbit-3.2.8.jar:3.2.8]
	at org.springframework.messaging.handler.invocation.InvocableHandlerMethod.invoke(InvocableHandlerMethod.java:119) ~[spring-messaging-6.2.14.jar:6.2.14]
	at org.springframework.amqp.rabbit.listener.adapter.HandlerAdapter.invoke(HandlerAdapter.java:80) ~[spring-rabbit-3.2.8.jar:3.2.8]
	at org.springframework.amqp.rabbit.listener.adapter.MessagingMessageListenerAdapter.invokeHandler(MessagingMessageListenerAdapter.java:274) ~[spring-rabbit-3.2.8.jar:3.2.8]
	at org.springframework.amqp.rabbit.listener.adapter.MessagingMessageListenerAdapter.invokeHandlerAndProcessResult(MessagingMessageListenerAdapter.java:221) ~[spring-rabbit-3.2.8.jar:3.2.8]
	at org.springframework.amqp.rabbit.listener.adapter.MessagingMessageListenerAdapter.onMessage(MessagingMessageListenerAdapter.java:148) ~[spring-rabbit-3.2.8.jar:3.2.8]
	at org.springframework.amqp.rabbit.listener.AbstractMessageListenerContainer.doInvokeListener(AbstractMessageListenerContainer.java:1694) ~[spring-rabbit-3.2.8.jar:3.2.8]
	at org.springframework.amqp.rabbit.listener.AbstractMessageListenerContainer.actualInvokeListener(AbstractMessageListenerContainer.java:1616) ~[spring-rabbit-3.2.8.jar:3.2.8]
	at org.springframework.amqp.rabbit.listener.AbstractMessageListenerContainer.invokeListener(AbstractMessageListenerContainer.java:1604) ~[spring-rabbit-3.2.8.jar:3.2.8]
	at org.springframework.amqp.rabbit.listener.AbstractMessageListenerContainer.doExecuteListener(AbstractMessageListenerContainer.java:1595) ~[spring-rabbit-3.2.8.jar:3.2.8]
	at org.springframework.amqp.rabbit.listener.AbstractMessageListenerContainer.executeListenerAndHandleException(AbstractMessageListenerContainer.java:1540) ~[spring-rabbit-3.2.8.jar:3.2.8]
	at org.springframework.amqp.rabbit.listener.AbstractMessageListenerContainer.executeListener(AbstractMessageListenerContainer.java:1521) ~[spring-rabbit-3.2.8.jar:3.2.8]
	at org.springframework.amqp.rabbit.listener.SimpleMessageListenerContainer.doReceiveAndExecute(SimpleMessageListenerContainer.java:1091) ~[spring-rabbit-3.2.8.jar:3.2.8]
	at org.springframework.amqp.rabbit.listener.SimpleMessageListenerContainer.receiveAndExecute(SimpleMessageListenerContainer.java:1027) ~[spring-rabbit-3.2.8.jar:3.2.8]
	at org.springframework.amqp.rabbit.listener.SimpleMessageListenerContainer$AsyncMessageProcessingConsumer.mainLoop(SimpleMessageListenerContainer.java:1431) ~[spring-rabbit-3.2.8.jar:3.2.8]
	at org.springframework.amqp.rabbit.listener.SimpleMessageListenerContainer$AsyncMessageProcessingConsumer.run(SimpleMessageListenerContainer.java:1331) ~[spring-rabbit-3.2.8.jar:3.2.8]
	at java.base/java.lang.Thread.run(Thread.java:1583) ~[na:na]

2025-12-02T19:39:22.597-05:00  WARN 124510 --- [tenant-service] [org.springframework.amqp.rabbit.RabbitListenerEndpointContainer#0-1] s.a.r.l.ConditionalRejectingErrorHandler : Execution of Rabbit message listener failed.

org.springframework.amqp.rabbit.support.ListenerExecutionFailedException: Listener method 'public void com.sentinel.tenant_service.events.listeners.UserRegisteredListener.handleUserRegistered(java.util.Map<java.lang.String, java.lang.Object>)' threw exception
	at org.springframework.amqp.rabbit.listener.adapter.MessagingMessageListenerAdapter.invokeHandler(MessagingMessageListenerAdapter.java:283) ~[spring-rabbit-3.2.8.jar:3.2.8]
	at org.springframework.amqp.rabbit.listener.adapter.MessagingMessageListenerAdapter.invokeHandlerAndProcessResult(MessagingMessageListenerAdapter.java:221) ~[spring-rabbit-3.2.8.jar:3.2.8]
	at org.springframework.amqp.rabbit.listener.adapter.MessagingMessageListenerAdapter.onMessage(MessagingMessageListenerAdapter.java:148) ~[spring-rabbit-3.2.8.jar:3.2.8]
	at org.springframework.amqp.rabbit.listener.AbstractMessageListenerContainer.doInvokeListener(AbstractMessageListenerContainer.java:1694) ~[spring-rabbit-3.2.8.jar:3.2.8]
	at org.springframework.amqp.rabbit.listener.AbstractMessageListenerContainer.actualInvokeListener(AbstractMessageListenerContainer.java:1616) ~[spring-rabbit-3.2.8.jar:3.2.8]
	at org.springframework.amqp.rabbit.listener.AbstractMessageListenerContainer.invokeListener(AbstractMessageListenerContainer.java:1604) ~[spring-rabbit-3.2.8.jar:3.2.8]
	at org.springframework.amqp.rabbit.listener.AbstractMessageListenerContainer.doExecuteListener(AbstractMessageListenerContainer.java:1595) ~[spring-rabbit-3.2.8.jar:3.2.8]
	at org.springframework.amqp.rabbit.listener.AbstractMessageListenerContainer.executeListenerAndHandleException(AbstractMessageListenerContainer.java:1540) ~[spring-rabbit-3.2.8.jar:3.2.8]
	at org.springframework.amqp.rabbit.listener.AbstractMessageListenerContainer.executeListener(AbstractMessageListenerContainer.java:1521) ~[spring-rabbit-3.2.8.jar:3.2.8]
	at org.springframework.amqp.rabbit.listener.SimpleMessageListenerContainer.doReceiveAndExecute(SimpleMessageListenerContainer.java:1091) ~[spring-rabbit-3.2.8.jar:3.2.8]
	at org.springframework.amqp.rabbit.listener.SimpleMessageListenerContainer.receiveAndExecute(SimpleMessageListenerContainer.java:1027) ~[spring-rabbit-3.2.8.jar:3.2.8]
	at org.springframework.amqp.rabbit.listener.SimpleMessageListenerContainer$AsyncMessageProcessingConsumer.mainLoop(SimpleMessageListenerContainer.java:1431) ~[spring-rabbit-3.2.8.jar:3.2.8]
	at org.springframework.amqp.rabbit.listener.SimpleMessageListenerContainer$AsyncMessageProcessingConsumer.run(SimpleMessageListenerContainer.java:1331) ~[spring-rabbit-3.2.8.jar:3.2.8]
	at java.base/java.lang.Thread.run(Thread.java:1583) ~[na:na]
Caused by: java.lang.StringIndexOutOfBoundsException: Range [0, 18) out of bounds for length 17
	at java.base/jdk.internal.util.Preconditions$1.apply(Preconditions.java:55) ~[na:na]
	at java.base/jdk.internal.util.Preconditions$1.apply(Preconditions.java:52) ~[na:na]
	at java.base/jdk.internal.util.Preconditions$4.apply(Preconditions.java:213) ~[na:na]
	at java.base/jdk.internal.util.Preconditions$4.apply(Preconditions.java:210) ~[na:na]
	at java.base/jdk.internal.util.Preconditions.outOfBounds(Preconditions.java:98) ~[na:na]
	at java.base/jdk.internal.util.Preconditions.outOfBoundsCheckFromToIndex(Preconditions.java:112) ~[na:na]
	at java.base/jdk.internal.util.Preconditions.checkFromToIndex(Preconditions.java:349) ~[na:na]
	at java.base/java.lang.String.checkBoundsBeginEnd(String.java:4865) ~[na:na]
	at java.base/java.lang.String.substring(String.java:2834) ~[na:na]
	at com.sentinel.tenant_service.service.impl.TenantServiceImpl.generateSlug(TenantServiceImpl.java:296) ~[classes/:na]
	at com.sentinel.tenant_service.service.impl.TenantServiceImpl.createTenantForUser(TenantServiceImpl.java:91) ~[classes/:na]
	at java.base/jdk.internal.reflect.DirectMethodHandleAccessor.invoke(DirectMethodHandleAccessor.java:103) ~[na:na]
	at java.base/java.lang.reflect.Method.invoke(Method.java:580) ~[na:na]
	at org.springframework.aop.support.AopUtils.invokeJoinpointUsingReflection(AopUtils.java:360) ~[spring-aop-6.2.14.jar:6.2.14]
	at org.springframework.aop.framework.ReflectiveMethodInvocation.invokeJoinpoint(ReflectiveMethodInvocation.java:196) ~[spring-aop-6.2.14.jar:6.2.14]
	at org.springframework.aop.framework.ReflectiveMethodInvocation.proceed(ReflectiveMethodInvocation.java:163) ~[spring-aop-6.2.14.jar:6.2.14]
	at org.springframework.transaction.interceptor.TransactionAspectSupport.invokeWithinTransaction(TransactionAspectSupport.java:380) ~[spring-tx-6.2.14.jar:6.2.14]
	at org.springframework.transaction.interceptor.TransactionInterceptor.invoke(TransactionInterceptor.java:119) ~[spring-tx-6.2.14.jar:6.2.14]
	at org.springframework.aop.framework.ReflectiveMethodInvocation.proceed(ReflectiveMethodInvocation.java:184) ~[spring-aop-6.2.14.jar:6.2.14]
	at org.springframework.aop.framework.CglibAopProxy$DynamicAdvisedInterceptor.intercept(CglibAopProxy.java:728) ~[spring-aop-6.2.14.jar:6.2.14]
	at com.sentinel.tenant_service.service.impl.TenantServiceImpl$$SpringCGLIB$$0.createTenantForUser(<generated>) ~[classes/:na]
	at com.sentinel.tenant_service.events.listeners.UserRegisteredListener.handleUserRegistered(UserRegisteredListener.java:52) ~[classes/:na]
	at java.base/jdk.internal.reflect.DirectMethodHandleAccessor.invoke(DirectMethodHandleAccessor.java:103) ~[na:na]
	at java.base/java.lang.reflect.Method.invoke(Method.java:580) ~[na:na]
	at org.springframework.messaging.handler.invocation.InvocableHandlerMethod.doInvoke(InvocableHandlerMethod.java:169) ~[spring-messaging-6.2.14.jar:6.2.14]
	at org.springframework.amqp.rabbit.listener.adapter.KotlinAwareInvocableHandlerMethod.doInvoke(KotlinAwareInvocableHandlerMethod.java:45) ~[spring-rabbit-3.2.8.jar:3.2.8]
	at org.springframework.messaging.handler.invocation.InvocableHandlerMethod.invoke(InvocableHandlerMethod.java:119) ~[spring-messaging-6.2.14.jar:6.2.14]
	at org.springframework.amqp.rabbit.listener.adapter.HandlerAdapter.invoke(HandlerAdapter.java:80) ~[spring-rabbit-3.2.8.jar:3.2.8]
	at org.springframework.amqp.rabbit.listener.adapter.MessagingMessageListenerAdapter.invokeHandler(MessagingMessageListenerAdapter.java:274) ~[spring-rabbit-3.2.8.jar:3.2.8]
	... 13 common frames omitted

2025-12-02T19:39:22.615-05:00 DEBUG 124510 --- [tenant-service] [org.springframework.amqp.rabbit.RabbitListenerEndpointContainer#0-1] o.s.a.r.listener.BlockingQueueConsumer   : Rejecting messages (requeue=true)
2025-12-02T19:39:22.615-05:00 DEBUG 124510 --- [tenant-service] [pool-2-thread-13] o.s.a.r.listener.BlockingQueueConsumer   : Storing delivery for consumerTag: 'amq.ctag-cAqrhI9n0NxPX1HhqC9Csg' with deliveryTag: '1655' in Consumer@2baf9cd4: tags=[[amq.ctag-cAqrhI9n0NxPX1HhqC9Csg]], channel=Cached Rabbit Channel: AMQChannel(amqp://guest@127.0.0.1:5672/,1), conn: Proxy@ae449e7 Shared Rabbit Connection: SimpleConnection@15beb40b [delegate=amqp://guest@127.0.0.1:5672/, localPort=40784], acknowledgeMode=AUTO local queue size=0
2025-12-02T19:39:22.616-05:00 DEBUG 124510 --- [tenant-service] [org.springframework.amqp.rabbit.RabbitListenerEndpointContainer#0-1] o.s.a.r.listener.BlockingQueueConsumer   : Received message: (Body:'[B@65b994eb(byte[176])' MessageProperties [headers={__ContentTypeId__=java.lang.Object, __KeyTypeId__=java.lang.Object, __TypeId__=java.util.HashMap}, contentType=application/json, contentEncoding=UTF-8, contentLength=0, receivedDeliveryMode=PERSISTENT, priority=0, redelivered=true, receivedExchange=auth-exchange, receivedRoutingKey=auth.user.registered, deliveryTag=1655, consumerTag=amq.ctag-cAqrhI9n0NxPX1HhqC9Csg, consumerQueue=auth.user.registered.queue])
2025-12-02T19:39:22.616-05:00 DEBUG 124510 --- [tenant-service] [org.springframework.amqp.rabbit.RabbitListenerEndpointContainer#0-1] .a.r.l.a.MessagingMessageListenerAdapter : Processing [GenericMessage [payload={globalRole=USER, eventType=auth.user.registered, userId=83278a9a-ba74-469a-994e-effb51d8837e, email=prueba@correo.com, timestamp=2025-12-02T19:33:08.964523491}, headers={amqp_receivedDeliveryMode=PERSISTENT, amqp_receivedExchange=auth-exchange, amqp_deliveryTag=1655, amqp_consumerQueue=auth.user.registered.queue, amqp_redelivered=true, __ContentTypeId__=java.lang.Object, amqp_receivedRoutingKey=auth.user.registered, amqp_contentEncoding=UTF-8, __KeyTypeId__=java.lang.Object, amqp_retryCount=0, id=1dc88489-a851-bb67-d089-d3f200575481, amqp_consumerTag=amq.ctag-cAqrhI9n0NxPX1HhqC9Csg, amqp_lastInBatch=false, contentType=application/json, __TypeId__=java.util.HashMap, timestamp=1764722362616}]]
2025-12-02T19:39:22.616-05:00  INFO 124510 --- [tenant-service] [org.springframework.amqp.rabbit.RabbitListenerEndpointContainer#0-1] c.s.t.e.l.UserRegisteredListener         : Received auth.user.registered event: {globalRole=USER, eventType=auth.user.registered, userId=83278a9a-ba74-469a-994e-effb51d8837e, email=prueba@correo.com, timestamp=2025-12-02T19:33:08.964523491}
2025-12-02T19:39:22.616-05:00  INFO 124510 --- [tenant-service] [org.springframework.amqp.rabbit.RabbitListenerEndpointContainer#0-1] c.s.t.e.l.UserRegisteredListener         : Creating tenant for new user: prueba@correo.com (83278a9a-ba74-469a-994e-effb51d8837e)
2025-12-02T19:39:22.616-05:00  INFO 124510 --- [tenant-service] [org.springframework.amqp.rabbit.RabbitListenerEndpointContainer#0-1] c.s.t.service.impl.TenantServiceImpl     : Auto-creating tenant for new user: 83278a9a-ba74-469a-994e-effb51d8837e
2025-12-02T19:39:22.616-05:00 ERROR 124510 --- [tenant-service] [org.springframework.amqp.rabbit.RabbitListenerEndpointContainer#0-1] c.s.t.e.l.UserRegisteredListener         : Error processing auth.user.registered event: Range [0, 18) out of bounds for length 17

java.lang.StringIndexOutOfBoundsException: Range [0, 18) out of bounds for length 17
	at java.base/jdk.internal.util.Preconditions$1.apply(Preconditions.java:55) ~[na:na]
	at java.base/jdk.internal.util.Preconditions$1.apply(Preconditions.java:52) ~[na:na]
	at java.base/jdk.internal.util.Preconditions$4.apply(Preconditions.java:213) ~[na:na]
	at java.base/jdk.internal.util.Preconditions$4.apply(Preconditions.java:210) ~[na:na]
	at java.base/jdk.internal.util.Preconditions.outOfBounds(Preconditions.java:98) ~[na:na]
	at java.base/jdk.internal.util.Preconditions.outOfBoundsCheckFromToIndex(Preconditions.java:112) ~[na:na]
	at java.base/jdk.internal.util.Preconditions.checkFromToIndex(Preconditions.java:349) ~[na:na]
	at java.base/java.lang.String.checkBoundsBeginEnd(String.java:4865) ~[na:na]
	at java.base/java.lang.String.substring(String.java:2834) ~[na:na]
	at com.sentinel.tenant_service.service.impl.TenantServiceImpl.generateSlug(TenantServiceImpl.java:296) ~[classes/:na]
	at com.sentinel.tenant_service.service.impl.TenantServiceImpl.createTenantForUser(TenantServiceImpl.java:91) ~[classes/:na]
	at java.base/jdk.internal.reflect.DirectMethodHandleAccessor.invoke(DirectMethodHandleAccessor.java:103) ~[na:na]
	at java.base/java.lang.reflect.Method.invoke(Method.java:580) ~[na:na]
	at org.springframework.aop.support.AopUtils.invokeJoinpointUsingReflection(AopUtils.java:360) ~[spring-aop-6.2.14.jar:6.2.14]
	at org.springframework.aop.framework.ReflectiveMethodInvocation.invokeJoinpoint(ReflectiveMethodInvocation.java:196) ~[spring-aop-6.2.14.jar:6.2.14]
	at org.springframework.aop.framework.ReflectiveMethodInvocation.proceed(ReflectiveMethodInvocation.java:163) ~[spring-aop-6.2.14.jar:6.2.14]
	at org.springframework.transaction.interceptor.TransactionAspectSupport.invokeWithinTransaction(TransactionAspectSupport.java:380) ~[spring-tx-6.2.14.jar:6.2.14]
	at org.springframework.transaction.interceptor.TransactionInterceptor.invoke(TransactionInterceptor.java:119) ~[spring-tx-6.2.14.jar:6.2.14]
	at org.springframework.aop.framework.ReflectiveMethodInvocation.proceed(ReflectiveMethodInvocation.java:184) ~[spring-aop-6.2.14.jar:6.2.14]
	at org.springframework.aop.framework.CglibAopProxy$DynamicAdvisedInterceptor.intercept(CglibAopProxy.java:728) ~[spring-aop-6.2.14.jar:6.2.14]
	at com.sentinel.tenant_service.service.impl.TenantServiceImpl$$SpringCGLIB$$0.createTenantForUser(<generated>) ~[classes/:na]
	at com.sentinel.tenant_service.events.listeners.UserRegisteredListener.handleUserRegistered(UserRegisteredListener.java:52) ~[classes/:na]
	at java.base/jdk.internal.reflect.DirectMethodHandleAccessor.invoke(DirectMethodHandleAccessor.java:103) ~[na:na]
	at java.base/java.lang.reflect.Method.invoke(Method.java:580) ~[na:na]
	at org.springframework.messaging.handler.invocation.InvocableHandlerMethod.doInvoke(InvocableHandlerMethod.java:169) ~[spring-messaging-6.2.14.jar:6.2.14]
	at org.springframework.amqp.rabbit.listener.adapter.KotlinAwareInvocableHandlerMethod.doInvoke(KotlinAwareInvocableHandlerMethod.java:45) ~[spring-rabbit-3.2.8.jar:3.2.8]
	at org.springframework.messaging.handler.invocation.InvocableHandlerMethod.invoke(InvocableHandlerMethod.java:119) ~[spring-messaging-6.2.14.jar:6.2.14]
	at org.springframework.amqp.rabbit.listener.adapter.HandlerAdapter.invoke(HandlerAdapter.java:80) ~[spring-rabbit-3.2.8.jar:3.2.8]
	at org.springframework.amqp.rabbit.listener.adapter.MessagingMessageListenerAdapter.invokeHandler(MessagingMessageListenerAdapter.java:274) ~[spring-rabbit-3.2.8.jar:3.2.8]
	at org.springframework.amqp.rabbit.listener.adapter.MessagingMessageListenerAdapter.invokeHandlerAndProcessResult(MessagingMessageListenerAdapter.java:221) ~[spring-rabbit-3.2.8.jar:3.2.8]
	at org.springframework.amqp.rabbit.listener.adapter.MessagingMessageListenerAdapter.onMessage(MessagingMessageListenerAdapter.java:148) ~[spring-rabbit-3.2.8.jar:3.2.8]
	at org.springframework.amqp.rabbit.listener.AbstractMessageListenerContainer.doInvokeListener(AbstractMessageListenerContainer.java:1694) ~[spring-rabbit-3.2.8.jar:3.2.8]
	at org.springframework.amqp.rabbit.listener.AbstractMessageListenerContainer.actualInvokeListener(AbstractMessageListenerContainer.java:1616) ~[spring-rabbit-3.2.8.jar:3.2.8]
	at org.springframework.amqp.rabbit.listener.AbstractMessageListenerContainer.invokeListener(AbstractMessageListenerContainer.java:1604) ~[spring-rabbit-3.2.8.jar:3.2.8]
	at org.springframework.amqp.rabbit.listener.AbstractMessageListenerContainer.doExecuteListener(AbstractMessageListenerContainer.java:1595) ~[spring-rabbit-3.2.8.jar:3.2.8]
	at org.springframework.amqp.rabbit.listener.AbstractMessageListenerContainer.executeListenerAndHandleException(AbstractMessageListenerContainer.java:1540) ~[spring-rabbit-3.2.8.jar:3.2.8]
	at org.springframework.amqp.rabbit.listener.AbstractMessageListenerContainer.executeListener(AbstractMessageListenerContainer.java:1521) ~[spring-rabbit-3.2.8.jar:3.2.8]
	at org.springframework.amqp.rabbit.listener.SimpleMessageListenerContainer.doReceiveAndExecute(SimpleMessageListenerContainer.java:1091) ~[spring-rabbit-3.2.8.jar:3.2.8]
	at org.springframework.amqp.rabbit.listener.SimpleMessageListenerContainer.receiveAndExecute(SimpleMessageListenerContainer.java:1027) ~[spring-rabbit-3.2.8.jar:3.2.8]
	at org.springframework.amqp.rabbit.listener.SimpleMessageListenerContainer$AsyncMessageProcessingConsumer.mainLoop(SimpleMessageListenerContainer.java:1431) ~[spring-rabbit-3.2.8.jar:3.2.8]
	at org.springframework.amqp.rabbit.listener.SimpleMessageListenerContainer$AsyncMessageProcessingConsumer.run(SimpleMessageListenerContainer.java:1331) ~[spring-rabbit-3.2.8.jar:3.2.8]
	at java.base/java.lang.Thread.run(Thread.java:1583) ~[na:na]

2025-12-02T19:39:22.616-05:00  WARN 124510 --- [tenant-service] [org.springframework.amqp.rabbit.RabbitListenerEndpointContainer#0-1] s.a.r.l.ConditionalRejectingErrorHandler : Execution of Rabbit message listener failed.

org.springframework.amqp.rabbit.support.ListenerExecutionFailedException: Listener method 'public void com.sentinel.tenant_service.events.listeners.UserRegisteredListener.handleUserRegistered(java.util.Map<java.lang.String, java.lang.Object>)' threw exception
	at org.springframework.amqp.rabbit.listener.adapter.MessagingMessageListenerAdapter.invokeHandler(MessagingMessageListenerAdapter.java:283) ~[spring-rabbit-3.2.8.jar:3.2.8]
	at org.springframework.amqp.rabbit.listener.adapter.MessagingMessageListenerAdapter.invokeHandlerAndProcessResult(MessagingMessageListenerAdapter.java:221) ~[spring-rabbit-3.2.8.jar:3.2.8]
	at org.springframework.amqp.rabbit.listener.adapter.MessagingMessageListenerAdapter.onMessage(MessagingMessageListenerAdapter.java:148) ~[spring-rabbit-3.2.8.jar:3.2.8]
	at org.springframework.amqp.rabbit.listener.AbstractMessageListenerContainer.doInvokeListener(AbstractMessageListenerContainer.java:1694) ~[spring-rabbit-3.2.8.jar:3.2.8]
	at org.springframework.amqp.rabbit.listener.AbstractMessageListenerContainer.actualInvokeListener(AbstractMessageListenerContainer.java:1616) ~[spring-rabbit-3.2.8.jar:3.2.8]
	at org.springframework.amqp.rabbit.listener.AbstractMessageListenerContainer.invokeListener(AbstractMessageListenerContainer.java:1604) ~[spring-rabbit-3.2.8.jar:3.2.8]
	at org.springframework.amqp.rabbit.listener.AbstractMessageListenerContainer.doExecuteListener(AbstractMessageListenerContainer.java:1595) ~[spring-rabbit-3.2.8.jar:3.2.8]
	at org.springframework.amqp.rabbit.listener.AbstractMessageListenerContainer.executeListenerAndHandleException(AbstractMessageListenerContainer.java:1540) ~[spring-rabbit-3.2.8.jar:3.2.8]
	at org.springframework.amqp.rabbit.listener.AbstractMessageListenerContainer.executeListener(AbstractMessageListenerContainer.java:1521) ~[spring-rabbit-3.2.8.jar:3.2.8]
	at org.springframework.amqp.rabbit.listener.SimpleMessageListenerContainer.doReceiveAndExecute(SimpleMessageListenerContainer.java:1091) ~[spring-rabbit-3.2.8.jar:3.2.8]
	at org.springframework.amqp.rabbit.listener.SimpleMessageListenerContainer.receiveAndExecute(SimpleMessageListenerContainer.java:1027) ~[spring-rabbit-3.2.8.jar:3.2.8]
	at org.springframework.amqp.rabbit.listener.SimpleMessageListenerContainer$AsyncMessageProcessingConsumer.mainLoop(SimpleMessageListenerContainer.java:1431) ~[spring-rabbit-3.2.8.jar:3.2.8]
	at org.springframework.amqp.rabbit.listener.SimpleMessageListenerContainer$AsyncMessageProcessingConsumer.run(SimpleMessageListenerContainer.java:1331) ~[spring-rabbit-3.2.8.jar:3.2.8]
	at java.base/java.lang.Thread.run(Thread.java:1583) ~[na:na]
Caused by: java.lang.StringIndexOutOfBoundsException: Range [0, 18) out of bounds for length 17
	at java.base/jdk.internal.util.Preconditions$1.apply(Preconditions.java:55) ~[na:na]
	at java.base/jdk.internal.util.Preconditions$1.apply(Preconditions.java:52) ~[na:na]
	at java.base/jdk.internal.util.Preconditions$4.apply(Preconditions.java:213) ~[na:na]
	at java.base/jdk.internal.util.Preconditions$4.apply(Preconditions.java:210) ~[na:na]
	at java.base/jdk.internal.util.Preconditions.outOfBounds(Preconditions.java:98) ~[na:na]
	at java.base/jdk.internal.util.Preconditions.outOfBoundsCheckFromToIndex(Preconditions.java:112) ~[na:na]
	at java.base/jdk.internal.util.Preconditions.checkFromToIndex(Preconditions.java:349) ~[na:na]
	at java.base/java.lang.String.checkBoundsBeginEnd(String.java:4865) ~[na:na]
	at java.base/java.lang.String.substring(String.java:2834) ~[na:na]
	at com.sentinel.tenant_service.service.impl.TenantServiceImpl.generateSlug(TenantServiceImpl.java:296) ~[classes/:na]
	at com.sentinel.tenant_service.service.impl.TenantServiceImpl.createTenantForUser(TenantServiceImpl.java:91) ~[classes/:na]
	at java.base/jdk.internal.reflect.DirectMethodHandleAccessor.invoke(DirectMethodHandleAccessor.java:103) ~[na:na]
	at java.base/java.lang.reflect.Method.invoke(Method.java:580) ~[na:na]
	at org.springframework.aop.support.AopUtils.invokeJoinpointUsingReflection(AopUtils.java:360) ~[spring-aop-6.2.14.jar:6.2.14]
	at org.springframework.aop.framework.ReflectiveMethodInvocation.invokeJoinpoint(ReflectiveMethodInvocation.java:196) ~[spring-aop-6.2.14.jar:6.2.14]
	at org.springframework.aop.framework.ReflectiveMethodInvocation.proceed(ReflectiveMethodInvocation.java:163) ~[spring-aop-6.2.14.jar:6.2.14]
	at org.springframework.transaction.interceptor.TransactionAspectSupport.invokeWithinTransaction(TransactionAspectSupport.java:380) ~[spring-tx-6.2.14.jar:6.2.14]
	at org.springframework.transaction.interceptor.TransactionInterceptor.invoke(TransactionInterceptor.java:119) ~[spring-tx-6.2.14.jar:6.2.14]
	at org.springframework.aop.framework.ReflectiveMethodInvocation.proceed(ReflectiveMethodInvocation.java:184) ~[spring-aop-6.2.14.jar:6.2.14]
	at org.springframework.aop.framework.CglibAopProxy$DynamicAdvisedInterceptor.intercept(CglibAopProxy.java:728) ~[spring-aop-6.2.14.jar:6.2.14]
	at com.sentinel.tenant_service.service.impl.TenantServiceImpl$$SpringCGLIB$$0.createTenantForUser(<generated>) ~[classes/:na]
	at com.sentinel.tenant_service.events.listeners.UserRegisteredListener.handleUserRegistered(UserRegisteredListener.java:52) ~[classes/:na]
	at java.base/jdk.internal.reflect.DirectMethodHandleAccessor.invoke(DirectMethodHandleAccessor.java:103) ~[na:na]
	at java.base/java.lang.reflect.Method.invoke(Method.java:580) ~[na:na]
	at org.springframework.messaging.handler.invocation.InvocableHandlerMethod.doInvoke(InvocableHandlerMethod.java:169) ~[spring-messaging-6.2.14.jar:6.2.14]
	at org.springframework.amqp.rabbit.listener.adapter.KotlinAwareInvocableHandlerMethod.doInvoke(KotlinAwareInvocableHandlerMethod.java:45) ~[spring-rabbit-3.2.8.jar:3.2.8]
	at org.springframework.messaging.handler.invocation.InvocableHandlerMethod.invoke(InvocableHandlerMethod.java:119) ~[spring-messaging-6.2.14.jar:6.2.14]
	at org.springframework.amqp.rabbit.listener.adapter.HandlerAdapter.invoke(HandlerAdapter.java:80) ~[spring-rabbit-3.2.8.jar:3.2.8]
	at org.springframework.amqp.rabbit.listener.adapter.MessagingMessageListenerAdapter.invokeHandler(MessagingMessageListenerAdapter.java:274) ~[spring-rabbit-3.2.8.jar:3.2.8]
	... 13 common frames omitted

2025-12-02T19:39:22.616-05:00 DEBUG 124510 --- [tenant-service] [org.springframework.amqp.rabbit.RabbitListenerEndpointContainer#0-1] o.s.a.r.listener.BlockingQueueConsumer   : Rejecting messages (requeue=true)
2025-12-02T19:39:22.617-05:00 DEBUG 124510 --- [tenant-service] [pool-2-thread-14] o.s.a.r.listener.BlockingQueueConsumer   : Storing delivery for consumerTag: 'amq.ctag-cAqrhI9n0NxPX1HhqC9Csg' with deliveryTag: '1656' in Consumer@2baf9cd4: tags=[[amq.ctag-cAqrhI9n0NxPX1HhqC9Csg]], channel=Cached Rabbit Channel: AMQChannel(amqp://guest@127.0.0.1:5672/,1), conn: Proxy@ae449e7 Shared Rabbit Connection: SimpleConnection@15beb40b [delegate=amqp://guest@127.0.0.1:5672/, localPort=40784], acknowledgeMode=AUTO local queue size=0
2025-12-02T19:39:22.617-05:00 DEBUG 124510 --- [tenant-service] [org.springframework.amqp.rabbit.RabbitListenerEndpointContainer#0-1] o.s.a.r.listener.BlockingQueueConsumer   : Received message: (Body:'[B@15e949fa(byte[176])' MessageProperties [headers={__ContentTypeId__=java.lang.Object, __KeyTypeId__=java.lang.Object, __TypeId__=java.util.HashMap}, contentType=application/json, contentEncoding=UTF-8, contentLength=0, receivedDeliveryMode=PERSISTENT, priority=0, redelivered=true, receivedExchange=auth-exchange, receivedRoutingKey=auth.user.registered, deliveryTag=1656, consumerTag=amq.ctag-cAqrhI9n0NxPX1HhqC9Csg, consumerQueue=auth.user.registered.queue])
2025-12-02T19:39:22.617-05:00 DEBUG 124510 --- [tenant-service] [org.springframework.amqp.rabbit.RabbitListenerEndpointContainer#0-1] .a.r.l.a.MessagingMessageListenerAdapter : Processing [GenericMessage [payload={globalRole=USER, eventType=auth.user.registered, userId=83278a9a-ba74-469a-994e-effb51d8837e, email=prueba@correo.com, timestamp=2025-12-02T19:33:08.964523491}, headers={amqp_receivedDeliveryMode=PERSISTENT, amqp_receivedExchange=auth-exchange, amqp_deliveryTag=1656, amqp_consumerQueue=auth.user.registered.queue, amqp_redelivered=true, __ContentTypeId__=java.lang.Object, amqp_receivedRoutingKey=auth.user.registered, amqp_contentEncoding=UTF-8, __KeyTypeId__=java.lang.Object, amqp_retryCount=0, id=75c02c9d-7394-ed18-69af-8c7ad2e94c64, amqp_consumerTag=amq.ctag-cAqrhI9n0NxPX1HhqC9Csg, amqp_lastInBatch=false, contentType=application/json, __TypeId__=java.util.HashMap, timestamp=1764722362617}]]
2025-12-02T19:39:22.617-05:00  INFO 124510 --- [tenant-service] [org.springframework.amqp.rabbit.RabbitListenerEndpointContainer#0-1] c.s.t.e.l.UserRegisteredListener         : Received auth.user.registered event: {globalRole=USER, eventType=auth.user.registered, userId=83278a9a-ba74-469a-994e-effb51d8837e, email=prueba@correo.com, timestamp=2025-12-02T19:33:08.964523491}
2025-12-02T19:39:22.617-05:00  INFO 124510 --- [tenant-service] [org.springframework.amqp.rabbit.RabbitListenerEndpointContainer#0-1] c.s.t.e.l.UserRegisteredListener         : Creating tenant for new user: prueba@correo.com (83278a9a-ba74-469a-994e-effb51d8837e)
2025-12-02T19:39:22.617-05:00  INFO 124510 --- [tenant-service] [org.springframework.amqp.rabbit.RabbitListenerEndpointContainer#0-1] c.s.t.service.impl.TenantServiceImpl     : Auto-creating tenant for new user: 83278a9a-ba74-469a-994e-effb51d8837e
2025-12-02T19:39:22.617-05:00 ERROR 124510 --- [tenant-service] [org.springframework.amqp.rabbit.RabbitListenerEndpointContainer#0-1] c.s.t.e.l.UserRegisteredListener         : Error processing auth.user.registered event: Range [0, 18) out of bounds for length 17

java.lang.StringIndexOutOfBoundsException: Range [0, 18) out of bounds for length 17
	at java.base/jdk.internal.util.Preconditions$1.apply(Preconditions.java:55) ~[na:na]
	at java.base/jdk.internal.util.Preconditions$1.apply(Preconditions.java:52) ~[na:na]
	at java.base/jdk.internal.util.Preconditions$4.apply(Preconditions.java:213) ~[na:na]
	at java.base/jdk.internal.util.Preconditions$4.apply(Preconditions.java:210) ~[na:na]
	at java.base/jdk.internal.util.Preconditions.outOfBounds(Preconditions.java:98) ~[na:na]
	at java.base/jdk.internal.util.Preconditions.outOfBoundsCheckFromToIndex(Preconditions.java:112) ~[na:na]
	at java.base/jdk.internal.util.Preconditions.checkFromToIndex(Preconditions.java:349) ~[na:na]
	at java.base/java.lang.String.checkBoundsBeginEnd(String.java:4865) ~[na:na]
	at java.base/java.lang.String.substring(String.java:2834) ~[na:na]
	at com.sentinel.tenant_service.service.impl.TenantServiceImpl.generateSlug(TenantServiceImpl.java:296) ~[classes/:na]
	at com.sentinel.tenant_service.service.impl.TenantServiceImpl.createTenantForUser(TenantServiceImpl.java:91) ~[classes/:na]
	at java.base/jdk.internal.reflect.DirectMethodHandleAccessor.invoke(DirectMethodHandleAccessor.java:103) ~[na:na]
	at java.base/java.lang.reflect.Method.invoke(Method.java:580) ~[na:na]
	at org.springframework.aop.support.AopUtils.invokeJoinpointUsingReflection(AopUtils.java:360) ~[spring-aop-6.2.14.jar:6.2.14]
	at org.springframework.aop.framework.ReflectiveMethodInvocation.invokeJoinpoint(ReflectiveMethodInvocation.java:196) ~[spring-aop-6.2.14.jar:6.2.14]
	at org.springframework.aop.framework.ReflectiveMethodInvocation.proceed(ReflectiveMethodInvocation.java:163) ~[spring-aop-6.2.14.jar:6.2.14]
	at org.springframework.transaction.interceptor.TransactionAspectSupport.invokeWithinTransaction(TransactionAspectSupport.java:380) ~[spring-tx-6.2.14.jar:6.2.14]
	at org.springframework.transaction.interceptor.TransactionInterceptor.invoke(TransactionInterceptor.java:119) ~[spring-tx-6.2.14.jar:6.2.14]
	at org.springframework.aop.framework.ReflectiveMethodInvocation.proceed(ReflectiveMethodInvocation.java:184) ~[spring-aop-6.2.14.jar:6.2.14]
	at org.springframework.aop.framework.CglibAopProxy$DynamicAdvisedInterceptor.intercept(CglibAopProxy.java:728) ~[spring-aop-6.2.14.jar:6.2.14]
	at com.sentinel.tenant_service.service.impl.TenantServiceImpl$$SpringCGLIB$$0.createTenantForUser(<generated>) ~[classes/:na]
	at com.sentinel.tenant_service.events.listeners.UserRegisteredListener.handleUserRegistered(UserRegisteredListener.java:52) ~[classes/:na]
	at java.base/jdk.internal.reflect.DirectMethodHandleAccessor.invoke(DirectMethodHandleAccessor.java:103) ~[na:na]
	at java.base/java.lang.reflect.Method.invoke(Method.java:580) ~[na:na]
	at org.springframework.messaging.handler.invocation.InvocableHandlerMethod.doInvoke(InvocableHandlerMethod.java:169) ~[spring-messaging-6.2.14.jar:6.2.14]
	at org.springframework.amqp.rabbit.listener.adapter.KotlinAwareInvocableHandlerMethod.doInvoke(KotlinAwareInvocableHandlerMethod.java:45) ~[spring-rabbit-3.2.8.jar:3.2.8]
	at org.springframework.messaging.handler.invocation.InvocableHandlerMethod.invoke(InvocableHandlerMethod.java:119) ~[spring-messaging-6.2.14.jar:6.2.14]
	at org.springframework.amqp.rabbit.listener.adapter.HandlerAdapter.invoke(HandlerAdapter.java:80) ~[spring-rabbit-3.2.8.jar:3.2.8]
	at org.springframework.amqp.rabbit.listener.adapter.MessagingMessageListenerAdapter.invokeHandler(MessagingMessageListenerAdapter.java:274) ~[spring-rabbit-3.2.8.jar:3.2.8]
	at org.springframework.amqp.rabbit.listener.adapter.MessagingMessageListenerAdapter.invokeHandlerAndProcessResult(MessagingMessageListenerAdapter.java:221) ~[spring-rabbit-3.2.8.jar:3.2.8]
	at org.springframework.amqp.rabbit.listener.adapter.MessagingMessageListenerAdapter.onMessage(MessagingMessageListenerAdapter.java:148) ~[spring-rabbit-3.2.8.jar:3.2.8]
	at org.springframework.amqp.rabbit.listener.AbstractMessageListenerContainer.doInvokeListener(AbstractMessageListenerContainer.java:1694) ~[spring-rabbit-3.2.8.jar:3.2.8]
	at org.springframework.amqp.rabbit.listener.AbstractMessageListenerContainer.actualInvokeListener(AbstractMessageListenerContainer.java:1616) ~[spring-rabbit-3.2.8.jar:3.2.8]
	at org.springframework.amqp.rabbit.listener.AbstractMessageListenerContainer.invokeListener(AbstractMessageListenerContainer.java:1604) ~[spring-rabbit-3.2.8.jar:3.2.8]
	at org.springframework.amqp.rabbit.listener.AbstractMessageListenerContainer.doExecuteListener(AbstractMessageListenerContainer.java:1595) ~[spring-rabbit-3.2.8.jar:3.2.8]
	at org.springframework.amqp.rabbit.listener.AbstractMessageListenerContainer.executeListenerAndHandleException(AbstractMessageListenerContainer.java:1540) ~[spring-rabbit-3.2.8.jar:3.2.8]
	at org.springframework.amqp.rabbit.listener.AbstractMessageListenerContainer.executeListener(AbstractMessageListenerContainer.java:1521) ~[spring-rabbit-3.2.8.jar:3.2.8]
	at org.springframework.amqp.rabbit.listener.SimpleMessageListenerContainer.doReceiveAndExecute(SimpleMessageListenerContainer.java:1091) ~[spring-rabbit-3.2.8.jar:3.2.8]
	at org.springframework.amqp.rabbit.listener.SimpleMessageListenerContainer.receiveAndExecute(SimpleMessageListenerContainer.java:1027) ~[spring-rabbit-3.2.8.jar:3.2.8]
	at org.springframework.amqp.rabbit.listener.SimpleMessageListenerContainer$AsyncMessageProcessingConsumer.mainLoop(SimpleMessageListenerContainer.java:1431) ~[spring-rabbit-3.2.8.jar:3.2.8]
	at org.springframework.amqp.rabbit.listener.SimpleMessageListenerContainer$AsyncMessageProcessingConsumer.run(SimpleMessageListenerContainer.java:1331) ~[spring-rabbit-3.2.8.jar:3.2.8]
	at java.base/java.lang.Thread.run(Thread.java:1583) ~[na:na]

2025-12-02T19:39:22.617-05:00  WARN 124510 --- [tenant-service] [org.springframework.amqp.rabbit.RabbitListenerEndpointContainer#0-1] s.a.r.l.ConditionalRejectingErrorHandler : Execution of Rabbit message listener failed.

org.springframework.amqp.rabbit.support.ListenerExecutionFailedException: Listener method 'public void com.sentinel.tenant_service.events.listeners.UserRegisteredListener.handleUserRegistered(java.util.Map<java.lang.String, java.lang.Object>)' threw exception
	at org.springframework.amqp.rabbit.listener.adapter.MessagingMessageListenerAdapter.invokeHandler(MessagingMessageListenerAdapter.java:283) ~[spring-rabbit-3.2.8.jar:3.2.8]
	at org.springframework.amqp.rabbit.listener.adapter.MessagingMessageListenerAdapter.invokeHandlerAndProcessResult(MessagingMessageListenerAdapter.java:221) ~[spring-rabbit-3.2.8.jar:3.2.8]
	at org.springframework.amqp.rabbit.listener.adapter.MessagingMessageListenerAdapter.onMessage(MessagingMessageListenerAdapter.java:148) ~[spring-rabbit-3.2.8.jar:3.2.8]
	at org.springframework.amqp.rabbit.listener.AbstractMessageListenerContainer.doInvokeListener(AbstractMessageListenerContainer.java:1694) ~[spring-rabbit-3.2.8.jar:3.2.8]
	at org.springframework.amqp.rabbit.listener.AbstractMessageListenerContainer.actualInvokeListener(AbstractMessageListenerContainer.java:1616) ~[spring-rabbit-3.2.8.jar:3.2.8]
	at org.springframework.amqp.rabbit.listener.AbstractMessageListenerContainer.invokeListener(AbstractMessageListenerContainer.java:1604) ~[spring-rabbit-3.2.8.jar:3.2.8]
	at org.springframework.amqp.rabbit.listener.AbstractMessageListenerContainer.doExecuteListener(AbstractMessageListenerContainer.java:1595) ~[spring-rabbit-3.2.8.jar:3.2.8]
	at org.springframework.amqp.rabbit.listener.AbstractMessageListenerContainer.executeListenerAndHandleException(AbstractMessageListenerContainer.java:1540) ~[spring-rabbit-3.2.8.jar:3.2.8]
	at org.springframework.amqp.rabbit.listener.AbstractMessageListenerContainer.executeListener(AbstractMessageListenerContainer.java:1521) ~[spring-rabbit-3.2.8.jar:3.2.8]
	at org.springframework.amqp.rabbit.listener.SimpleMessageListenerContainer.doReceiveAndExecute(SimpleMessageListenerContainer.java:1091) ~[spring-rabbit-3.2.8.jar:3.2.8]
	at org.springframework.amqp.rabbit.listener.SimpleMessageListenerContainer.receiveAndExecute(SimpleMessageListenerContainer.java:1027) ~[spring-rabbit-3.2.8.jar:3.2.8]
	at org.springframework.amqp.rabbit.listener.SimpleMessageListenerContainer$AsyncMessageProcessingConsumer.mainLoop(SimpleMessageListenerContainer.java:1431) ~[spring-rabbit-3.2.8.jar:3.2.8]
	at org.springframework.amqp.rabbit.listener.SimpleMessageListenerContainer$AsyncMessageProcessingConsumer.run(SimpleMessageListenerContainer.java:1331) ~[spring-rabbit-3.2.8.jar:3.2.8]
	at java.base/java.lang.Thread.run(Thread.java:1583) ~[na:na]
Caused by: java.lang.StringIndexOutOfBoundsException: Range [0, 18) out of bounds for length 17
	at java.base/jdk.internal.util.Preconditions$1.apply(Preconditions.java:55) ~[na:na]
	at java.base/jdk.internal.util.Preconditions$1.apply(Preconditions.java:52) ~[na:na]
	at java.base/jdk.internal.util.Preconditions$4.apply(Preconditions.java:213) ~[na:na]
	at java.base/jdk.internal.util.Preconditions$4.apply(Preconditions.java:210) ~[na:na]
	at java.base/jdk.internal.util.Preconditions.outOfBounds(Preconditions.java:98) ~[na:na]
	at java.base/jdk.internal.util.Preconditions.outOfBoundsCheckFromToIndex(Preconditions.java:112) ~[na:na]
	at java.base/jdk.internal.util.Preconditions.checkFromToIndex(Preconditions.java:349) ~[na:na]
	at java.base/java.lang.String.checkBoundsBeginEnd(String.java:4865) ~[na:na]
	at java.base/java.lang.String.substring(String.java:2834) ~[na:na]
	at com.sentinel.tenant_service.service.impl.TenantServiceImpl.generateSlug(TenantServiceImpl.java:296) ~[classes/:na]
	at com.sentinel.tenant_service.service.impl.TenantServiceImpl.createTenantForUser(TenantServiceImpl.java:91) ~[classes/:na]
	at java.base/jdk.internal.reflect.DirectMethodHandleAccessor.invoke(DirectMethodHandleAccessor.java:103) ~[na:na]
	at java.base/java.lang.reflect.Method.invoke(Method.java:580) ~[na:na]
	at org.springframework.aop.support.AopUtils.invokeJoinpointUsingReflection(AopUtils.java:360) ~[spring-aop-6.2.14.jar:6.2.14]
	at org.springframework.aop.framework.ReflectiveMethodInvocation.invokeJoinpoint(ReflectiveMethodInvocation.java:196) ~[spring-aop-6.2.14.jar:6.2.14]
	at org.springframework.aop.framework.ReflectiveMethodInvocation.proceed(ReflectiveMethodInvocation.java:163) ~[spring-aop-6.2.14.jar:6.2.14]
	at org.springframework.transaction.interceptor.TransactionAspectSupport.invokeWithinTransaction(TransactionAspectSupport.java:380) ~[spring-tx-6.2.14.jar:6.2.14]
	at org.springframework.transaction.interceptor.TransactionInterceptor.invoke(TransactionInterceptor.java:119) ~[spring-tx-6.2.14.jar:6.2.14]
	at org.springframework.aop.framework.ReflectiveMethodInvocation.proceed(ReflectiveMethodInvocation.java:184) ~[spring-aop-6.2.14.jar:6.2.14]
	at org.springframework.aop.framework.CglibAopProxy$DynamicAdvisedInterceptor.intercept(CglibAopProxy.java:728) ~[spring-aop-6.2.14.jar:6.2.14]
	at com.sentinel.tenant_service.service.impl.TenantServiceImpl$$SpringCGLIB$$0.createTenantForUser(<generated>) ~[classes/:na]
	at com.sentinel.tenant_service.events.listeners.UserRegisteredListener.handleUserRegistered(UserRegisteredListener.java:52) ~[classes/:na]
	at java.base/jdk.internal.reflect.DirectMethodHandleAccessor.invoke(DirectMethodHandleAccessor.java:103) ~[na:na]
	at java.base/java.lang.reflect.Method.invoke(Method.java:580) ~[na:na]
	at org.springframework.messaging.handler.invocation.InvocableHandlerMethod.doInvoke(InvocableHandlerMethod.java:169) ~[spring-messaging-6.2.14.jar:6.2.14]
	at org.springframework.amqp.rabbit.listener.adapter.KotlinAwareInvocableHandlerMethod.doInvoke(KotlinAwareInvocableHandlerMethod.java:45) ~[spring-rabbit-3.2.8.jar:3.2.8]
	at org.springframework.messaging.handler.invocation.InvocableHandlerMethod.invoke(InvocableHandlerMethod.java:119) ~[spring-messaging-6.2.14.jar:6.2.14]
	at org.springframework.amqp.rabbit.listener.adapter.HandlerAdapter.invoke(HandlerAdapter.java:80) ~[spring-rabbit-3.2.8.jar:3.2.8]
	at org.springframework.amqp.rabbit.listener.adapter.MessagingMessageListenerAdapter.invokeHandler(MessagingMessageListenerAdapter.java:274) ~[spring-rabbit-3.2.8.jar:3.2.8]
	... 13 common frames omitted

2025-12-02T19:39:22.617-05:00 DEBUG 124510 --- [tenant-service] [org.springframework.amqp.rabbit.RabbitListenerEndpointContainer#0-1] o.s.a.r.listener.BlockingQueueConsumer   : Rejecting messages (requeue=true)
2025-12-02T19:39:22.618-05:00 DEBUG 124510 --- [tenant-service] [pool-2-thread-3] o.s.a.r.listener.BlockingQueueConsumer   : Storing delivery for consumerTag: 'amq.ctag-cAqrhI9n0NxPX1HhqC9Csg' with deliveryTag: '1657' in Consumer@2baf9cd4: tags=[[amq.ctag-cAqrhI9n0NxPX1HhqC9Csg]], channel=Cached Rabbit Channel: AMQChannel(amqp://guest@127.0.0.1:5672/,1), conn: Proxy@ae449e7 Shared Rabbit Connection: SimpleConnection@15beb40b [delegate=amqp://guest@127.0.0.1:5672/, localPort=40784], acknowledgeMode=AUTO local queue size=0
2025-12-02T19:39:22.618-05:00 DEBUG 124510 --- [tenant-service] [org.springframework.amqp.rabbit.RabbitListenerEndpointContainer#0-1] o.s.a.r.listener.BlockingQueueConsumer   : Received message: (Body:'[B@40f5f43c(byte[176])' MessageProperties [headers={__ContentTypeId__=java.lang.Object, __KeyTypeId__=java.lang.Object, __TypeId__=java.util.HashMap}, contentType=application/json, contentEncoding=UTF-8, contentLength=0, receivedDeliveryMode=PERSISTENT, priority=0, redelivered=true, receivedExchange=auth-exchange, receivedRoutingKey=auth.user.registered, deliveryTag=1657, consumerTag=amq.ctag-cAqrhI9n0NxPX1HhqC9Csg, consumerQueue=auth.user.registered.queue])
2025-12-02T19:39:22.618-05:00 DEBUG 124510 --- [tenant-service] [org.springframework.amqp.rabbit.RabbitListenerEndpointContainer#0-1] .a.r.l.a.MessagingMessageListenerAdapter : Processing [GenericMessage [payload={globalRole=USER, eventType=auth.user.registered, userId=83278a9a-ba74-469a-994e-effb51d8837e, email=prueba@correo.com, timestamp=2025-12-02T19:33:08.964523491}, headers={amqp_receivedDeliveryMode=PERSISTENT, amqp_receivedExchange=auth-exchange, amqp_deliveryTag=1657, amqp_consumerQueue=auth.user.registered.queue, amqp_redelivered=true, __ContentTypeId__=java.lang.Object, amqp_receivedRoutingKey=auth.user.registered, amqp_contentEncoding=UTF-8, __KeyTypeId__=java.lang.Object, amqp_retryCount=0, id=62be3683-649f-f88b-7852-d23357e609fc, amqp_consumerTag=amq.ctag-cAqrhI9n0NxPX1HhqC9Csg, amqp_lastInBatch=false, contentType=application/json, __TypeId__=java.util.HashMap, timestamp=1764722362618}]]
2025-12-02T19:39:22.618-05:00  INFO 124510 --- [tenant-service] [org.springframework.amqp.rabbit.RabbitListenerEndpointContainer#0-1] c.s.t.e.l.UserRegisteredListener         : Received auth.user.registered event: {globalRole=USER, eventType=auth.user.registered, userId=83278a9a-ba74-469a-994e-effb51d8837e, email=prueba@correo.com, timestamp=2025-12-02T19:33:08.964523491}
2025-12-02T19:39:22.618-05:00  INFO 124510 --- [tenant-service] [org.springframework.amqp.rabbit.RabbitListenerEndpointContainer#0-1] c.s.t.e.l.UserRegisteredListener         : Creating tenant for new user: prueba@correo.com (83278a9a-ba74-469a-994e-effb51d8837e)
2025-12-02T19:39:22.618-05:00  INFO 124510 --- [tenant-service] [org.springframework.amqp.rabbit.RabbitListenerEndpointContainer#0-1] c.s.t.service.impl.TenantServiceImpl     : Auto-creating tenant for new user: 83278a9a-ba74-469a-994e-effb51d8837e
2025-12-02T19:39:22.618-05:00 ERROR 124510 --- [tenant-service] [org.springframework.amqp.rabbit.RabbitListenerEndpointContainer#0-1] c.s.t.e.l.UserRegisteredListener         : Error processing auth.user.registered event: Range [0, 18) out of bounds for length 17

java.lang.StringIndexOutOfBoundsException: Range [0, 18) out of bounds for length 17
	at java.base/jdk.internal.util.Preconditions$1.apply(Preconditions.java:55) ~[na:na]
	at java.base/jdk.internal.util.Preconditions$1.apply(Preconditions.java:52) ~[na:na]
	at java.base/jdk.internal.util.Preconditions$4.apply(Preconditions.java:213) ~[na:na]
	at java.base/jdk.internal.util.Preconditions$4.apply(Preconditions.java:210) ~[na:na]
	at java.base/jdk.internal.util.Preconditions.outOfBounds(Preconditions.java:98) ~[na:na]
	at java.base/jdk.internal.util.Preconditions.outOfBoundsCheckFromToIndex(Preconditions.java:112) ~[na:na]
	at java.base/jdk.internal.util.Preconditions.checkFromToIndex(Preconditions.java:349) ~[na:na]
	at java.base/java.lang.String.checkBoundsBeginEnd(String.java:4865) ~[na:na]
	at java.base/java.lang.String.substring(String.java:2834) ~[na:na]
	at com.sentinel.tenant_service.service.impl.TenantServiceImpl.generateSlug(TenantServiceImpl.java:296) ~[classes/:na]
	at com.sentinel.tenant_service.service.impl.TenantServiceImpl.createTenantForUser(TenantServiceImpl.java:91) ~[classes/:na]
	at java.base/jdk.internal.reflect.DirectMethodHandleAccessor.invoke(DirectMethodHandleAccessor.java:103) ~[na:na]
	at java.base/java.lang.reflect.Method.invoke(Method.java:580) ~[na:na]
	at org.springframework.aop.support.AopUtils.invokeJoinpointUsingReflection(AopUtils.java:360) ~[spring-aop-6.2.14.jar:6.2.14]
	at org.springframework.aop.framework.ReflectiveMethodInvocation.invokeJoinpoint(ReflectiveMethodInvocation.java:196) ~[spring-aop-6.2.14.jar:6.2.14]
	at org.springframework.aop.framework.ReflectiveMethodInvocation.proceed(ReflectiveMethodInvocation.java:163) ~[spring-aop-6.2.14.jar:6.2.14]
	at org.springframework.transaction.interceptor.TransactionAspectSupport.invokeWithinTransaction(TransactionAspectSupport.java:380) ~[spring-tx-6.2.14.jar:6.2.14]
	at org.springframework.transaction.interceptor.TransactionInterceptor.invoke(TransactionInterceptor.java:119) ~[spring-tx-6.2.14.jar:6.2.14]
	at org.springframework.aop.framework.ReflectiveMethodInvocation.proceed(ReflectiveMethodInvocation.java:184) ~[spring-aop-6.2.14.jar:6.2.14]
	at org.springframework.aop.framework.CglibAopProxy$DynamicAdvisedInterceptor.intercept(CglibAopProxy.java:728) ~[spring-aop-6.2.14.jar:6.2.14]
	at com.sentinel.tenant_service.service.impl.TenantServiceImpl$$SpringCGLIB$$0.createTenantForUser(<generated>) ~[classes/:na]
	at com.sentinel.tenant_service.events.listeners.UserRegisteredListener.handleUserRegistered(UserRegisteredListener.java:52) ~[classes/:na]
	at java.base/jdk.internal.reflect.DirectMethodHandleAccessor.invoke(DirectMethodHandleAccessor.java:103) ~[na:na]
	at java.base/java.lang.reflect.Method.invoke(Method.java:580) ~[na:na]
	at org.springframework.messaging.handler.invocation.InvocableHandlerMethod.doInvoke(InvocableHandlerMethod.java:169) ~[spring-messaging-6.2.14.jar:6.2.14]
	at org.springframework.amqp.rabbit.listener.adapter.KotlinAwareInvocableHandlerMethod.doInvoke(KotlinAwareInvocableHandlerMethod.java:45) ~[spring-rabbit-3.2.8.jar:3.2.8]
	at org.springframework.messaging.handler.invocation.InvocableHandlerMethod.invoke(InvocableHandlerMethod.java:119) ~[spring-messaging-6.2.14.jar:6.2.14]
	at org.springframework.amqp.rabbit.listener.adapter.HandlerAdapter.invoke(HandlerAdapter.java:80) ~[spring-rabbit-3.2.8.jar:3.2.8]
	at org.springframework.amqp.rabbit.listener.adapter.MessagingMessageListenerAdapter.invokeHandler(MessagingMessageListenerAdapter.java:274) ~[spring-rabbit-3.2.8.jar:3.2.8]
	at org.springframework.amqp.rabbit.listener.adapter.MessagingMessageListenerAdapter.invokeHandlerAndProcessResult(MessagingMessageListenerAdapter.java:221) ~[spring-rabbit-3.2.8.jar:3.2.8]
	at org.springframework.amqp.rabbit.listener.adapter.MessagingMessageListenerAdapter.onMessage(MessagingMessageListenerAdapter.java:148) ~[spring-rabbit-3.2.8.jar:3.2.8]
	at org.springframework.amqp.rabbit.listener.AbstractMessageListenerContainer.doInvokeListener(AbstractMessageListenerContainer.java:1694) ~[spring-rabbit-3.2.8.jar:3.2.8]
	at org.springframework.amqp.rabbit.listener.AbstractMessageListenerContainer.actualInvokeListener(AbstractMessageListenerContainer.java:1616) ~[spring-rabbit-3.2.8.jar:3.2.8]
	at org.springframework.amqp.rabbit.listener.AbstractMessageListenerContainer.invokeListener(AbstractMessageListenerContainer.java:1604) ~[spring-rabbit-3.2.8.jar:3.2.8]
	at org.springframework.amqp.rabbit.listener.AbstractMessageListenerContainer.doExecuteListener(AbstractMessageListenerContainer.java:1595) ~[spring-rabbit-3.2.8.jar:3.2.8]
	at org.springframework.amqp.rabbit.listener.AbstractMessageListenerContainer.executeListenerAndHandleException(AbstractMessageListenerContainer.java:1540) ~[spring-rabbit-3.2.8.jar:3.2.8]
	at org.springframework.amqp.rabbit.listener.AbstractMessageListenerContainer.executeListener(AbstractMessageListenerContainer.java:1521) ~[spring-rabbit-3.2.8.jar:3.2.8]
	at org.springframework.amqp.rabbit.listener.SimpleMessageListenerContainer.doReceiveAndExecute(SimpleMessageListenerContainer.java:1091) ~[spring-rabbit-3.2.8.jar:3.2.8]
	at org.springframework.amqp.rabbit.listener.SimpleMessageListenerContainer.receiveAndExecute(SimpleMessageListenerContainer.java:1027) ~[spring-rabbit-3.2.8.jar:3.2.8]
	at org.springframework.amqp.rabbit.listener.SimpleMessageListenerContainer$AsyncMessageProcessingConsumer.mainLoop(SimpleMessageListenerContainer.java:1431) ~[spring-rabbit-3.2.8.jar:3.2.8]
	at org.springframework.amqp.rabbit.listener.SimpleMessageListenerContainer$AsyncMessageProcessingConsumer.run(SimpleMessageListenerContainer.java:1331) ~[spring-rabbit-3.2.8.jar:3.2.8]
	at java.base/java.lang.Thread.run(Thread.java:1583) ~[na:na]

2025-12-02T19:39:22.618-05:00  WARN 124510 --- [tenant-service] [org.springframework.amqp.rabbit.RabbitListenerEndpointContainer#0-1] s.a.r.l.ConditionalRejectingErrorHandler : Execution of Rabbit message listener failed.

org.springframework.amqp.rabbit.support.ListenerExecutionFailedException: Listener method 'public void com.sentinel.tenant_service.events.listeners.UserRegisteredListener.handleUserRegistered(java.util.Map<java.lang.String, java.lang.Object>)' threw exception
	at org.springframework.amqp.rabbit.listener.adapter.MessagingMessageListenerAdapter.invokeHandler(MessagingMessageListenerAdapter.java:283) ~[spring-rabbit-3.2.8.jar:3.2.8]
	at org.springframework.amqp.rabbit.listener.adapter.MessagingMessageListenerAdapter.invokeHandlerAndProcessResult(MessagingMessageListenerAdapter.java:221) ~[spring-rabbit-3.2.8.jar:3.2.8]
	at org.springframework.amqp.rabbit.listener.adapter.MessagingMessageListenerAdapter.onMessage(MessagingMessageListenerAdapter.java:148) ~[spring-rabbit-3.2.8.jar:3.2.8]
	at org.springframework.amqp.rabbit.listener.AbstractMessageListenerContainer.doInvokeListener(AbstractMessageListenerContainer.java:1694) ~[spring-rabbit-3.2.8.jar:3.2.8]
	at org.springframework.amqp.rabbit.listener.AbstractMessageListenerContainer.actualInvokeListener(AbstractMessageListenerContainer.java:1616) ~[spring-rabbit-3.2.8.jar:3.2.8]
	at org.springframework.amqp.rabbit.listener.AbstractMessageListenerContainer.invokeListener(AbstractMessageListenerContainer.java:1604) ~[spring-rabbit-3.2.8.jar:3.2.8]
	at org.springframework.amqp.rabbit.listener.AbstractMessageListenerContainer.doExecuteListener(AbstractMessageListenerContainer.java:1595) ~[spring-rabbit-3.2.8.jar:3.2.8]
	at org.springframework.amqp.rabbit.listener.AbstractMessageListenerContainer.executeListenerAndHandleException(AbstractMessageListenerContainer.java:1540) ~[spring-rabbit-3.2.8.jar:3.2.8]
	at org.springframework.amqp.rabbit.listener.AbstractMessageListenerContainer.executeListener(AbstractMessageListenerContainer.java:1521) ~[spring-rabbit-3.2.8.jar:3.2.8]
	at org.springframework.amqp.rabbit.listener.SimpleMessageListenerContainer.doReceiveAndExecute(SimpleMessageListenerContainer.java:1091) ~[spring-rabbit-3.2.8.jar:3.2.8]
	at org.springframework.amqp.rabbit.listener.SimpleMessageListenerContainer.receiveAndExecute(SimpleMessageListenerContainer.java:1027) ~[spring-rabbit-3.2.8.jar:3.2.8]
	at org.springframework.amqp.rabbit.listener.SimpleMessageListenerContainer$AsyncMessageProcessingConsumer.mainLoop(SimpleMessageListenerContainer.java:1431) ~[spring-rabbit-3.2.8.jar:3.2.8]
	at org.springframework.amqp.rabbit.listener.SimpleMessageListenerContainer$AsyncMessageProcessingConsumer.run(SimpleMessageListenerContainer.java:1331) ~[spring-rabbit-3.2.8.jar:3.2.8]
	at java.base/java.lang.Thread.run(Thread.java:1583) ~[na:na]
Caused by: java.lang.StringIndexOutOfBoundsException: Range [0, 18) out of bounds for length 17
	at java.base/jdk.internal.util.Preconditions$1.apply(Preconditions.java:55) ~[na:na]
	at java.base/jdk.internal.util.Preconditions$1.apply(Preconditions.java:52) ~[na:na]
	at java.base/jdk.internal.util.Preconditions$4.apply(Preconditions.java:213) ~[na:na]
	at java.base/jdk.internal.util.Preconditions$4.apply(Preconditions.java:210) ~[na:na]
	at java.base/jdk.internal.util.Preconditions.outOfBounds(Preconditions.java:98) ~[na:na]
	at java.base/jdk.internal.util.Preconditions.outOfBoundsCheckFromToIndex(Preconditions.java:112) ~[na:na]
	at java.base/jdk.internal.util.Preconditions.checkFromToIndex(Preconditions.java:349) ~[na:na]
	at java.base/java.lang.String.checkBoundsBeginEnd(String.java:4865) ~[na:na]
	at java.base/java.lang.String.substring(String.java:2834) ~[na:na]
	at com.sentinel.tenant_service.service.impl.TenantServiceImpl.generateSlug(TenantServiceImpl.java:296) ~[classes/:na]
	at com.sentinel.tenant_service.service.impl.TenantServiceImpl.createTenantForUser(TenantServiceImpl.java:91) ~[classes/:na]
	at java.base/jdk.internal.reflect.DirectMethodHandleAccessor.invoke(DirectMethodHandleAccessor.java:103) ~[na:na]
	at java.base/java.lang.reflect.Method.invoke(Method.java:580) ~[na:na]
	at org.springframework.aop.support.AopUtils.invokeJoinpointUsingReflection(AopUtils.java:360) ~[spring-aop-6.2.14.jar:6.2.14]
	at org.springframework.aop.framework.ReflectiveMethodInvocation.invokeJoinpoint(ReflectiveMethodInvocation.java:196) ~[spring-aop-6.2.14.jar:6.2.14]
	at org.springframework.aop.framework.ReflectiveMethodInvocation.proceed(ReflectiveMethodInvocation.java:163) ~[spring-aop-6.2.14.jar:6.2.14]
	at org.springframework.transaction.interceptor.TransactionAspectSupport.invokeWithinTransaction(TransactionAspectSupport.java:380) ~[spring-tx-6.2.14.jar:6.2.14]
	at org.springframework.transaction.interceptor.TransactionInterceptor.invoke(TransactionInterceptor.java:119) ~[spring-tx-6.2.14.jar:6.2.14]
	at org.springframework.aop.framework.ReflectiveMethodInvocation.proceed(ReflectiveMethodInvocation.java:184) ~[spring-aop-6.2.14.jar:6.2.14]
	at org.springframework.aop.framework.CglibAopProxy$DynamicAdvisedInterceptor.intercept(CglibAopProxy.java:728) ~[spring-aop-6.2.14.jar:6.2.14]
	at com.sentinel.tenant_service.service.impl.TenantServiceImpl$$SpringCGLIB$$0.createTenantForUser(<generated>) ~[classes/:na]
	at com.sentinel.tenant_service.events.listeners.UserRegisteredListener.handleUserRegistered(UserRegisteredListener.java:52) ~[classes/:na]
	at java.base/jdk.internal.reflect.DirectMethodHandleAccessor.invoke(DirectMethodHandleAccessor.java:103) ~[na:na]
	at java.base/java.lang.reflect.Method.invoke(Method.java:580) ~[na:na]
	at org.springframework.messaging.handler.invocation.InvocableHandlerMethod.doInvoke(InvocableHandlerMethod.java:169) ~[spring-messaging-6.2.14.jar:6.2.14]
	at org.springframework.amqp.rabbit.listener.adapter.KotlinAwareInvocableHandlerMethod.doInvoke(KotlinAwareInvocableHandlerMethod.java:45) ~[spring-rabbit-3.2.8.jar:3.2.8]
	at org.springframework.messaging.handler.invocation.InvocableHandlerMethod.invoke(InvocableHandlerMethod.java:119) ~[spring-messaging-6.2.14.jar:6.2.14]
	at org.springframework.amqp.rabbit.listener.adapter.HandlerAdapter.invoke(HandlerAdapter.java:80) ~[spring-rabbit-3.2.8.jar:3.2.8]
	at org.springframework.amqp.rabbit.listener.adapter.MessagingMessageListenerAdapter.invokeHandler(MessagingMessageListenerAdapter.java:274) ~[spring-rabbit-3.2.8.jar:3.2.8]
	... 13 common frames omitted

2025-12-02T19:39:22.618-05:00 DEBUG 124510 --- [tenant-service] [org.springframework.amqp.rabbit.RabbitListenerEndpointContainer#0-1] o.s.a.r.listener.BlockingQueueConsumer   : Rejecting messages (requeue=true)
2025-12-02T19:39:22.619-05:00 DEBUG 124510 --- [tenant-service] [pool-2-thread-4] o.s.a.r.listener.BlockingQueueConsumer   : Storing delivery for consumerTag: 'amq.ctag-cAqrhI9n0NxPX1HhqC9Csg' with deliveryTag: '1658' in Consumer@2baf9cd4: tags=[[amq.ctag-cAqrhI9n0NxPX1HhqC9Csg]], channel=Cached Rabbit Channel: AMQChannel(amqp://guest@127.0.0.1:5672/,1), conn: Proxy@ae449e7 Shared Rabbit Connection: SimpleConnection@15beb40b [delegate=amqp://guest@127.0.0.1:5672/, localPort=40784], acknowledgeMode=AUTO local queue size=0
2025-12-02T19:39:22.619-05:00 DEBUG 124510 --- [tenant-service] [org.springframework.amqp.rabbit.RabbitListenerEndpointContainer#0-1] o.s.a.r.listener.BlockingQueueConsumer   : Received message: (Body:'[B@50a81e3a(byte[176])' MessageProperties [headers={__ContentTypeId__=java.lang.Object, __KeyTypeId__=java.lang.Object, __TypeId__=java.util.HashMap}, contentType=application/json, contentEncoding=UTF-8, contentLength=0, receivedDeliveryMode=PERSISTENT, priority=0, redelivered=true, receivedExchange=auth-exchange, receivedRoutingKey=auth.user.registered, deliveryTag=1658, consumerTag=amq.ctag-cAqrhI9n0NxPX1HhqC9Csg, consumerQueue=auth.user.registered.queue])
2025-12-02T19:39:22.619-05:00 DEBUG 124510 --- [tenant-service] [org.springframework.amqp.rabbit.RabbitListenerEndpointContainer#0-1] .a.r.l.a.MessagingMessageListenerAdapter : Processing [GenericMessage [payload={globalRole=USER, eventType=auth.user.registered, userId=83278a9a-ba74-469a-994e-effb51d8837e, email=prueba@correo.com, timestamp=2025-12-02T19:33:08.964523491}, headers={amqp_receivedDeliveryMode=PERSISTENT, amqp_receivedExchange=auth-exchange, amqp_deliveryTag=1658, amqp_consumerQueue=auth.user.registered.queue, amqp_redelivered=true, __ContentTypeId__=java.lang.Object, amqp_receivedRoutingKey=auth.user.registered, amqp_contentEncoding=UTF-8, __KeyTypeId__=java.lang.Object, amqp_retryCount=0, id=07d9671f-2d5b-b238-a34f-0e9de7cc9a0e, amqp_consumerTag=amq.ctag-cAqrhI9n0NxPX1HhqC9Csg, amqp_lastInBatch=false, contentType=application/json, __TypeId__=java.util.HashMap, timestamp=1764722362619}]]
2025-12-02T19:39:22.619-05:00  INFO 124510 --- [tenant-service] [org.springframework.amqp.rabbit.RabbitListenerEndpointContainer#0-1] c.s.t.e.l.UserRegisteredListener         : Received auth.user.registered event: {globalRole=USER, eventType=auth.user.registered, userId=83278a9a-ba74-469a-994e-effb51d8837e, email=prueba@correo.com, timestamp=2025-12-02T19:33:08.964523491}
2025-12-02T19:39:22.619-05:00  INFO 124510 --- [tenant-service] [org.springframework.amqp.rabbit.RabbitListenerEndpointContainer#0-1] c.s.t.e.l.UserRegisteredListener         : Creating tenant for new user: prueba@correo.com (83278a9a-ba74-469a-994e-effb51d8837e)
2025-12-02T19:39:22.619-05:00  INFO 124510 --- [tenant-service] [org.springframework.amqp.rabbit.RabbitListenerEndpointContainer#0-1] c.s.t.service.impl.TenantServiceImpl     : Auto-creating tenant for new user: 83278a9a-ba74-469a-994e-effb51d8837e
2025-12-02T19:39:22.619-05:00 ERROR 124510 --- [tenant-service] [org.springframework.amqp.rabbit.RabbitListenerEndpointContainer#0-1] c.s.t.e.l.UserRegisteredListener         : Error processing auth.user.registered event: Range [0, 18) out of bounds for length 17

java.lang.StringIndexOutOfBoundsException: Range [0, 18) out of bounds for length 17
	at java.base/jdk.internal.util.Preconditions$1.apply(Preconditions.java:55) ~[na:na]
	at java.base/jdk.internal.util.Preconditions$1.apply(Preconditions.java:52) ~[na:na]
	at java.base/jdk.internal.util.Preconditions$4.apply(Preconditions.java:213) ~[na:na]
	at java.base/jdk.internal.util.Preconditions$4.apply(Preconditions.java:210) ~[na:na]
	at java.base/jdk.internal.util.Preconditions.outOfBounds(Preconditions.java:98) ~[na:na]
	at java.base/jdk.internal.util.Preconditions.outOfBoundsCheckFromToIndex(Preconditions.java:112) ~[na:na]
	at java.base/jdk.internal.util.Preconditions.checkFromToIndex(Preconditions.java:349) ~[na:na]
	at java.base/java.lang.String.checkBoundsBeginEnd(String.java:4865) ~[na:na]
	at java.base/java.lang.String.substring(String.java:2834) ~[na:na]
	at com.sentinel.tenant_service.service.impl.TenantServiceImpl.generateSlug(TenantServiceImpl.java:296) ~[classes/:na]
	at com.sentinel.tenant_service.service.impl.TenantServiceImpl.createTenantForUser(TenantServiceImpl.java:91) ~[classes/:na]
	at java.base/jdk.internal.reflect.DirectMethodHandleAccessor.invoke(DirectMethodHandleAccessor.java:103) ~[na:na]
	at java.base/java.lang.reflect.Method.invoke(Method.java:580) ~[na:na]
	at org.springframework.aop.support.AopUtils.invokeJoinpointUsingReflection(AopUtils.java:360) ~[spring-aop-6.2.14.jar:6.2.14]
	at org.springframework.aop.framework.ReflectiveMethodInvocation.invokeJoinpoint(ReflectiveMethodInvocation.java:196) ~[spring-aop-6.2.14.jar:6.2.14]
	at org.springframework.aop.framework.ReflectiveMethodInvocation.proceed(ReflectiveMethodInvocation.java:163) ~[spring-aop-6.2.14.jar:6.2.14]
	at org.springframework.transaction.interceptor.TransactionAspectSupport.invokeWithinTransaction(TransactionAspectSupport.java:380) ~[spring-tx-6.2.14.jar:6.2.14]
	at org.springframework.transaction.interceptor.TransactionInterceptor.invoke(TransactionInterceptor.java:119) ~[spring-tx-6.2.14.jar:6.2.14]
	at org.springframework.aop.framework.ReflectiveMethodInvocation.proceed(ReflectiveMethodInvocation.java:184) ~[spring-aop-6.2.14.jar:6.2.14]
	at org.springframework.aop.framework.CglibAopProxy$DynamicAdvisedInterceptor.intercept(CglibAopProxy.java:728) ~[spring-aop-6.2.14.jar:6.2.14]
	at com.sentinel.tenant_service.service.impl.TenantServiceImpl$$SpringCGLIB$$0.createTenantForUser(<generated>) ~[classes/:na]
	at com.sentinel.tenant_service.events.listeners.UserRegisteredListener.handleUserRegistered(UserRegisteredListener.java:52) ~[classes/:na]
	at java.base/jdk.internal.reflect.DirectMethodHandleAccessor.invoke(DirectMethodHandleAccessor.java:103) ~[na:na]
	at java.base/java.lang.reflect.Method.invoke(Method.java:580) ~[na:na]
	at org.springframework.messaging.handler.invocation.InvocableHandlerMethod.doInvoke(InvocableHandlerMethod.java:169) ~[spring-messaging-6.2.14.jar:6.2.14]
	at org.springframework.amqp.rabbit.listener.adapter.KotlinAwareInvocableHandlerMethod.doInvoke(KotlinAwareInvocableHandlerMethod.java:45) ~[spring-rabbit-3.2.8.jar:3.2.8]
	at org.springframework.messaging.handler.invocation.InvocableHandlerMethod.invoke(InvocableHandlerMethod.java:119) ~[spring-messaging-6.2.14.jar:6.2.14]
	at org.springframework.amqp.rabbit.listener.adapter.HandlerAdapter.invoke(HandlerAdapter.java:80) ~[spring-rabbit-3.2.8.jar:3.2.8]
	at org.springframework.amqp.rabbit.listener.adapter.MessagingMessageListenerAdapter.invokeHandler(MessagingMessageListenerAdapter.java:274) ~[spring-rabbit-3.2.8.jar:3.2.8]
	at org.springframework.amqp.rabbit.listener.adapter.MessagingMessageListenerAdapter.invokeHandlerAndProcessResult(MessagingMessageListenerAdapter.java:221) ~[spring-rabbit-3.2.8.jar:3.2.8]
	at org.springframework.amqp.rabbit.listener.adapter.MessagingMessageListenerAdapter.onMessage(MessagingMessageListenerAdapter.java:148) ~[spring-rabbit-3.2.8.jar:3.2.8]
	at org.springframework.amqp.rabbit.listener.AbstractMessageListenerContainer.doInvokeListener(AbstractMessageListenerContainer.java:1694) ~[spring-rabbit-3.2.8.jar:3.2.8]
	at org.springframework.amqp.rabbit.listener.AbstractMessageListenerContainer.actualInvokeListener(AbstractMessageListenerContainer.java:1616) ~[spring-rabbit-3.2.8.jar:3.2.8]
	at org.springframework.amqp.rabbit.listener.AbstractMessageListenerContainer.invokeListener(AbstractMessageListenerContainer.java:1604) ~[spring-rabbit-3.2.8.jar:3.2.8]
	at org.springframework.amqp.rabbit.listener.AbstractMessageListenerContainer.doExecuteListener(AbstractMessageListenerContainer.java:1595) ~[spring-rabbit-3.2.8.jar:3.2.8]
	at org.springframework.amqp.rabbit.listener.AbstractMessageListenerContainer.executeListenerAndHandleException(AbstractMessageListenerContainer.java:1540) ~[spring-rabbit-3.2.8.jar:3.2.8]
	at org.springframework.amqp.rabbit.listener.AbstractMessageListenerContainer.executeListener(AbstractMessageListenerContainer.java:1521) ~[spring-rabbit-3.2.8.jar:3.2.8]
	at org.springframework.amqp.rabbit.listener.SimpleMessageListenerContainer.doReceiveAndExecute(SimpleMessageListenerContainer.java:1091) ~[spring-rabbit-3.2.8.jar:3.2.8]
	at org.springframework.amqp.rabbit.listener.SimpleMessageListenerContainer.receiveAndExecute(SimpleMessageListenerContainer.java:1027) ~[spring-rabbit-3.2.8.jar:3.2.8]
	at org.springframework.amqp.rabbit.listener.SimpleMessageListenerContainer$AsyncMessageProcessingConsumer.mainLoop(SimpleMessageListenerContainer.java:1431) ~[spring-rabbit-3.2.8.jar:3.2.8]
	at org.springframework.amqp.rabbit.listener.SimpleMessageListenerContainer$AsyncMessageProcessingConsumer.run(SimpleMessageListenerContainer.java:1331) ~[spring-rabbit-3.2.8.jar:3.2.8]
	at java.base/java.lang.Thread.run(Thread.java:1583) ~[na:na]

2025-12-02T19:39:22.619-05:00  WARN 124510 --- [tenant-service] [org.springframework.amqp.rabbit.RabbitListenerEndpointContainer#0-1] s.a.r.l.ConditionalRejectingErrorHandler : Execution of Rabbit message listener failed.

org.springframework.amqp.rabbit.support.ListenerExecutionFailedException: Listener method 'public void com.sentinel.tenant_service.events.listeners.UserRegisteredListener.handleUserRegistered(java.util.Map<java.lang.String, java.lang.Object>)' threw exception
	at org.springframework.amqp.rabbit.listener.adapter.MessagingMessageListenerAdapter.invokeHandler(MessagingMessageListenerAdapter.java:283) ~[spring-rabbit-3.2.8.jar:3.2.8]
	at org.springframework.amqp.rabbit.listener.adapter.MessagingMessageListenerAdapter.invokeHandlerAndProcessResult(MessagingMessageListenerAdapter.java:221) ~[spring-rabbit-3.2.8.jar:3.2.8]
	at org.springframework.amqp.rabbit.listener.adapter.MessagingMessageListenerAdapter.onMessage(MessagingMessageListenerAdapter.java:148) ~[spring-rabbit-3.2.8.jar:3.2.8]
	at org.springframework.amqp.rabbit.listener.AbstractMessageListenerContainer.doInvokeListener(AbstractMessageListenerContainer.java:1694) ~[spring-rabbit-3.2.8.jar:3.2.8]
	at org.springframework.amqp.rabbit.listener.AbstractMessageListenerContainer.actualInvokeListener(AbstractMessageListenerContainer.java:1616) ~[spring-rabbit-3.2.8.jar:3.2.8]
	at org.springframework.amqp.rabbit.listener.AbstractMessageListenerContainer.invokeListener(AbstractMessageListenerContainer.java:1604) ~[spring-rabbit-3.2.8.jar:3.2.8]
	at org.springframework.amqp.rabbit.listener.AbstractMessageListenerContainer.doExecuteListener(AbstractMessageListenerContainer.java:1595) ~[spring-rabbit-3.2.8.jar:3.2.8]
	at org.springframework.amqp.rabbit.listener.AbstractMessageListenerContainer.executeListenerAndHandleException(AbstractMessageListenerContainer.java:1540) ~[spring-rabbit-3.2.8.jar:3.2.8]
	at org.springframework.amqp.rabbit.listener.AbstractMessageListenerContainer.executeListener(AbstractMessageListenerContainer.java:1521) ~[spring-rabbit-3.2.8.jar:3.2.8]
	at org.springframework.amqp.rabbit.listener.SimpleMessageListenerContainer.doReceiveAndExecute(SimpleMessageListenerContainer.java:1091) ~[spring-rabbit-3.2.8.jar:3.2.8]
	at org.springframework.amqp.rabbit.listener.SimpleMessageListenerContainer.receiveAndExecute(SimpleMessageListenerContainer.java:1027) ~[spring-rabbit-3.2.8.jar:3.2.8]
	at org.springframework.amqp.rabbit.listener.SimpleMessageListenerContainer$AsyncMessageProcessingConsumer.mainLoop(SimpleMessageListenerContainer.java:1431) ~[spring-rabbit-3.2.8.jar:3.2.8]
	at org.springframework.amqp.rabbit.listener.SimpleMessageListenerContainer$AsyncMessageProcessingConsumer.run(SimpleMessageListenerContainer.java:1331) ~[spring-rabbit-3.2.8.jar:3.2.8]
	at java.base/java.lang.Thread.run(Thread.java:1583) ~[na:na]
Caused by: java.lang.StringIndexOutOfBoundsException: Range [0, 18) out of bounds for length 17
	at java.base/jdk.internal.util.Preconditions$1.apply(Preconditions.java:55) ~[na:na]
	at java.base/jdk.internal.util.Preconditions$1.apply(Preconditions.java:52) ~[na:na]
	at java.base/jdk.internal.util.Preconditions$4.apply(Preconditions.java:213) ~[na:na]
	at java.base/jdk.internal.util.Preconditions$4.apply(Preconditions.java:210) ~[na:na]
	at java.base/jdk.internal.util.Preconditions.outOfBounds(Preconditions.java:98) ~[na:na]
	at java.base/jdk.internal.util.Preconditions.outOfBoundsCheckFromToIndex(Preconditions.java:112) ~[na:na]
	at java.base/jdk.internal.util.Preconditions.checkFromToIndex(Preconditions.java:349) ~[na:na]
	at java.base/java.lang.String.checkBoundsBeginEnd(String.java:4865) ~[na:na]
	at java.base/java.lang.String.substring(String.java:2834) ~[na:na]
	at com.sentinel.tenant_service.service.impl.TenantServiceImpl.generateSlug(TenantServiceImpl.java:296) ~[classes/:na]
	at com.sentinel.tenant_service.service.impl.TenantServiceImpl.createTenantForUser(TenantServiceImpl.java:91) ~[classes/:na]
	at java.base/jdk.internal.reflect.DirectMethodHandleAccessor.invoke(DirectMethodHandleAccessor.java:103) ~[na:na]
	at java.base/java.lang.reflect.Method.invoke(Method.java:580) ~[na:na]
	at org.springframework.aop.support.AopUtils.invokeJoinpointUsingReflection(AopUtils.java:360) ~[spring-aop-6.2.14.jar:6.2.14]
	at org.springframework.aop.framework.ReflectiveMethodInvocation.invokeJoinpoint(ReflectiveMethodInvocation.java:196) ~[spring-aop-6.2.14.jar:6.2.14]
	at org.springframework.aop.framework.ReflectiveMethodInvocation.proceed(ReflectiveMethodInvocation.java:163) ~[spring-aop-6.2.14.jar:6.2.14]
	at org.springframework.transaction.interceptor.TransactionAspectSupport.invokeWithinTransaction(TransactionAspectSupport.java:380) ~[spring-tx-6.2.14.jar:6.2.14]
	at org.springframework.transaction.interceptor.TransactionInterceptor.invoke(TransactionInterceptor.java:119) ~[spring-tx-6.2.14.jar:6.2.14]
	at org.springframework.aop.framework.ReflectiveMethodInvocation.proceed(ReflectiveMethodInvocation.java:184) ~[spring-aop-6.2.14.jar:6.2.14]
	at org.springframework.aop.framework.CglibAopProxy$DynamicAdvisedInterceptor.intercept(CglibAopProxy.java:728) ~[spring-aop-6.2.14.jar:6.2.14]
	at com.sentinel.tenant_service.service.impl.TenantServiceImpl$$SpringCGLIB$$0.createTenantForUser(<generated>) ~[classes/:na]
	at com.sentinel.tenant_service.events.listeners.UserRegisteredListener.handleUserRegistered(UserRegisteredListener.java:52) ~[classes/:na]
	at java.base/jdk.internal.reflect.DirectMethodHandleAccessor.invoke(DirectMethodHandleAccessor.java:103) ~[na:na]
	at java.base/java.lang.reflect.Method.invoke(Method.java:580) ~[na:na]
	at org.springframework.messaging.handler.invocation.InvocableHandlerMethod.doInvoke(InvocableHandlerMethod.java:169) ~[spring-messaging-6.2.14.jar:6.2.14]
	at org.springframework.amqp.rabbit.listener.adapter.KotlinAwareInvocableHandlerMethod.doInvoke(KotlinAwareInvocableHandlerMethod.java:45) ~[spring-rabbit-3.2.8.jar:3.2.8]
	at org.springframework.messaging.handler.invocation.InvocableHandlerMethod.invoke(InvocableHandlerMethod.java:119) ~[spring-messaging-6.2.14.jar:6.2.14]
	at org.springframework.amqp.rabbit.listener.adapter.HandlerAdapter.invoke(HandlerAdapter.java:80) ~[spring-rabbit-3.2.8.jar:3.2.8]
	at org.springframework.amqp.rabbit.listener.adapter.MessagingMessageListenerAdapter.invokeHandler(MessagingMessageListenerAdapter.java:274) ~[spring-rabbit-3.2.8.jar:3.2.8]
	... 13 common frames omitted

2025-12-02T19:39:22.619-05:00 DEBUG 124510 --- [tenant-service] [org.springframework.amqp.rabbit.RabbitListenerEndpointContainer#0-1] o.s.a.r.listener.BlockingQueueConsumer   : Rejecting messages (requeue=true)
2025-12-02T19:39:22.620-05:00 DEBUG 124510 --- [tenant-service] [pool-2-thread-5] o.s.a.r.listener.BlockingQueueConsumer   : Storing delivery for consumerTag: 'amq.ctag-cAqrhI9n0NxPX1HhqC9Csg' with deliveryTag: '1659' in Consumer@2baf9cd4: tags=[[amq.ctag-cAqrhI9n0NxPX1HhqC9Csg]], channel=Cached Rabbit Channel: AMQChannel(amqp://guest@127.0.0.1:5672/,1), conn: Proxy@ae449e7 Shared Rabbit Connection: SimpleConnection@15beb40b [delegate=amqp://guest@127.0.0.1:5672/, localPort=40784], acknowledgeMode=AUTO local queue size=0
2025-12-02T19:39:22.620-05:00 DEBUG 124510 --- [tenant-service] [org.springframework.amqp.rabbit.RabbitListenerEndpointContainer#0-1] o.s.a.r.listener.BlockingQueueConsumer   : Received message: (Body:'[B@1f1631fd(byte[176])' MessageProperties [headers={__ContentTypeId__=java.lang.Object, __KeyTypeId__=java.lang.Object, __TypeId__=java.util.HashMap}, contentType=application/json, contentEncoding=UTF-8, contentLength=0, receivedDeliveryMode=PERSISTENT, priority=0, redelivered=true, receivedExchange=auth-exchange, receivedRoutingKey=auth.user.registered, deliveryTag=1659, consumerTag=amq.ctag-cAqrhI9n0NxPX1HhqC9Csg, consumerQueue=auth.user.registered.queue])
2025-12-02T19:39:22.620-05:00 DEBUG 124510 --- [tenant-service] [org.springframework.amqp.rabbit.RabbitListenerEndpointContainer#0-1] .a.r.l.a.MessagingMessageListenerAdapter : Processing [GenericMessage [payload={globalRole=USER, eventType=auth.user.registered, userId=83278a9a-ba74-469a-994e-effb51d8837e, email=prueba@correo.com, timestamp=2025-12-02T19:33:08.964523491}, headers={amqp_receivedDeliveryMode=PERSISTENT, amqp_receivedExchange=auth-exchange, amqp_deliveryTag=1659, amqp_consumerQueue=auth.user.registered.queue, amqp_redelivered=true, __ContentTypeId__=java.lang.Object, amqp_receivedRoutingKey=auth.user.registered, amqp_contentEncoding=UTF-8, __KeyTypeId__=java.lang.Object, amqp_retryCount=0, id=cc7c7a60-7916-b13e-7624-1f12ea76747f, amqp_consumerTag=amq.ctag-cAqrhI9n0NxPX1HhqC9Csg, amqp_lastInBatch=false, contentType=application/json, __TypeId__=java.util.HashMap, timestamp=1764722362620}]]
2025-12-02T19:39:22.620-05:00  INFO 124510 --- [tenant-service] [org.springframework.amqp.rabbit.RabbitListenerEndpointContainer#0-1] c.s.t.e.l.UserRegisteredListener         : Received auth.user.registered event: {globalRole=USER, eventType=auth.user.registered, userId=83278a9a-ba74-469a-994e-effb51d8837e, email=prueba@correo.com, timestamp=2025-12-02T19:33:08.964523491}
2025-12-02T19:39:22.620-05:00  INFO 124510 --- [tenant-service] [org.springframework.amqp.rabbit.RabbitListenerEndpointContainer#0-1] c.s.t.e.l.UserRegisteredListener         : Creating tenant for new user: prueba@correo.com (83278a9a-ba74-469a-994e-effb51d8837e)
2025-12-02T19:39:22.620-05:00  INFO 124510 --- [tenant-service] [org.springframework.amqp.rabbit.RabbitListenerEndpointContainer#0-1] c.s.t.service.impl.TenantServiceImpl     : Auto-creating tenant for new user: 83278a9a-ba74-469a-994e-effb51d8837e
2025-12-02T19:39:22.620-05:00 ERROR 124510 --- [tenant-service] [org.springframework.amqp.rabbit.RabbitListenerEndpointContainer#0-1] c.s.t.e.l.UserRegisteredListener         : Error processing auth.user.registered event: Range [0, 18) out of bounds for length 17

java.lang.StringIndexOutOfBoundsException: Range [0, 18) out of bounds for length 17
	at java.base/jdk.internal.util.Preconditions$1.apply(Preconditions.java:55) ~[na:na]
	at java.base/jdk.internal.util.Preconditions$1.apply(Preconditions.java:52) ~[na:na]
	at java.base/jdk.internal.util.Preconditions$4.apply(Preconditions.java:213) ~[na:na]
	at java.base/jdk.internal.util.Preconditions$4.apply(Preconditions.java:210) ~[na:na]
	at java.base/jdk.internal.util.Preconditions.outOfBounds(Preconditions.java:98) ~[na:na]
	at java.base/jdk.internal.util.Preconditions.outOfBoundsCheckFromToIndex(Preconditions.java:112) ~[na:na]
	at java.base/jdk.internal.util.Preconditions.checkFromToIndex(Preconditions.java:349) ~[na:na]
	at java.base/java.lang.String.checkBoundsBeginEnd(String.java:4865) ~[na:na]
	at java.base/java.lang.String.substring(String.java:2834) ~[na:na]
	at com.sentinel.tenant_service.service.impl.TenantServiceImpl.generateSlug(TenantServiceImpl.java:296) ~[classes/:na]
	at com.sentinel.tenant_service.service.impl.TenantServiceImpl.createTenantForUser(TenantServiceImpl.java:91) ~[classes/:na]
	at java.base/jdk.internal.reflect.DirectMethodHandleAccessor.invoke(DirectMethodHandleAccessor.java:103) ~[na:na]
	at java.base/java.lang.reflect.Method.invoke(Method.java:580) ~[na:na]
	at org.springframework.aop.support.AopUtils.invokeJoinpointUsingReflection(AopUtils.java:360) ~[spring-aop-6.2.14.jar:6.2.14]
	at org.springframework.aop.framework.ReflectiveMethodInvocation.invokeJoinpoint(ReflectiveMethodInvocation.java:196) ~[spring-aop-6.2.14.jar:6.2.14]
	at org.springframework.aop.framework.ReflectiveMethodInvocation.proceed(ReflectiveMethodInvocation.java:163) ~[spring-aop-6.2.14.jar:6.2.14]
	at org.springframework.transaction.interceptor.TransactionAspectSupport.invokeWithinTransaction(TransactionAspectSupport.java:380) ~[spring-tx-6.2.14.jar:6.2.14]
	at org.springframework.transaction.interceptor.TransactionInterceptor.invoke(TransactionInterceptor.java:119) ~[spring-tx-6.2.14.jar:6.2.14]
	at org.springframework.aop.framework.ReflectiveMethodInvocation.proceed(ReflectiveMethodInvocation.java:184) ~[spring-aop-6.2.14.jar:6.2.14]
	at org.springframework.aop.framework.CglibAopProxy$DynamicAdvisedInterceptor.intercept(CglibAopProxy.java:728) ~[spring-aop-6.2.14.jar:6.2.14]
	at com.sentinel.tenant_service.service.impl.TenantServiceImpl$$SpringCGLIB$$0.createTenantForUser(<generated>) ~[classes/:na]
	at com.sentinel.tenant_service.events.listeners.UserRegisteredListener.handleUserRegistered(UserRegisteredListener.java:52) ~[classes/:na]
	at java.base/jdk.internal.reflect.DirectMethodHandleAccessor.invoke(DirectMethodHandleAccessor.java:103) ~[na:na]
	at java.base/java.lang.reflect.Method.invoke(Method.java:580) ~[na:na]
	at org.springframework.messaging.handler.invocation.InvocableHandlerMethod.doInvoke(InvocableHandlerMethod.java:169) ~[spring-messaging-6.2.14.jar:6.2.14]
	at org.springframework.amqp.rabbit.listener.adapter.KotlinAwareInvocableHandlerMethod.doInvoke(KotlinAwareInvocableHandlerMethod.java:45) ~[spring-rabbit-3.2.8.jar:3.2.8]
	at org.springframework.messaging.handler.invocation.InvocableHandlerMethod.invoke(InvocableHandlerMethod.java:119) ~[spring-messaging-6.2.14.jar:6.2.14]
	at org.springframework.amqp.rabbit.listener.adapter.HandlerAdapter.invoke(HandlerAdapter.java:80) ~[spring-rabbit-3.2.8.jar:3.2.8]
	at org.springframework.amqp.rabbit.listener.adapter.MessagingMessageListenerAdapter.invokeHandler(MessagingMessageListenerAdapter.java:274) ~[spring-rabbit-3.2.8.jar:3.2.8]
	at org.springframework.amqp.rabbit.listener.adapter.MessagingMessageListenerAdapter.invokeHandlerAndProcessResult(MessagingMessageListenerAdapter.java:221) ~[spring-rabbit-3.2.8.jar:3.2.8]
	at org.springframework.amqp.rabbit.listener.adapter.MessagingMessageListenerAdapter.onMessage(MessagingMessageListenerAdapter.java:148) ~[spring-rabbit-3.2.8.jar:3.2.8]
	at org.springframework.amqp.rabbit.listener.AbstractMessageListenerContainer.doInvokeListener(AbstractMessageListenerContainer.java:1694) ~[spring-rabbit-3.2.8.jar:3.2.8]
	at org.springframework.amqp.rabbit.listener.AbstractMessageListenerContainer.actualInvokeListener(AbstractMessageListenerContainer.java:1616) ~[spring-rabbit-3.2.8.jar:3.2.8]
	at org.springframework.amqp.rabbit.listener.AbstractMessageListenerContainer.invokeListener(AbstractMessageListenerContainer.java:1604) ~[spring-rabbit-3.2.8.jar:3.2.8]
	at org.springframework.amqp.rabbit.listener.AbstractMessageListenerContainer.doExecuteListener(AbstractMessageListenerContainer.java:1595) ~[spring-rabbit-3.2.8.jar:3.2.8]
	at org.springframework.amqp.rabbit.listener.AbstractMessageListenerContainer.executeListenerAndHandleException(AbstractMessageListenerContainer.java:1540) ~[spring-rabbit-3.2.8.jar:3.2.8]
	at org.springframework.amqp.rabbit.listener.AbstractMessageListenerContainer.executeListener(AbstractMessageListenerContainer.java:1521) ~[spring-rabbit-3.2.8.jar:3.2.8]
	at org.springframework.amqp.rabbit.listener.SimpleMessageListenerContainer.doReceiveAndExecute(SimpleMessageListenerContainer.java:1091) ~[spring-rabbit-3.2.8.jar:3.2.8]
	at org.springframework.amqp.rabbit.listener.SimpleMessageListenerContainer.receiveAndExecute(SimpleMessageListenerContainer.java:1027) ~[spring-rabbit-3.2.8.jar:3.2.8]
	at org.springframework.amqp.rabbit.listener.SimpleMessageListenerContainer$AsyncMessageProcessingConsumer.mainLoop(SimpleMessageListenerContainer.java:1431) ~[spring-rabbit-3.2.8.jar:3.2.8]
	at org.springframework.amqp.rabbit.listener.SimpleMessageListenerContainer$AsyncMessageProcessingConsumer.run(SimpleMessageListenerContainer.java:1331) ~[spring-rabbit-3.2.8.jar:3.2.8]
	at java.base/java.lang.Thread.run(Thread.java:1583) ~[na:na]

2025-12-02T19:39:22.621-05:00  WARN 124510 --- [tenant-service] [org.springframework.amqp.rabbit.RabbitListenerEndpointContainer#0-1] s.a.r.l.ConditionalRejectingErrorHandler : Execution of Rabbit message listener failed.

org.springframework.amqp.rabbit.support.ListenerExecutionFailedException: Listener method 'public void com.sentinel.tenant_service.events.listeners.UserRegisteredListener.handleUserRegistered(java.util.Map<java.lang.String, java.lang.Object>)' threw exception
	at org.springframework.amqp.rabbit.listener.adapter.MessagingMessageListenerAdapter.invokeHandler(MessagingMessageListenerAdapter.java:283) ~[spring-rabbit-3.2.8.jar:3.2.8]
	at org.springframework.amqp.rabbit.listener.adapter.MessagingMessageListenerAdapter.invokeHandlerAndProcessResult(MessagingMessageListenerAdapter.java:221) ~[spring-rabbit-3.2.8.jar:3.2.8]
	at org.springframework.amqp.rabbit.listener.adapter.MessagingMessageListenerAdapter.onMessage(MessagingMessageListenerAdapter.java:148) ~[spring-rabbit-3.2.8.jar:3.2.8]
	at org.springframework.amqp.rabbit.listener.AbstractMessageListenerContainer.doInvokeListener(AbstractMessageListenerContainer.java:1694) ~[spring-rabbit-3.2.8.jar:3.2.8]
	at org.springframework.amqp.rabbit.listener.AbstractMessageListenerContainer.actualInvokeListener(AbstractMessageListenerContainer.java:1616) ~[spring-rabbit-3.2.8.jar:3.2.8]
	at org.springframework.amqp.rabbit.listener.AbstractMessageListenerContainer.invokeListener(AbstractMessageListenerContainer.java:1604) ~[spring-rabbit-3.2.8.jar:3.2.8]
	at org.springframework.amqp.rabbit.listener.AbstractMessageListenerContainer.doExecuteListener(AbstractMessageListenerContainer.java:1595) ~[spring-rabbit-3.2.8.jar:3.2.8]
	at org.springframework.amqp.rabbit.listener.AbstractMessageListenerContainer.executeListenerAndHandleException(AbstractMessageListenerContainer.java:1540) ~[spring-rabbit-3.2.8.jar:3.2.8]
	at org.springframework.amqp.rabbit.listener.AbstractMessageListenerContainer.executeListener(AbstractMessageListenerContainer.java:1521) ~[spring-rabbit-3.2.8.jar:3.2.8]
	at org.springframework.amqp.rabbit.listener.SimpleMessageListenerContainer.doReceiveAndExecute(SimpleMessageListenerContainer.java:1091) ~[spring-rabbit-3.2.8.jar:3.2.8]
	at org.springframework.amqp.rabbit.listener.SimpleMessageListenerContainer.receiveAndExecute(SimpleMessageListenerContainer.java:1027) ~[spring-rabbit-3.2.8.jar:3.2.8]
	at org.springframework.amqp.rabbit.listener.SimpleMessageListenerContainer$AsyncMessageProcessingConsumer.mainLoop(SimpleMessageListenerContainer.java:1431) ~[spring-rabbit-3.2.8.jar:3.2.8]
	at org.springframework.amqp.rabbit.listener.SimpleMessageListenerContainer$AsyncMessageProcessingConsumer.run(SimpleMessageListenerContainer.java:1331) ~[spring-rabbit-3.2.8.jar:3.2.8]
	at java.base/java.lang.Thread.run(Thread.java:1583) ~[na:na]
Caused by: java.lang.StringIndexOutOfBoundsException: Range [0, 18) out of bounds for length 17
	at java.base/jdk.internal.util.Preconditions$1.apply(Preconditions.java:55) ~[na:na]
	at java.base/jdk.internal.util.Preconditions$1.apply(Preconditions.java:52) ~[na:na]
	at java.base/jdk.internal.util.Preconditions$4.apply(Preconditions.java:213) ~[na:na]
	at java.base/jdk.internal.util.Preconditions$4.apply(Preconditions.java:210) ~[na:na]
	at java.base/jdk.internal.util.Preconditions.outOfBounds(Preconditions.java:98) ~[na:na]
	at java.base/jdk.internal.util.Preconditions.outOfBoundsCheckFromToIndex(Preconditions.java:112) ~[na:na]
	at java.base/jdk.internal.util.Preconditions.checkFromToIndex(Preconditions.java:349) ~[na:na]
	at java.base/java.lang.String.checkBoundsBeginEnd(String.java:4865) ~[na:na]
	at java.base/java.lang.String.substring(String.java:2834) ~[na:na]
	at com.sentinel.tenant_service.service.impl.TenantServiceImpl.generateSlug(TenantServiceImpl.java:296) ~[classes/:na]
	at com.sentinel.tenant_service.service.impl.TenantServiceImpl.createTenantForUser(TenantServiceImpl.java:91) ~[classes/:na]
	at java.base/jdk.internal.reflect.DirectMethodHandleAccessor.invoke(DirectMethodHandleAccessor.java:103) ~[na:na]
	at java.base/java.lang.reflect.Method.invoke(Method.java:580) ~[na:na]
	at org.springframework.aop.support.AopUtils.invokeJoinpointUsingReflection(AopUtils.java:360) ~[spring-aop-6.2.14.jar:6.2.14]
	at org.springframework.aop.framework.ReflectiveMethodInvocation.invokeJoinpoint(ReflectiveMethodInvocation.java:196) ~[spring-aop-6.2.14.jar:6.2.14]
	at org.springframework.aop.framework.ReflectiveMethodInvocation.proceed(ReflectiveMethodInvocation.java:163) ~[spring-aop-6.2.14.jar:6.2.14]
	at org.springframework.transaction.interceptor.TransactionAspectSupport.invokeWithinTransaction(TransactionAspectSupport.java:380) ~[spring-tx-6.2.14.jar:6.2.14]
	at org.springframework.transaction.interceptor.TransactionInterceptor.invoke(TransactionInterceptor.java:119) ~[spring-tx-6.2.14.jar:6.2.14]
	at org.springframework.aop.framework.ReflectiveMethodInvocation.proceed(ReflectiveMethodInvocation.java:184) ~[spring-aop-6.2.14.jar:6.2.14]
	at org.springframework.aop.framework.CglibAopProxy$DynamicAdvisedInterceptor.intercept(CglibAopProxy.java:728) ~[spring-aop-6.2.14.jar:6.2.14]
	at com.sentinel.tenant_service.service.impl.TenantServiceImpl$$SpringCGLIB$$0.createTenantForUser(<generated>) ~[classes/:na]
	at com.sentinel.tenant_service.events.listeners.UserRegisteredListener.handleUserRegistered(UserRegisteredListener.java:52) ~[classes/:na]
	at java.base/jdk.internal.reflect.DirectMethodHandleAccessor.invoke(DirectMethodHandleAccessor.java:103) ~[na:na]
	at java.base/java.lang.reflect.Method.invoke(Method.java:580) ~[na:na]
	at org.springframework.messaging.handler.invocation.InvocableHandlerMethod.doInvoke(InvocableHandlerMethod.java:169) ~[spring-messaging-6.2.14.jar:6.2.14]
	at org.springframework.amqp.rabbit.listener.adapter.KotlinAwareInvocableHandlerMethod.doInvoke(KotlinAwareInvocableHandlerMethod.java:45) ~[spring-rabbit-3.2.8.jar:3.2.8]
	at org.springframework.messaging.handler.invocation.InvocableHandlerMethod.invoke(InvocableHandlerMethod.java:119) ~[spring-messaging-6.2.14.jar:6.2.14]
	at org.springframework.amqp.rabbit.listener.adapter.HandlerAdapter.invoke(HandlerAdapter.java:80) ~[spring-rabbit-3.2.8.jar:3.2.8]
	at org.springframework.amqp.rabbit.listener.adapter.MessagingMessageListenerAdapter.invokeHandler(MessagingMessageListenerAdapter.java:274) ~[spring-rabbit-3.2.8.jar:3.2.8]
	... 13 common frames omitted

2025-12-02T19:39:22.621-05:00 DEBUG 124510 --- [tenant-service] [org.springframework.amqp.rabbit.RabbitListenerEndpointContainer#0-1] o.s.a.r.listener.BlockingQueueConsumer   : Rejecting messages (requeue=true)
2025-12-02T19:39:22.621-05:00 DEBUG 124510 --- [tenant-service] [pool-2-thread-6] o.s.a.r.listener.BlockingQueueConsumer   : Storing delivery for consumerTag: 'amq.ctag-cAqrhI9n0NxPX1HhqC9Csg' with deliveryTag: '1660' in Consumer@2baf9cd4: tags=[[amq.ctag-cAqrhI9n0NxPX1HhqC9Csg]], channel=Cached Rabbit Channel: AMQChannel(amqp://guest@127.0.0.1:5672/,1), conn: Proxy@ae449e7 Shared Rabbit Connection: SimpleConnection@15beb40b [delegate=amqp://guest@127.0.0.1:5672/, localPort=40784], acknowledgeMode=AUTO local queue size=0
2025-12-02T19:39:22.621-05:00 DEBUG 124510 --- [tenant-service] [org.springframework.amqp.rabbit.RabbitListenerEndpointContainer#0-1] o.s.a.r.listener.BlockingQueueConsumer   : Received message: (Body:'[B@86417bb(byte[176])' MessageProperties [headers={__ContentTypeId__=java.lang.Object, __KeyTypeId__=java.lang.Object, __TypeId__=java.util.HashMap}, contentType=application/json, contentEncoding=UTF-8, contentLength=0, receivedDeliveryMode=PERSISTENT, priority=0, redelivered=true, receivedExchange=auth-exchange, receivedRoutingKey=auth.user.registered, deliveryTag=1660, consumerTag=amq.ctag-cAqrhI9n0NxPX1HhqC9Csg, consumerQueue=auth.user.registered.queue])
2025-12-02T19:39:22.621-05:00 DEBUG 124510 --- [tenant-service] [org.springframework.amqp.rabbit.RabbitListenerEndpointContainer#0-1] .a.r.l.a.MessagingMessageListenerAdapter : Processing [GenericMessage [payload={globalRole=USER, eventType=auth.user.registered, userId=83278a9a-ba74-469a-994e-effb51d8837e, email=prueba@correo.com, timestamp=2025-12-02T19:33:08.964523491}, headers={amqp_receivedDeliveryMode=PERSISTENT, amqp_receivedExchange=auth-exchange, amqp_deliveryTag=1660, amqp_consumerQueue=auth.user.registered.queue, amqp_redelivered=true, __ContentTypeId__=java.lang.Object, amqp_receivedRoutingKey=auth.user.registered, amqp_contentEncoding=UTF-8, __KeyTypeId__=java.lang.Object, amqp_retryCount=0, id=db4f928d-64d0-ee24-e3a7-cdc75ea5533a, amqp_consumerTag=amq.ctag-cAqrhI9n0NxPX1HhqC9Csg, amqp_lastInBatch=false, contentType=application/json, __TypeId__=java.util.HashMap, timestamp=1764722362621}]]
2025-12-02T19:39:22.621-05:00  INFO 124510 --- [tenant-service] [org.springframework.amqp.rabbit.RabbitListenerEndpointContainer#0-1] c.s.t.e.l.UserRegisteredListener         : Received auth.user.registered event: {globalRole=USER, eventType=auth.user.registered, userId=83278a9a-ba74-469a-994e-effb51d8837e, email=prueba@correo.com, timestamp=2025-12-02T19:33:08.964523491}
2025-12-02T19:39:22.621-05:00  INFO 124510 --- [tenant-service] [org.springframework.amqp.rabbit.RabbitListenerEndpointContainer#0-1] c.s.t.e.l.UserRegisteredListener         : Creating tenant for new user: prueba@correo.com (83278a9a-ba74-469a-994e-effb51d8837e)
2025-12-02T19:39:22.621-05:00  INFO 124510 --- [tenant-service] [org.springframework.amqp.rabbit.RabbitListenerEndpointContainer#0-1] c.s.t.service.impl.TenantServiceImpl     : Auto-creating tenant for new user: 83278a9a-ba74-469a-994e-effb51d8837e
2025-12-02T19:39:22.621-05:00 ERROR 124510 --- [tenant-service] [org.springframework.amqp.rabbit.RabbitListenerEndpointContainer#0-1] c.s.t.e.l.UserRegisteredListener         : Error processing auth.user.registered event: Range [0, 18) out of bounds for length 17

java.lang.StringIndexOutOfBoundsException: Range [0, 18) out of bounds for length 17
	at java.base/jdk.internal.util.Preconditions$1.apply(Preconditions.java:55) ~[na:na]
	at java.base/jdk.internal.util.Preconditions$1.apply(Preconditions.java:52) ~[na:na]
	at java.base/jdk.internal.util.Preconditions$4.apply(Preconditions.java:213) ~[na:na]
	at java.base/jdk.internal.util.Preconditions$4.apply(Preconditions.java:210) ~[na:na]
	at java.base/jdk.internal.util.Preconditions.outOfBounds(Preconditions.java:98) ~[na:na]
	at java.base/jdk.internal.util.Preconditions.outOfBoundsCheckFromToIndex(Preconditions.java:112) ~[na:na]
	at java.base/jdk.internal.util.Preconditions.checkFromToIndex(Preconditions.java:349) ~[na:na]
	at java.base/java.lang.String.checkBoundsBeginEnd(String.java:4865) ~[na:na]
	at java.base/java.lang.String.substring(String.java:2834) ~[na:na]
	at com.sentinel.tenant_service.service.impl.TenantServiceImpl.generateSlug(TenantServiceImpl.java:296) ~[classes/:na]
	at com.sentinel.tenant_service.service.impl.TenantServiceImpl.createTenantForUser(TenantServiceImpl.java:91) ~[classes/:na]
	at java.base/jdk.internal.reflect.DirectMethodHandleAccessor.invoke(DirectMethodHandleAccessor.java:103) ~[na:na]
	at java.base/java.lang.reflect.Method.invoke(Method.java:580) ~[na:na]
	at org.springframework.aop.support.AopUtils.invokeJoinpointUsingReflection(AopUtils.java:360) ~[spring-aop-6.2.14.jar:6.2.14]
	at org.springframework.aop.framework.ReflectiveMethodInvocation.invokeJoinpoint(ReflectiveMethodInvocation.java:196) ~[spring-aop-6.2.14.jar:6.2.14]
	at org.springframework.aop.framework.ReflectiveMethodInvocation.proceed(ReflectiveMethodInvocation.java:163) ~[spring-aop-6.2.14.jar:6.2.14]
	at org.springframework.transaction.interceptor.TransactionAspectSupport.invokeWithinTransaction(TransactionAspectSupport.java:380) ~[spring-tx-6.2.14.jar:6.2.14]
	at org.springframework.transaction.interceptor.TransactionInterceptor.invoke(TransactionInterceptor.java:119) ~[spring-tx-6.2.14.jar:6.2.14]
	at org.springframework.aop.framework.ReflectiveMethodInvocation.proceed(ReflectiveMethodInvocation.java:184) ~[spring-aop-6.2.14.jar:6.2.14]
	at org.springframework.aop.framework.CglibAopProxy$DynamicAdvisedInterceptor.intercept(CglibAopProxy.java:728) ~[spring-aop-6.2.14.jar:6.2.14]
	at com.sentinel.tenant_service.service.impl.TenantServiceImpl$$SpringCGLIB$$0.createTenantForUser(<generated>) ~[classes/:na]
	at com.sentinel.tenant_service.events.listeners.UserRegisteredListener.handleUserRegistered(UserRegisteredListener.java:52) ~[classes/:na]
	at java.base/jdk.internal.reflect.DirectMethodHandleAccessor.invoke(DirectMethodHandleAccessor.java:103) ~[na:na]
	at java.base/java.lang.reflect.Method.invoke(Method.java:580) ~[na:na]
	at org.springframework.messaging.handler.invocation.InvocableHandlerMethod.doInvoke(InvocableHandlerMethod.java:169) ~[spring-messaging-6.2.14.jar:6.2.14]
	at org.springframework.amqp.rabbit.listener.adapter.KotlinAwareInvocableHandlerMethod.doInvoke(KotlinAwareInvocableHandlerMethod.java:45) ~[spring-rabbit-3.2.8.jar:3.2.8]
	at org.springframework.messaging.handler.invocation.InvocableHandlerMethod.invoke(InvocableHandlerMethod.java:119) ~[spring-messaging-6.2.14.jar:6.2.14]
	at org.springframework.amqp.rabbit.listener.adapter.HandlerAdapter.invoke(HandlerAdapter.java:80) ~[spring-rabbit-3.2.8.jar:3.2.8]
	at org.springframework.amqp.rabbit.listener.adapter.MessagingMessageListenerAdapter.invokeHandler(MessagingMessageListenerAdapter.java:274) ~[spring-rabbit-3.2.8.jar:3.2.8]
	at org.springframework.amqp.rabbit.listener.adapter.MessagingMessageListenerAdapter.invokeHandlerAndProcessResult(MessagingMessageListenerAdapter.java:221) ~[spring-rabbit-3.2.8.jar:3.2.8]
	at org.springframework.amqp.rabbit.listener.adapter.MessagingMessageListenerAdapter.onMessage(MessagingMessageListenerAdapter.java:148) ~[spring-rabbit-3.2.8.jar:3.2.8]
	at org.springframework.amqp.rabbit.listener.AbstractMessageListenerContainer.doInvokeListener(AbstractMessageListenerContainer.java:1694) ~[spring-rabbit-3.2.8.jar:3.2.8]
	at org.springframework.amqp.rabbit.listener.AbstractMessageListenerContainer.actualInvokeListener(AbstractMessageListenerContainer.java:1616) ~[spring-rabbit-3.2.8.jar:3.2.8]
	at org.springframework.amqp.rabbit.listener.AbstractMessageListenerContainer.invokeListener(AbstractMessageListenerContainer.java:1604) ~[spring-rabbit-3.2.8.jar:3.2.8]
	at org.springframework.amqp.rabbit.listener.AbstractMessageListenerContainer.doExecuteListener(AbstractMessageListenerContainer.java:1595) ~[spring-rabbit-3.2.8.jar:3.2.8]
	at org.springframework.amqp.rabbit.listener.AbstractMessageListenerContainer.executeListenerAndHandleException(AbstractMessageListenerContainer.java:1540) ~[spring-rabbit-3.2.8.jar:3.2.8]
	at org.springframework.amqp.rabbit.listener.AbstractMessageListenerContainer.executeListener(AbstractMessageListenerContainer.java:1521) ~[spring-rabbit-3.2.8.jar:3.2.8]
	at org.springframework.amqp.rabbit.listener.SimpleMessageListenerContainer.doReceiveAndExecute(SimpleMessageListenerContainer.java:1091) ~[spring-rabbit-3.2.8.jar:3.2.8]
	at org.springframework.amqp.rabbit.listener.SimpleMessageListenerContainer.receiveAndExecute(SimpleMessageListenerContainer.java:1027) ~[spring-rabbit-3.2.8.jar:3.2.8]
	at org.springframework.amqp.rabbit.listener.SimpleMessageListenerContainer$AsyncMessageProcessingConsumer.mainLoop(SimpleMessageListenerContainer.java:1431) ~[spring-rabbit-3.2.8.jar:3.2.8]
	at org.springframework.amqp.rabbit.listener.SimpleMessageListenerContainer$AsyncMessageProcessingConsumer.run(SimpleMessageListenerContainer.java:1331) ~[spring-rabbit-3.2.8.jar:3.2.8]
	at java.base/java.lang.Thread.run(Thread.java:1583) ~[na:na]

2025-12-02T19:39:22.622-05:00  WARN 124510 --- [tenant-service] [org.springframework.amqp.rabbit.RabbitListenerEndpointContainer#0-1] s.a.r.l.ConditionalRejectingErrorHandler : Execution of Rabbit message listener failed.

org.springframework.amqp.rabbit.support.ListenerExecutionFailedException: Listener method 'public void com.sentinel.tenant_service.events.listeners.UserRegisteredListener.handleUserRegistered(java.util.Map<java.lang.String, java.lang.Object>)' threw exception
	at org.springframework.amqp.rabbit.listener.adapter.MessagingMessageListenerAdapter.invokeHandler(MessagingMessageListenerAdapter.java:283) ~[spring-rabbit-3.2.8.jar:3.2.8]
	at org.springframework.amqp.rabbit.listener.adapter.MessagingMessageListenerAdapter.invokeHandlerAndProcessResult(MessagingMessageListenerAdapter.java:221) ~[spring-rabbit-3.2.8.jar:3.2.8]
	at org.springframework.amqp.rabbit.listener.adapter.MessagingMessageListenerAdapter.onMessage(MessagingMessageListenerAdapter.java:148) ~[spring-rabbit-3.2.8.jar:3.2.8]
	at org.springframework.amqp.rabbit.listener.AbstractMessageListenerContainer.doInvokeListener(AbstractMessageListenerContainer.java:1694) ~[spring-rabbit-3.2.8.jar:3.2.8]
	at org.springframework.amqp.rabbit.listener.AbstractMessageListenerContainer.actualInvokeListener(AbstractMessageListenerContainer.java:1616) ~[spring-rabbit-3.2.8.jar:3.2.8]
	at org.springframework.amqp.rabbit.listener.AbstractMessageListenerContainer.invokeListener(AbstractMessageListenerContainer.java:1604) ~[spring-rabbit-3.2.8.jar:3.2.8]
	at org.springframework.amqp.rabbit.listener.AbstractMessageListenerContainer.doExecuteListener(AbstractMessageListenerContainer.java:1595) ~[spring-rabbit-3.2.8.jar:3.2.8]
	at org.springframework.amqp.rabbit.listener.AbstractMessageListenerContainer.executeListenerAndHandleException(AbstractMessageListenerContainer.java:1540) ~[spring-rabbit-3.2.8.jar:3.2.8]
	at org.springframework.amqp.rabbit.listener.AbstractMessageListenerContainer.executeListener(AbstractMessageListenerContainer.java:1521) ~[spring-rabbit-3.2.8.jar:3.2.8]
	at org.springframework.amqp.rabbit.listener.SimpleMessageListenerContainer.doReceiveAndExecute(SimpleMessageListenerContainer.java:1091) ~[spring-rabbit-3.2.8.jar:3.2.8]
	at org.springframework.amqp.rabbit.listener.SimpleMessageListenerContainer.receiveAndExecute(SimpleMessageListenerContainer.java:1027) ~[spring-rabbit-3.2.8.jar:3.2.8]
	at org.springframework.amqp.rabbit.listener.SimpleMessageListenerContainer$AsyncMessageProcessingConsumer.mainLoop(SimpleMessageListenerContainer.java:1431) ~[spring-rabbit-3.2.8.jar:3.2.8]
	at org.springframework.amqp.rabbit.listener.SimpleMessageListenerContainer$AsyncMessageProcessingConsumer.run(SimpleMessageListenerContainer.java:1331) ~[spring-rabbit-3.2.8.jar:3.2.8]
	at java.base/java.lang.Thread.run(Thread.java:1583) ~[na:na]
Caused by: java.lang.StringIndexOutOfBoundsException: Range [0, 18) out of bounds for length 17
	at java.base/jdk.internal.util.Preconditions$1.apply(Preconditions.java:55) ~[na:na]
	at java.base/jdk.internal.util.Preconditions$1.apply(Preconditions.java:52) ~[na:na]
	at java.base/jdk.internal.util.Preconditions$4.apply(Preconditions.java:213) ~[na:na]
	at java.base/jdk.internal.util.Preconditions$4.apply(Preconditions.java:210) ~[na:na]
	at java.base/jdk.internal.util.Preconditions.outOfBounds(Preconditions.java:98) ~[na:na]
	at java.base/jdk.internal.util.Preconditions.outOfBoundsCheckFromToIndex(Preconditions.java:112) ~[na:na]
	at java.base/jdk.internal.util.Preconditions.checkFromToIndex(Preconditions.java:349) ~[na:na]
	at java.base/java.lang.String.checkBoundsBeginEnd(String.java:4865) ~[na:na]
	at java.base/java.lang.String.substring(String.java:2834) ~[na:na]
	at com.sentinel.tenant_service.service.impl.TenantServiceImpl.generateSlug(TenantServiceImpl.java:296) ~[classes/:na]
	at com.sentinel.tenant_service.service.impl.TenantServiceImpl.createTenantForUser(TenantServiceImpl.java:91) ~[classes/:na]
	at java.base/jdk.internal.reflect.DirectMethodHandleAccessor.invoke(DirectMethodHandleAccessor.java:103) ~[na:na]
	at java.base/java.lang.reflect.Method.invoke(Method.java:580) ~[na:na]
	at org.springframework.aop.support.AopUtils.invokeJoinpointUsingReflection(AopUtils.java:360) ~[spring-aop-6.2.14.jar:6.2.14]
	at org.springframework.aop.framework.ReflectiveMethodInvocation.invokeJoinpoint(ReflectiveMethodInvocation.java:196) ~[spring-aop-6.2.14.jar:6.2.14]
	at org.springframework.aop.framework.ReflectiveMethodInvocation.proceed(ReflectiveMethodInvocation.java:163) ~[spring-aop-6.2.14.jar:6.2.14]
	at org.springframework.transaction.interceptor.TransactionAspectSupport.invokeWithinTransaction(TransactionAspectSupport.java:380) ~[spring-tx-6.2.14.jar:6.2.14]
	at org.springframework.transaction.interceptor.TransactionInterceptor.invoke(TransactionInterceptor.java:119) ~[spring-tx-6.2.14.jar:6.2.14]
	at org.springframework.aop.framework.ReflectiveMethodInvocation.proceed(ReflectiveMethodInvocation.java:184) ~[spring-aop-6.2.14.jar:6.2.14]
	at org.springframework.aop.framework.CglibAopProxy$DynamicAdvisedInterceptor.intercept(CglibAopProxy.java:728) ~[spring-aop-6.2.14.jar:6.2.14]
	at com.sentinel.tenant_service.service.impl.TenantServiceImpl$$SpringCGLIB$$0.createTenantForUser(<generated>) ~[classes/:na]
	at com.sentinel.tenant_service.events.listeners.UserRegisteredListener.handleUserRegistered(UserRegisteredListener.java:52) ~[classes/:na]
	at java.base/jdk.internal.reflect.DirectMethodHandleAccessor.invoke(DirectMethodHandleAccessor.java:103) ~[na:na]
	at java.base/java.lang.reflect.Method.invoke(Method.java:580) ~[na:na]
	at org.springframework.messaging.handler.invocation.InvocableHandlerMethod.doInvoke(InvocableHandlerMethod.java:169) ~[spring-messaging-6.2.14.jar:6.2.14]
	at org.springframework.amqp.rabbit.listener.adapter.KotlinAwareInvocableHandlerMethod.doInvoke(KotlinAwareInvocableHandlerMethod.java:45) ~[spring-rabbit-3.2.8.jar:3.2.8]
	at org.springframework.messaging.handler.invocation.InvocableHandlerMethod.invoke(InvocableHandlerMethod.java:119) ~[spring-messaging-6.2.14.jar:6.2.14]
	at org.springframework.amqp.rabbit.listener.adapter.HandlerAdapter.invoke(HandlerAdapter.java:80) ~[spring-rabbit-3.2.8.jar:3.2.8]
	at org.springframework.amqp.rabbit.listener.adapter.MessagingMessageListenerAdapter.invokeHandler(MessagingMessageListenerAdapter.java:274) ~[spring-rabbit-3.2.8.jar:3.2.8]
	... 13 common frames omitted

2025-12-02T19:39:22.622-05:00 DEBUG 124510 --- [tenant-service] [org.springframework.amqp.rabbit.RabbitListenerEndpointContainer#0-1] o.s.a.r.listener.BlockingQueueConsumer   : Rejecting messages (requeue=true)
2025-12-02T19:39:22.623-05:00 DEBUG 124510 --- [tenant-service] [pool-2-thread-7] o.s.a.r.listener.BlockingQueueConsumer   : Storing delivery for consumerTag: 'amq.ctag-cAqrhI9n0NxPX1HhqC9Csg' with deliveryTag: '1661' in Consumer@2baf9cd4: tags=[[amq.ctag-cAqrhI9n0NxPX1HhqC9Csg]], channel=Cached Rabbit Channel: AMQChannel(amqp://guest@127.0.0.1:5672/,1), conn: Proxy@ae449e7 Shared Rabbit Connection: SimpleConnection@15beb40b [delegate=amqp://guest@127.0.0.1:5672/, localPort=40784], acknowledgeMode=AUTO local queue size=0
2025-12-02T19:39:22.623-05:00 DEBUG 124510 --- [tenant-service] [org.springframework.amqp.rabbit.RabbitListenerEndpointContainer#0-1] o.s.a.r.listener.BlockingQueueConsumer   : Received message: (Body:'[B@35a2f49d(byte[176])' MessageProperties [headers={__ContentTypeId__=java.lang.Object, __KeyTypeId__=java.lang.Object, __TypeId__=java.util.HashMap}, contentType=application/json, contentEncoding=UTF-8, contentLength=0, receivedDeliveryMode=PERSISTENT, priority=0, redelivered=true, receivedExchange=auth-exchange, receivedRoutingKey=auth.user.registered, deliveryTag=1661, consumerTag=amq.ctag-cAqrhI9n0NxPX1HhqC9Csg, consumerQueue=auth.user.registered.queue])
2025-12-02T19:39:22.623-05:00 DEBUG 124510 --- [tenant-service] [org.springframework.amqp.rabbit.RabbitListenerEndpointContainer#0-1] .a.r.l.a.MessagingMessageListenerAdapter : Processing [GenericMessage [payload={globalRole=USER, eventType=auth.user.registered, userId=83278a9a-ba74-469a-994e-effb51d8837e, email=prueba@correo.com, timestamp=2025-12-02T19:33:08.964523491}, headers={amqp_receivedDeliveryMode=PERSISTENT, amqp_receivedExchange=auth-exchange, amqp_deliveryTag=1661, amqp_consumerQueue=auth.user.registered.queue, amqp_redelivered=true, __ContentTypeId__=java.lang.Object, amqp_receivedRoutingKey=auth.user.registered, amqp_contentEncoding=UTF-8, __KeyTypeId__=java.lang.Object, amqp_retryCount=0, id=a42698c3-ff52-9b3d-bd52-117e55df7249, amqp_consumerTag=amq.ctag-cAqrhI9n0NxPX1HhqC9Csg, amqp_lastInBatch=false, contentType=application/json, __TypeId__=java.util.HashMap, timestamp=1764722362623}]]
2025-12-02T19:39:22.623-05:00  INFO 124510 --- [tenant-service] [org.springframework.amqp.rabbit.RabbitListenerEndpointContainer#0-1] c.s.t.e.l.UserRegisteredListener         : Received auth.user.registered event: {globalRole=USER, eventType=auth.user.registered, userId=83278a9a-ba74-469a-994e-effb51d8837e, email=prueba@correo.com, timestamp=2025-12-02T19:33:08.964523491}
2025-12-02T19:39:22.623-05:00  INFO 124510 --- [tenant-service] [org.springframework.amqp.rabbit.RabbitListenerEndpointContainer#0-1] c.s.t.e.l.UserRegisteredListener         : Creating tenant for new user: prueba@correo.com (83278a9a-ba74-469a-994e-effb51d8837e)
2025-12-02T19:39:22.623-05:00  INFO 124510 --- [tenant-service] [org.springframework.amqp.rabbit.RabbitListenerEndpointContainer#0-1] c.s.t.service.impl.TenantServiceImpl     : Auto-creating tenant for new user: 83278a9a-ba74-469a-994e-effb51d8837e
2025-12-02T19:39:22.623-05:00 ERROR 124510 --- [tenant-service] [org.springframework.amqp.rabbit.RabbitListenerEndpointContainer#0-1] c.s.t.e.l.UserRegisteredListener         : Error processing auth.user.registered event: Range [0, 18) out of bounds for length 17

java.lang.StringIndexOutOfBoundsException: Range [0, 18) out of bounds for length 17
	at java.base/jdk.internal.util.Preconditions$1.apply(Preconditions.java:55) ~[na:na]
	at java.base/jdk.internal.util.Preconditions$1.apply(Preconditions.java:52) ~[na:na]
	at java.base/jdk.internal.util.Preconditions$4.apply(Preconditions.java:213) ~[na:na]
	at java.base/jdk.internal.util.Preconditions$4.apply(Preconditions.java:210) ~[na:na]
	at java.base/jdk.internal.util.Preconditions.outOfBounds(Preconditions.java:98) ~[na:na]
	at java.base/jdk.internal.util.Preconditions.outOfBoundsCheckFromToIndex(Preconditions.java:112) ~[na:na]
	at java.base/jdk.internal.util.Preconditions.checkFromToIndex(Preconditions.java:349) ~[na:na]
	at java.base/java.lang.String.checkBoundsBeginEnd(String.java:4865) ~[na:na]
	at java.base/java.lang.String.substring(String.java:2834) ~[na:na]
	at com.sentinel.tenant_service.service.impl.TenantServiceImpl.generateSlug(TenantServiceImpl.java:296) ~[classes/:na]
	at com.sentinel.tenant_service.service.impl.TenantServiceImpl.createTenantForUser(TenantServiceImpl.java:91) ~[classes/:na]
	at java.base/jdk.internal.reflect.DirectMethodHandleAccessor.invoke(DirectMethodHandleAccessor.java:103) ~[na:na]
	at java.base/java.lang.reflect.Method.invoke(Method.java:580) ~[na:na]
	at org.springframework.aop.support.AopUtils.invokeJoinpointUsingReflection(AopUtils.java:360) ~[spring-aop-6.2.14.jar:6.2.14]
	at org.springframework.aop.framework.ReflectiveMethodInvocation.invokeJoinpoint(ReflectiveMethodInvocation.java:196) ~[spring-aop-6.2.14.jar:6.2.14]
	at org.springframework.aop.framework.ReflectiveMethodInvocation.proceed(ReflectiveMethodInvocation.java:163) ~[spring-aop-6.2.14.jar:6.2.14]
	at org.springframework.transaction.interceptor.TransactionAspectSupport.invokeWithinTransaction(TransactionAspectSupport.java:380) ~[spring-tx-6.2.14.jar:6.2.14]
	at org.springframework.transaction.interceptor.TransactionInterceptor.invoke(TransactionInterceptor.java:119) ~[spring-tx-6.2.14.jar:6.2.14]
	at org.springframework.aop.framework.ReflectiveMethodInvocation.proceed(ReflectiveMethodInvocation.java:184) ~[spring-aop-6.2.14.jar:6.2.14]
	at org.springframework.aop.framework.CglibAopProxy$DynamicAdvisedInterceptor.intercept(CglibAopProxy.java:728) ~[spring-aop-6.2.14.jar:6.2.14]
	at com.sentinel.tenant_service.service.impl.TenantServiceImpl$$SpringCGLIB$$0.createTenantForUser(<generated>) ~[classes/:na]
	at com.sentinel.tenant_service.events.listeners.UserRegisteredListener.handleUserRegistered(UserRegisteredListener.java:52) ~[classes/:na]
	at java.base/jdk.internal.reflect.DirectMethodHandleAccessor.invoke(DirectMethodHandleAccessor.java:103) ~[na:na]
	at java.base/java.lang.reflect.Method.invoke(Method.java:580) ~[na:na]
	at org.springframework.messaging.handler.invocation.InvocableHandlerMethod.doInvoke(InvocableHandlerMethod.java:169) ~[spring-messaging-6.2.14.jar:6.2.14]
	at org.springframework.amqp.rabbit.listener.adapter.KotlinAwareInvocableHandlerMethod.doInvoke(KotlinAwareInvocableHandlerMethod.java:45) ~[spring-rabbit-3.2.8.jar:3.2.8]
	at org.springframework.messaging.handler.invocation.InvocableHandlerMethod.invoke(InvocableHandlerMethod.java:119) ~[spring-messaging-6.2.14.jar:6.2.14]
	at org.springframework.amqp.rabbit.listener.adapter.HandlerAdapter.invoke(HandlerAdapter.java:80) ~[spring-rabbit-3.2.8.jar:3.2.8]
	at org.springframework.amqp.rabbit.listener.adapter.MessagingMessageListenerAdapter.invokeHandler(MessagingMessageListenerAdapter.java:274) ~[spring-rabbit-3.2.8.jar:3.2.8]
	at org.springframework.amqp.rabbit.listener.adapter.MessagingMessageListenerAdapter.invokeHandlerAndProcessResult(MessagingMessageListenerAdapter.java:221) ~[spring-rabbit-3.2.8.jar:3.2.8]
	at org.springframework.amqp.rabbit.listener.adapter.MessagingMessageListenerAdapter.onMessage(MessagingMessageListenerAdapter.java:148) ~[spring-rabbit-3.2.8.jar:3.2.8]
	at org.springframework.amqp.rabbit.listener.AbstractMessageListenerContainer.doInvokeListener(AbstractMessageListenerContainer.java:1694) ~[spring-rabbit-3.2.8.jar:3.2.8]
	at org.springframework.amqp.rabbit.listener.AbstractMessageListenerContainer.actualInvokeListener(AbstractMessageListenerContainer.java:1616) ~[spring-rabbit-3.2.8.jar:3.2.8]
	at org.springframework.amqp.rabbit.listener.AbstractMessageListenerContainer.invokeListener(AbstractMessageListenerContainer.java:1604) ~[spring-rabbit-3.2.8.jar:3.2.8]
	at org.springframework.amqp.rabbit.listener.AbstractMessageListenerContainer.doExecuteListener(AbstractMessageListenerContainer.java:1595) ~[spring-rabbit-3.2.8.jar:3.2.8]
	at org.springframework.amqp.rabbit.listener.AbstractMessageListenerContainer.executeListenerAndHandleException(AbstractMessageListenerContainer.java:1540) ~[spring-rabbit-3.2.8.jar:3.2.8]
	at org.springframework.amqp.rabbit.listener.AbstractMessageListenerContainer.executeListener(AbstractMessageListenerContainer.java:1521) ~[spring-rabbit-3.2.8.jar:3.2.8]
	at org.springframework.amqp.rabbit.listener.SimpleMessageListenerContainer.doReceiveAndExecute(SimpleMessageListenerContainer.java:1091) ~[spring-rabbit-3.2.8.jar:3.2.8]
	at org.springframework.amqp.rabbit.listener.SimpleMessageListenerContainer.receiveAndExecute(SimpleMessageListenerContainer.java:1027) ~[spring-rabbit-3.2.8.jar:3.2.8]
	at org.springframework.amqp.rabbit.listener.SimpleMessageListenerContainer$AsyncMessageProcessingConsumer.mainLoop(SimpleMessageListenerContainer.java:1431) ~[spring-rabbit-3.2.8.jar:3.2.8]
	at org.springframework.amqp.rabbit.listener.SimpleMessageListenerContainer$AsyncMessageProcessingConsumer.run(SimpleMessageListenerContainer.java:1331) ~[spring-rabbit-3.2.8.jar:3.2.8]
	at java.base/java.lang.Thread.run(Thread.java:1583) ~[na:na]

2025-12-02T19:39:22.623-05:00  WARN 124510 --- [tenant-service] [org.springframework.amqp.rabbit.RabbitListenerEndpointContainer#0-1] s.a.r.l.ConditionalRejectingErrorHandler : Execution of Rabbit message listener failed.

org.springframework.amqp.rabbit.support.ListenerExecutionFailedException: Listener method 'public void com.sentinel.tenant_service.events.listeners.UserRegisteredListener.handleUserRegistered(java.util.Map<java.lang.String, java.lang.Object>)' threw exception
	at org.springframework.amqp.rabbit.listener.adapter.MessagingMessageListenerAdapter.invokeHandler(MessagingMessageListenerAdapter.java:283) ~[spring-rabbit-3.2.8.jar:3.2.8]
	at org.springframework.amqp.rabbit.listener.adapter.MessagingMessageListenerAdapter.invokeHandlerAndProcessResult(MessagingMessageListenerAdapter.java:221) ~[spring-rabbit-3.2.8.jar:3.2.8]
	at org.springframework.amqp.rabbit.listener.adapter.MessagingMessageListenerAdapter.onMessage(MessagingMessageListenerAdapter.java:148) ~[spring-rabbit-3.2.8.jar:3.2.8]
	at org.springframework.amqp.rabbit.listener.AbstractMessageListenerContainer.doInvokeListener(AbstractMessageListenerContainer.java:1694) ~[spring-rabbit-3.2.8.jar:3.2.8]
	at org.springframework.amqp.rabbit.listener.AbstractMessageListenerContainer.actualInvokeListener(AbstractMessageListenerContainer.java:1616) ~[spring-rabbit-3.2.8.jar:3.2.8]
	at org.springframework.amqp.rabbit.listener.AbstractMessageListenerContainer.invokeListener(AbstractMessageListenerContainer.java:1604) ~[spring-rabbit-3.2.8.jar:3.2.8]
	at org.springframework.amqp.rabbit.listener.AbstractMessageListenerContainer.doExecuteListener(AbstractMessageListenerContainer.java:1595) ~[spring-rabbit-3.2.8.jar:3.2.8]
	at org.springframework.amqp.rabbit.listener.AbstractMessageListenerContainer.executeListenerAndHandleException(AbstractMessageListenerContainer.java:1540) ~[spring-rabbit-3.2.8.jar:3.2.8]
	at org.springframework.amqp.rabbit.listener.AbstractMessageListenerContainer.executeListener(AbstractMessageListenerContainer.java:1521) ~[spring-rabbit-3.2.8.jar:3.2.8]
	at org.springframework.amqp.rabbit.listener.SimpleMessageListenerContainer.doReceiveAndExecute(SimpleMessageListenerContainer.java:1091) ~[spring-rabbit-3.2.8.jar:3.2.8]
	at org.springframework.amqp.rabbit.listener.SimpleMessageListenerContainer.receiveAndExecute(SimpleMessageListenerContainer.java:1027) ~[spring-rabbit-3.2.8.jar:3.2.8]
	at org.springframework.amqp.rabbit.listener.SimpleMessageListenerContainer$AsyncMessageProcessingConsumer.mainLoop(SimpleMessageListenerContainer.java:1431) ~[spring-rabbit-3.2.8.jar:3.2.8]
	at org.springframework.amqp.rabbit.listener.SimpleMessageListenerContainer$AsyncMessageProcessingConsumer.run(SimpleMessageListenerContainer.java:1331) ~[spring-rabbit-3.2.8.jar:3.2.8]
	at java.base/java.lang.Thread.run(Thread.java:1583) ~[na:na]
Caused by: java.lang.StringIndexOutOfBoundsException: Range [0, 18) out of bounds for length 17
	at java.base/jdk.internal.util.Preconditions$1.apply(Preconditions.java:55) ~[na:na]
	at java.base/jdk.internal.util.Preconditions$1.apply(Preconditions.java:52) ~[na:na]
	at java.base/jdk.internal.util.Preconditions$4.apply(Preconditions.java:213) ~[na:na]
	at java.base/jdk.internal.util.Preconditions$4.apply(Preconditions.java:210) ~[na:na]
	at java.base/jdk.internal.util.Preconditions.outOfBounds(Preconditions.java:98) ~[na:na]
	at java.base/jdk.internal.util.Preconditions.outOfBoundsCheckFromToIndex(Preconditions.java:112) ~[na:na]
	at java.base/jdk.internal.util.Preconditions.checkFromToIndex(Preconditions.java:349) ~[na:na]
	at java.base/java.lang.String.checkBoundsBeginEnd(String.java:4865) ~[na:na]
	at java.base/java.lang.String.substring(String.java:2834) ~[na:na]
	at com.sentinel.tenant_service.service.impl.TenantServiceImpl.generateSlug(TenantServiceImpl.java:296) ~[classes/:na]
	at com.sentinel.tenant_service.service.impl.TenantServiceImpl.createTenantForUser(TenantServiceImpl.java:91) ~[classes/:na]
	at java.base/jdk.internal.reflect.DirectMethodHandleAccessor.invoke(DirectMethodHandleAccessor.java:103) ~[na:na]
	at java.base/java.lang.reflect.Method.invoke(Method.java:580) ~[na:na]
	at org.springframework.aop.support.AopUtils.invokeJoinpointUsingReflection(AopUtils.java:360) ~[spring-aop-6.2.14.jar:6.2.14]
	at org.springframework.aop.framework.ReflectiveMethodInvocation.invokeJoinpoint(ReflectiveMethodInvocation.java:196) ~[spring-aop-6.2.14.jar:6.2.14]
	at org.springframework.aop.framework.ReflectiveMethodInvocation.proceed(ReflectiveMethodInvocation.java:163) ~[spring-aop-6.2.14.jar:6.2.14]
	at org.springframework.transaction.interceptor.TransactionAspectSupport.invokeWithinTransaction(TransactionAspectSupport.java:380) ~[spring-tx-6.2.14.jar:6.2.14]
	at org.springframework.transaction.interceptor.TransactionInterceptor.invoke(TransactionInterceptor.java:119) ~[spring-tx-6.2.14.jar:6.2.14]
	at org.springframework.aop.framework.ReflectiveMethodInvocation.proceed(ReflectiveMethodInvocation.java:184) ~[spring-aop-6.2.14.jar:6.2.14]
	at org.springframework.aop.framework.CglibAopProxy$DynamicAdvisedInterceptor.intercept(CglibAopProxy.java:728) ~[spring-aop-6.2.14.jar:6.2.14]
	at com.sentinel.tenant_service.service.impl.TenantServiceImpl$$SpringCGLIB$$0.createTenantForUser(<generated>) ~[classes/:na]
	at com.sentinel.tenant_service.events.listeners.UserRegisteredListener.handleUserRegistered(UserRegisteredListener.java:52) ~[classes/:na]
	at java.base/jdk.internal.reflect.DirectMethodHandleAccessor.invoke(DirectMethodHandleAccessor.java:103) ~[na:na]
	at java.base/java.lang.reflect.Method.invoke(Method.java:580) ~[na:na]
	at org.springframework.messaging.handler.invocation.InvocableHandlerMethod.doInvoke(InvocableHandlerMethod.java:169) ~[spring-messaging-6.2.14.jar:6.2.14]
	at org.springframework.amqp.rabbit.listener.adapter.KotlinAwareInvocableHandlerMethod.doInvoke(KotlinAwareInvocableHandlerMethod.java:45) ~[spring-rabbit-3.2.8.jar:3.2.8]
	at org.springframework.messaging.handler.invocation.InvocableHandlerMethod.invoke(InvocableHandlerMethod.java:119) ~[spring-messaging-6.2.14.jar:6.2.14]
	at org.springframework.amqp.rabbit.listener.adapter.HandlerAdapter.invoke(HandlerAdapter.java:80) ~[spring-rabbit-3.2.8.jar:3.2.8]
	at org.springframework.amqp.rabbit.listener.adapter.MessagingMessageListenerAdapter.invokeHandler(MessagingMessageListenerAdapter.java:274) ~[spring-rabbit-3.2.8.jar:3.2.8]
	... 13 common frames omitted

2025-12-02T19:39:22.623-05:00 DEBUG 124510 --- [tenant-service] [org.springframework.amqp.rabbit.RabbitListenerEndpointContainer#0-1] o.s.a.r.listener.BlockingQueueConsumer   : Rejecting messages (requeue=true)
2025-12-02T19:39:22.623-05:00 DEBUG 124510 --- [tenant-service] [pool-2-thread-8] o.s.a.r.listener.BlockingQueueConsumer   : Storing delivery for consumerTag: 'amq.ctag-cAqrhI9n0NxPX1HhqC9Csg' with deliveryTag: '1662' in Consumer@2baf9cd4: tags=[[amq.ctag-cAqrhI9n0NxPX1HhqC9Csg]], channel=Cached Rabbit Channel: AMQChannel(amqp://guest@127.0.0.1:5672/,1), conn: Proxy@ae449e7 Shared Rabbit Connection: SimpleConnection@15beb40b [delegate=amqp://guest@127.0.0.1:5672/, localPort=40784], acknowledgeMode=AUTO local queue size=0
2025-12-02T19:39:22.623-05:00 DEBUG 124510 --- [tenant-service] [org.springframework.amqp.rabbit.RabbitListenerEndpointContainer#0-1] o.s.a.r.listener.BlockingQueueConsumer   : Received message: (Body:'[B@7bf9d663(byte[176])' MessageProperties [headers={__ContentTypeId__=java.lang.Object, __KeyTypeId__=java.lang.Object, __TypeId__=java.util.HashMap}, contentType=application/json, contentEncoding=UTF-8, contentLength=0, receivedDeliveryMode=PERSISTENT, priority=0, redelivered=true, receivedExchange=auth-exchange, receivedRoutingKey=auth.user.registered, deliveryTag=1662, consumerTag=amq.ctag-cAqrhI9n0NxPX1HhqC9Csg, consumerQueue=auth.user.registered.queue])
2025-12-02T19:39:22.623-05:00 DEBUG 124510 --- [tenant-service] [org.springframework.amqp.rabbit.RabbitListenerEndpointContainer#0-1] .a.r.l.a.MessagingMessageListenerAdapter : Processing [GenericMessage [payload={globalRole=USER, eventType=auth.user.registered, userId=83278a9a-ba74-469a-994e-effb51d8837e, email=prueba@correo.com, timestamp=2025-12-02T19:33:08.964523491}, headers={amqp_receivedDeliveryMode=PERSISTENT, amqp_receivedExchange=auth-exchange, amqp_deliveryTag=1662, amqp_consumerQueue=auth.user.registered.queue, amqp_redelivered=true, __ContentTypeId__=java.lang.Object, amqp_receivedRoutingKey=auth.user.registered, amqp_contentEncoding=UTF-8, __KeyTypeId__=java.lang.Object, amqp_retryCount=0, id=59087011-ce1d-2757-3b18-65de74a02dd0, amqp_consumerTag=amq.ctag-cAqrhI9n0NxPX1HhqC9Csg, amqp_lastInBatch=false, contentType=application/json, __TypeId__=java.util.HashMap, timestamp=1764722362623}]]
2025-12-02T19:39:22.623-05:00  INFO 124510 --- [tenant-service] [org.springframework.amqp.rabbit.RabbitListenerEndpointContainer#0-1] c.s.t.e.l.UserRegisteredListener         : Received auth.user.registered event: {globalRole=USER, eventType=auth.user.registered, userId=83278a9a-ba74-469a-994e-effb51d8837e, email=prueba@correo.com, timestamp=2025-12-02T19:33:08.964523491}
2025-12-02T19:39:22.623-05:00  INFO 124510 --- [tenant-service] [org.springframework.amqp.rabbit.RabbitListenerEndpointContainer#0-1] c.s.t.e.l.UserRegisteredListener         : Creating tenant for new user: prueba@correo.com (83278a9a-ba74-469a-994e-effb51d8837e)
2025-12-02T19:39:22.623-05:00  INFO 124510 --- [tenant-service] [org.springframework.amqp.rabbit.RabbitListenerEndpointContainer#0-1] c.s.t.service.impl.TenantServiceImpl     : Auto-creating tenant for new user: 83278a9a-ba74-469a-994e-effb51d8837e
2025-12-02T19:39:22.624-05:00 ERROR 124510 --- [tenant-service] [org.springframework.amqp.rabbit.RabbitListenerEndpointContainer#0-1] c.s.t.e.l.UserRegisteredListener         : Error processing auth.user.registered event: Range [0, 18) out of bounds for length 17

java.lang.StringIndexOutOfBoundsException: Range [0, 18) out of bounds for length 17
	at java.base/jdk.internal.util.Preconditions$1.apply(Preconditions.java:55) ~[na:na]
	at java.base/jdk.internal.util.Preconditions$1.apply(Preconditions.java:52) ~[na:na]
	at java.base/jdk.internal.util.Preconditions$4.apply(Preconditions.java:213) ~[na:na]
	at java.base/jdk.internal.util.Preconditions$4.apply(Preconditions.java:210) ~[na:na]
	at java.base/jdk.internal.util.Preconditions.outOfBounds(Preconditions.java:98) ~[na:na]
	at java.base/jdk.internal.util.Preconditions.outOfBoundsCheckFromToIndex(Preconditions.java:112) ~[na:na]
	at java.base/jdk.internal.util.Preconditions.checkFromToIndex(Preconditions.java:349) ~[na:na]
	at java.base/java.lang.String.checkBoundsBeginEnd(String.java:4865) ~[na:na]
	at java.base/java.lang.String.substring(String.java:2834) ~[na:na]
	at com.sentinel.tenant_service.service.impl.TenantServiceImpl.generateSlug(TenantServiceImpl.java:296) ~[classes/:na]
	at com.sentinel.tenant_service.service.impl.TenantServiceImpl.createTenantForUser(TenantServiceImpl.java:91) ~[classes/:na]
	at java.base/jdk.internal.reflect.DirectMethodHandleAccessor.invoke(DirectMethodHandleAccessor.java:103) ~[na:na]
	at java.base/java.lang.reflect.Method.invoke(Method.java:580) ~[na:na]
	at org.springframework.aop.support.AopUtils.invokeJoinpointUsingReflection(AopUtils.java:360) ~[spring-aop-6.2.14.jar:6.2.14]
	at org.springframework.aop.framework.ReflectiveMethodInvocation.invokeJoinpoint(ReflectiveMethodInvocation.java:196) ~[spring-aop-6.2.14.jar:6.2.14]
	at org.springframework.aop.framework.ReflectiveMethodInvocation.proceed(ReflectiveMethodInvocation.java:163) ~[spring-aop-6.2.14.jar:6.2.14]
	at org.springframework.transaction.interceptor.TransactionAspectSupport.invokeWithinTransaction(TransactionAspectSupport.java:380) ~[spring-tx-6.2.14.jar:6.2.14]
	at org.springframework.transaction.interceptor.TransactionInterceptor.invoke(TransactionInterceptor.java:119) ~[spring-tx-6.2.14.jar:6.2.14]
	at org.springframework.aop.framework.ReflectiveMethodInvocation.proceed(ReflectiveMethodInvocation.java:184) ~[spring-aop-6.2.14.jar:6.2.14]
	at org.springframework.aop.framework.CglibAopProxy$DynamicAdvisedInterceptor.intercept(CglibAopProxy.java:728) ~[spring-aop-6.2.14.jar:6.2.14]
	at com.sentinel.tenant_service.service.impl.TenantServiceImpl$$SpringCGLIB$$0.createTenantForUser(<generated>) ~[classes/:na]
	at com.sentinel.tenant_service.events.listeners.UserRegisteredListener.handleUserRegistered(UserRegisteredListener.java:52) ~[classes/:na]
	at java.base/jdk.internal.reflect.DirectMethodHandleAccessor.invoke(DirectMethodHandleAccessor.java:103) ~[na:na]
	at java.base/java.lang.reflect.Method.invoke(Method.java:580) ~[na:na]
	at org.springframework.messaging.handler.invocation.InvocableHandlerMethod.doInvoke(InvocableHandlerMethod.java:169) ~[spring-messaging-6.2.14.jar:6.2.14]
	at org.springframework.amqp.rabbit.listener.adapter.KotlinAwareInvocableHandlerMethod.doInvoke(KotlinAwareInvocableHandlerMethod.java:45) ~[spring-rabbit-3.2.8.jar:3.2.8]
	at org.springframework.messaging.handler.invocation.InvocableHandlerMethod.invoke(InvocableHandlerMethod.java:119) ~[spring-messaging-6.2.14.jar:6.2.14]
	at org.springframework.amqp.rabbit.listener.adapter.HandlerAdapter.invoke(HandlerAdapter.java:80) ~[spring-rabbit-3.2.8.jar:3.2.8]
	at org.springframework.amqp.rabbit.listener.adapter.MessagingMessageListenerAdapter.invokeHandler(MessagingMessageListenerAdapter.java:274) ~[spring-rabbit-3.2.8.jar:3.2.8]
	at org.springframework.amqp.rabbit.listener.adapter.MessagingMessageListenerAdapter.invokeHandlerAndProcessResult(MessagingMessageListenerAdapter.java:221) ~[spring-rabbit-3.2.8.jar:3.2.8]
	at org.springframework.amqp.rabbit.listener.adapter.MessagingMessageListenerAdapter.onMessage(MessagingMessageListenerAdapter.java:148) ~[spring-rabbit-3.2.8.jar:3.2.8]
	at org.springframework.amqp.rabbit.listener.AbstractMessageListenerContainer.doInvokeListener(AbstractMessageListenerContainer.java:1694) ~[spring-rabbit-3.2.8.jar:3.2.8]
	at org.springframework.amqp.rabbit.listener.AbstractMessageListenerContainer.actualInvokeListener(AbstractMessageListenerContainer.java:1616) ~[spring-rabbit-3.2.8.jar:3.2.8]
	at org.springframework.amqp.rabbit.listener.AbstractMessageListenerContainer.invokeListener(AbstractMessageListenerContainer.java:1604) ~[spring-rabbit-3.2.8.jar:3.2.8]
	at org.springframework.amqp.rabbit.listener.AbstractMessageListenerContainer.doExecuteListener(AbstractMessageListenerContainer.java:1595) ~[spring-rabbit-3.2.8.jar:3.2.8]
	at org.springframework.amqp.rabbit.listener.AbstractMessageListenerContainer.executeListenerAndHandleException(AbstractMessageListenerContainer.java:1540) ~[spring-rabbit-3.2.8.jar:3.2.8]
	at org.springframework.amqp.rabbit.listener.AbstractMessageListenerContainer.executeListener(AbstractMessageListenerContainer.java:1521) ~[spring-rabbit-3.2.8.jar:3.2.8]
	at org.springframework.amqp.rabbit.listener.SimpleMessageListenerContainer.doReceiveAndExecute(SimpleMessageListenerContainer.java:1091) ~[spring-rabbit-3.2.8.jar:3.2.8]
	at org.springframework.amqp.rabbit.listener.SimpleMessageListenerContainer.receiveAndExecute(SimpleMessageListenerContainer.java:1027) ~[spring-rabbit-3.2.8.jar:3.2.8]
	at org.springframework.amqp.rabbit.listener.SimpleMessageListenerContainer$AsyncMessageProcessingConsumer.mainLoop(SimpleMessageListenerContainer.java:1431) ~[spring-rabbit-3.2.8.jar:3.2.8]
	at org.springframework.amqp.rabbit.listener.SimpleMessageListenerContainer$AsyncMessageProcessingConsumer.run(SimpleMessageListenerContainer.java:1331) ~[spring-rabbit-3.2.8.jar:3.2.8]
	at java.base/java.lang.Thread.run(Thread.java:1583) ~[na:na]

2025-12-02T19:39:22.632-05:00  WARN 124510 --- [tenant-service] [org.springframework.amqp.rabbit.RabbitListenerEndpointContainer#0-1] s.a.r.l.ConditionalRejectingErrorHandler : Execution of Rabbit message listener failed.

org.springframework.amqp.rabbit.support.ListenerExecutionFailedException: Listener method 'public void com.sentinel.tenant_service.events.listeners.UserRegisteredListener.handleUserRegistered(java.util.Map<java.lang.String, java.lang.Object>)' threw exception
	at org.springframework.amqp.rabbit.listener.adapter.MessagingMessageListenerAdapter.invokeHandler(MessagingMessageListenerAdapter.java:283) ~[spring-rabbit-3.2.8.jar:3.2.8]
	at org.springframework.amqp.rabbit.listener.adapter.MessagingMessageListenerAdapter.invokeHandlerAndProcessResult(MessagingMessageListenerAdapter.java:221) ~[spring-rabbit-3.2.8.jar:3.2.8]
	at org.springframework.amqp.rabbit.listener.adapter.MessagingMessageListenerAdapter.onMessage(MessagingMessageListenerAdapter.java:148) ~[spring-rabbit-3.2.8.jar:3.2.8]
	at org.springframework.amqp.rabbit.listener.AbstractMessageListenerContainer.doInvokeListener(AbstractMessageListenerContainer.java:1694) ~[spring-rabbit-3.2.8.jar:3.2.8]
	at org.springframework.amqp.rabbit.listener.AbstractMessageListenerContainer.actualInvokeListener(AbstractMessageListenerContainer.java:1616) ~[spring-rabbit-3.2.8.jar:3.2.8]
	at org.springframework.amqp.rabbit.listener.AbstractMessageListenerContainer.invokeListener(AbstractMessageListenerContainer.java:1604) ~[spring-rabbit-3.2.8.jar:3.2.8]
	at org.springframework.amqp.rabbit.listener.AbstractMessageListenerContainer.doExecuteListener(AbstractMessageListenerContainer.java:1595) ~[spring-rabbit-3.2.8.jar:3.2.8]
	at org.springframework.amqp.rabbit.listener.AbstractMessageListenerContainer.executeListenerAndHandleException(AbstractMessageListenerContainer.java:1540) ~[spring-rabbit-3.2.8.jar:3.2.8]
	at org.springframework.amqp.rabbit.listener.AbstractMessageListenerContainer.executeListener(AbstractMessageListenerContainer.java:1521) ~[spring-rabbit-3.2.8.jar:3.2.8]
	at org.springframework.amqp.rabbit.listener.SimpleMessageListenerContainer.doReceiveAndExecute(SimpleMessageListenerContainer.java:1091) ~[spring-rabbit-3.2.8.jar:3.2.8]
	at org.springframework.amqp.rabbit.listener.SimpleMessageListenerContainer.receiveAndExecute(SimpleMessageListenerContainer.java:1027) ~[spring-rabbit-3.2.8.jar:3.2.8]
	at org.springframework.amqp.rabbit.listener.SimpleMessageListenerContainer$AsyncMessageProcessingConsumer.mainLoop(SimpleMessageListenerContainer.java:1431) ~[spring-rabbit-3.2.8.jar:3.2.8]
	at org.springframework.amqp.rabbit.listener.SimpleMessageListenerContainer$AsyncMessageProcessingConsumer.run(SimpleMessageListenerContainer.java:1331) ~[spring-rabbit-3.2.8.jar:3.2.8]
	at java.base/java.lang.Thread.run(Thread.java:1583) ~[na:na]
Caused by: java.lang.StringIndexOutOfBoundsException: Range [0, 18) out of bounds for length 17
	at java.base/jdk.internal.util.Preconditions$1.apply(Preconditions.java:55) ~[na:na]
	at java.base/jdk.internal.util.Preconditions$1.apply(Preconditions.java:52) ~[na:na]
	at java.base/jdk.internal.util.Preconditions$4.apply(Preconditions.java:213) ~[na:na]
	at java.base/jdk.internal.util.Preconditions$4.apply(Preconditions.java:210) ~[na:na]
	at java.base/jdk.internal.util.Preconditions.outOfBounds(Preconditions.java:98) ~[na:na]
	at java.base/jdk.internal.util.Preconditions.outOfBoundsCheckFromToIndex(Preconditions.java:112) ~[na:na]
	at java.base/jdk.internal.util.Preconditions.checkFromToIndex(Preconditions.java:349) ~[na:na]
	at java.base/java.lang.String.checkBoundsBeginEnd(String.java:4865) ~[na:na]
	at java.base/java.lang.String.substring(String.java:2834) ~[na:na]
	at com.sentinel.tenant_service.service.impl.TenantServiceImpl.generateSlug(TenantServiceImpl.java:296) ~[classes/:na]
	at com.sentinel.tenant_service.service.impl.TenantServiceImpl.createTenantForUser(TenantServiceImpl.java:91) ~[classes/:na]
	at java.base/jdk.internal.reflect.DirectMethodHandleAccessor.invoke(DirectMethodHandleAccessor.java:103) ~[na:na]
	at java.base/java.lang.reflect.Method.invoke(Method.java:580) ~[na:na]
	at org.springframework.aop.support.AopUtils.invokeJoinpointUsingReflection(AopUtils.java:360) ~[spring-aop-6.2.14.jar:6.2.14]
	at org.springframework.aop.framework.ReflectiveMethodInvocation.invokeJoinpoint(ReflectiveMethodInvocation.java:196) ~[spring-aop-6.2.14.jar:6.2.14]
	at org.springframework.aop.framework.ReflectiveMethodInvocation.proceed(ReflectiveMethodInvocation.java:163) ~[spring-aop-6.2.14.jar:6.2.14]
	at org.springframework.transaction.interceptor.TransactionAspectSupport.invokeWithinTransaction(TransactionAspectSupport.java:380) ~[spring-tx-6.2.14.jar:6.2.14]
	at org.springframework.transaction.interceptor.TransactionInterceptor.invoke(TransactionInterceptor.java:119) ~[spring-tx-6.2.14.jar:6.2.14]
	at org.springframework.aop.framework.ReflectiveMethodInvocation.proceed(ReflectiveMethodInvocation.java:184) ~[spring-aop-6.2.14.jar:6.2.14]
	at org.springframework.aop.framework.CglibAopProxy$DynamicAdvisedInterceptor.intercept(CglibAopProxy.java:728) ~[spring-aop-6.2.14.jar:6.2.14]
	at com.sentinel.tenant_service.service.impl.TenantServiceImpl$$SpringCGLIB$$0.createTenantForUser(<generated>) ~[classes/:na]
	at com.sentinel.tenant_service.events.listeners.UserRegisteredListener.handleUserRegistered(UserRegisteredListener.java:52) ~[classes/:na]
	at java.base/jdk.internal.reflect.DirectMethodHandleAccessor.invoke(DirectMethodHandleAccessor.java:103) ~[na:na]
	at java.base/java.lang.reflect.Method.invoke(Method.java:580) ~[na:na]
	at org.springframework.messaging.handler.invocation.InvocableHandlerMethod.doInvoke(InvocableHandlerMethod.java:169) ~[spring-messaging-6.2.14.jar:6.2.14]
	at org.springframework.amqp.rabbit.listener.adapter.KotlinAwareInvocableHandlerMethod.doInvoke(KotlinAwareInvocableHandlerMethod.java:45) ~[spring-rabbit-3.2.8.jar:3.2.8]
	at org.springframework.messaging.handler.invocation.InvocableHandlerMethod.invoke(InvocableHandlerMethod.java:119) ~[spring-messaging-6.2.14.jar:6.2.14]
	at org.springframework.amqp.rabbit.listener.adapter.HandlerAdapter.invoke(HandlerAdapter.java:80) ~[spring-rabbit-3.2.8.jar:3.2.8]
	at org.springframework.amqp.rabbit.listener.adapter.MessagingMessageListenerAdapter.invokeHandler(MessagingMessageListenerAdapter.java:274) ~[spring-rabbit-3.2.8.jar:3.2.8]
	... 13 common frames omitted

2025-12-02T19:39:22.632-05:00 DEBUG 124510 --- [tenant-service] [org.springframework.amqp.rabbit.RabbitListenerEndpointContainer#0-1] o.s.a.r.listener.BlockingQueueConsumer   : Rejecting messages (requeue=true)
2025-12-02T19:39:22.632-05:00 DEBUG 124510 --- [tenant-service] [pool-2-thread-9] o.s.a.r.listener.BlockingQueueConsumer   : Storing delivery for consumerTag: 'amq.ctag-cAqrhI9n0NxPX1HhqC9Csg' with deliveryTag: '1663' in Consumer@2baf9cd4: tags=[[amq.ctag-cAqrhI9n0NxPX1HhqC9Csg]], channel=Cached Rabbit Channel: AMQChannel(amqp://guest@127.0.0.1:5672/,1), conn: Proxy@ae449e7 Shared Rabbit Connection: SimpleConnection@15beb40b [delegate=amqp://guest@127.0.0.1:5672/, localPort=40784], acknowledgeMode=AUTO local queue size=0
2025-12-02T19:39:22.632-05:00 DEBUG 124510 --- [tenant-service] [org.springframework.amqp.rabbit.RabbitListenerEndpointContainer#0-1] o.s.a.r.listener.BlockingQueueConsumer   : Received message: (Body:'[B@3cb4dda6(byte[176])' MessageProperties [headers={__ContentTypeId__=java.lang.Object, __KeyTypeId__=java.lang.Object, __TypeId__=java.util.HashMap}, contentType=application/json, contentEncoding=UTF-8, contentLength=0, receivedDeliveryMode=PERSISTENT, priority=0, redelivered=true, receivedExchange=auth-exchange, receivedRoutingKey=auth.user.registered, deliveryTag=1663, consumerTag=amq.ctag-cAqrhI9n0NxPX1HhqC9Csg, consumerQueue=auth.user.registered.queue])
2025-12-02T19:39:22.632-05:00 DEBUG 124510 --- [tenant-service] [org.springframework.amqp.rabbit.RabbitListenerEndpointContainer#0-1] .a.r.l.a.MessagingMessageListenerAdapter : Processing [GenericMessage [payload={globalRole=USER, eventType=auth.user.registered, userId=83278a9a-ba74-469a-994e-effb51d8837e, email=prueba@correo.com, timestamp=2025-12-02T19:33:08.964523491}, headers={amqp_receivedDeliveryMode=PERSISTENT, amqp_receivedExchange=auth-exchange, amqp_deliveryTag=1663, amqp_consumerQueue=auth.user.registered.queue, amqp_redelivered=true, __ContentTypeId__=java.lang.Object, amqp_receivedRoutingKey=auth.user.registered, amqp_contentEncoding=UTF-8, __KeyTypeId__=java.lang.Object, amqp_retryCount=0, id=73433bce-4920-d1ba-7cce-ae2176d76aec, amqp_consumerTag=amq.ctag-cAqrhI9n0NxPX1HhqC9Csg, amqp_lastInBatch=false, contentType=application/json, __TypeId__=java.util.HashMap, timestamp=1764722362632}]]
2025-12-02T19:39:22.632-05:00  INFO 124510 --- [tenant-service] [org.springframework.amqp.rabbit.RabbitListenerEndpointContainer#0-1] c.s.t.e.l.UserRegisteredListener         : Received auth.user.registered event: {globalRole=USER, eventType=auth.user.registered, userId=83278a9a-ba74-469a-994e-effb51d8837e, email=prueba@correo.com, timestamp=2025-12-02T19:33:08.964523491}
2025-12-02T19:39:22.632-05:00  INFO 124510 --- [tenant-service] [org.springframework.amqp.rabbit.RabbitListenerEndpointContainer#0-1] c.s.t.e.l.UserRegisteredListener         : Creating tenant for new user: prueba@correo.com (83278a9a-ba74-469a-994e-effb51d8837e)
2025-12-02T19:39:22.632-05:00  INFO 124510 --- [tenant-service] [org.springframework.amqp.rabbit.RabbitListenerEndpointContainer#0-1] c.s.t.service.impl.TenantServiceImpl     : Auto-creating tenant for new user: 83278a9a-ba74-469a-994e-effb51d8837e
2025-12-02T19:39:22.633-05:00 ERROR 124510 --- [tenant-service] [org.springframework.amqp.rabbit.RabbitListenerEndpointContainer#0-1] c.s.t.e.l.UserRegisteredListener         : Error processing auth.user.registered event: Range [0, 18) out of bounds for length 17

java.lang.StringIndexOutOfBoundsException: Range [0, 18) out of bounds for length 17
	at java.base/jdk.internal.util.Preconditions$1.apply(Preconditions.java:55) ~[na:na]
	at java.base/jdk.internal.util.Preconditions$1.apply(Preconditions.java:52) ~[na:na]
	at java.base/jdk.internal.util.Preconditions$4.apply(Preconditions.java:213) ~[na:na]
	at java.base/jdk.internal.util.Preconditions$4.apply(Preconditions.java:210) ~[na:na]
	at java.base/jdk.internal.util.Preconditions.outOfBounds(Preconditions.java:98) ~[na:na]
	at java.base/jdk.internal.util.Preconditions.outOfBoundsCheckFromToIndex(Preconditions.java:112) ~[na:na]
	at java.base/jdk.internal.util.Preconditions.checkFromToIndex(Preconditions.java:349) ~[na:na]
	at java.base/java.lang.String.checkBoundsBeginEnd(String.java:4865) ~[na:na]
	at java.base/java.lang.String.substring(String.java:2834) ~[na:na]
	at com.sentinel.tenant_service.service.impl.TenantServiceImpl.generateSlug(TenantServiceImpl.java:296) ~[classes/:na]
	at com.sentinel.tenant_service.service.impl.TenantServiceImpl.createTenantForUser(TenantServiceImpl.java:91) ~[classes/:na]
	at java.base/jdk.internal.reflect.DirectMethodHandleAccessor.invoke(DirectMethodHandleAccessor.java:103) ~[na:na]
	at java.base/java.lang.reflect.Method.invoke(Method.java:580) ~[na:na]
	at org.springframework.aop.support.AopUtils.invokeJoinpointUsingReflection(AopUtils.java:360) ~[spring-aop-6.2.14.jar:6.2.14]
	at org.springframework.aop.framework.ReflectiveMethodInvocation.invokeJoinpoint(ReflectiveMethodInvocation.java:196) ~[spring-aop-6.2.14.jar:6.2.14]
	at org.springframework.aop.framework.ReflectiveMethodInvocation.proceed(ReflectiveMethodInvocation.java:163) ~[spring-aop-6.2.14.jar:6.2.14]
	at org.springframework.transaction.interceptor.TransactionAspectSupport.invokeWithinTransaction(TransactionAspectSupport.java:380) ~[spring-tx-6.2.14.jar:6.2.14]
	at org.springframework.transaction.interceptor.TransactionInterceptor.invoke(TransactionInterceptor.java:119) ~[spring-tx-6.2.14.jar:6.2.14]
	at org.springframework.aop.framework.ReflectiveMethodInvocation.proceed(ReflectiveMethodInvocation.java:184) ~[spring-aop-6.2.14.jar:6.2.14]
	at org.springframework.aop.framework.CglibAopProxy$DynamicAdvisedInterceptor.intercept(CglibAopProxy.java:728) ~[spring-aop-6.2.14.jar:6.2.14]
	at com.sentinel.tenant_service.service.impl.TenantServiceImpl$$SpringCGLIB$$0.createTenantForUser(<generated>) ~[classes/:na]
	at com.sentinel.tenant_service.events.listeners.UserRegisteredListener.handleUserRegistered(UserRegisteredListener.java:52) ~[classes/:na]
	at java.base/jdk.internal.reflect.DirectMethodHandleAccessor.invoke(DirectMethodHandleAccessor.java:103) ~[na:na]
	at java.base/java.lang.reflect.Method.invoke(Method.java:580) ~[na:na]
	at org.springframework.messaging.handler.invocation.InvocableHandlerMethod.doInvoke(InvocableHandlerMethod.java:169) ~[spring-messaging-6.2.14.jar:6.2.14]
	at org.springframework.amqp.rabbit.listener.adapter.KotlinAwareInvocableHandlerMethod.doInvoke(KotlinAwareInvocableHandlerMethod.java:45) ~[spring-rabbit-3.2.8.jar:3.2.8]
	at org.springframework.messaging.handler.invocation.InvocableHandlerMethod.invoke(InvocableHandlerMethod.java:119) ~[spring-messaging-6.2.14.jar:6.2.14]
	at org.springframework.amqp.rabbit.listener.adapter.HandlerAdapter.invoke(HandlerAdapter.java:80) ~[spring-rabbit-3.2.8.jar:3.2.8]
	at org.springframework.amqp.rabbit.listener.adapter.MessagingMessageListenerAdapter.invokeHandler(MessagingMessageListenerAdapter.java:274) ~[spring-rabbit-3.2.8.jar:3.2.8]
	at org.springframework.amqp.rabbit.listener.adapter.MessagingMessageListenerAdapter.invokeHandlerAndProcessResult(MessagingMessageListenerAdapter.java:221) ~[spring-rabbit-3.2.8.jar:3.2.8]
	at org.springframework.amqp.rabbit.listener.adapter.MessagingMessageListenerAdapter.onMessage(MessagingMessageListenerAdapter.java:148) ~[spring-rabbit-3.2.8.jar:3.2.8]
	at org.springframework.amqp.rabbit.listener.AbstractMessageListenerContainer.doInvokeListener(AbstractMessageListenerContainer.java:1694) ~[spring-rabbit-3.2.8.jar:3.2.8]
	at org.springframework.amqp.rabbit.listener.AbstractMessageListenerContainer.actualInvokeListener(AbstractMessageListenerContainer.java:1616) ~[spring-rabbit-3.2.8.jar:3.2.8]
	at org.springframework.amqp.rabbit.listener.AbstractMessageListenerContainer.invokeListener(AbstractMessageListenerContainer.java:1604) ~[spring-rabbit-3.2.8.jar:3.2.8]
	at org.springframework.amqp.rabbit.listener.AbstractMessageListenerContainer.doExecuteListener(AbstractMessageListenerContainer.java:1595) ~[spring-rabbit-3.2.8.jar:3.2.8]
	at org.springframework.amqp.rabbit.listener.AbstractMessageListenerContainer.executeListenerAndHandleException(AbstractMessageListenerContainer.java:1540) ~[spring-rabbit-3.2.8.jar:3.2.8]
	at org.springframework.amqp.rabbit.listener.AbstractMessageListenerContainer.executeListener(AbstractMessageListenerContainer.java:1521) ~[spring-rabbit-3.2.8.jar:3.2.8]
	at org.springframework.amqp.rabbit.listener.SimpleMessageListenerContainer.doReceiveAndExecute(SimpleMessageListenerContainer.java:1091) ~[spring-rabbit-3.2.8.jar:3.2.8]
	at org.springframework.amqp.rabbit.listener.SimpleMessageListenerContainer.receiveAndExecute(SimpleMessageListenerContainer.java:1027) ~[spring-rabbit-3.2.8.jar:3.2.8]
	at org.springframework.amqp.rabbit.listener.SimpleMessageListenerContainer$AsyncMessageProcessingConsumer.mainLoop(SimpleMessageListenerContainer.java:1431) ~[spring-rabbit-3.2.8.jar:3.2.8]
	at org.springframework.amqp.rabbit.listener.SimpleMessageListenerContainer$AsyncMessageProcessingConsumer.run(SimpleMessageListenerContainer.java:1331) ~[spring-rabbit-3.2.8.jar:3.2.8]
	at java.base/java.lang.Thread.run(Thread.java:1583) ~[na:na]

2025-12-02T19:39:22.633-05:00  WARN 124510 --- [tenant-service] [org.springframework.amqp.rabbit.RabbitListenerEndpointContainer#0-1] s.a.r.l.ConditionalRejectingErrorHandler : Execution of Rabbit message listener failed.

org.springframework.amqp.rabbit.support.ListenerExecutionFailedException: Listener method 'public void com.sentinel.tenant_service.events.listeners.UserRegisteredListener.handleUserRegistered(java.util.Map<java.lang.String, java.lang.Object>)' threw exception
	at org.springframework.amqp.rabbit.listener.adapter.MessagingMessageListenerAdapter.invokeHandler(MessagingMessageListenerAdapter.java:283) ~[spring-rabbit-3.2.8.jar:3.2.8]
	at org.springframework.amqp.rabbit.listener.adapter.MessagingMessageListenerAdapter.invokeHandlerAndProcessResult(MessagingMessageListenerAdapter.java:221) ~[spring-rabbit-3.2.8.jar:3.2.8]
	at org.springframework.amqp.rabbit.listener.adapter.MessagingMessageListenerAdapter.onMessage(MessagingMessageListenerAdapter.java:148) ~[spring-rabbit-3.2.8.jar:3.2.8]
	at org.springframework.amqp.rabbit.listener.AbstractMessageListenerContainer.doInvokeListener(AbstractMessageListenerContainer.java:1694) ~[spring-rabbit-3.2.8.jar:3.2.8]
	at org.springframework.amqp.rabbit.listener.AbstractMessageListenerContainer.actualInvokeListener(AbstractMessageListenerContainer.java:1616) ~[spring-rabbit-3.2.8.jar:3.2.8]
	at org.springframework.amqp.rabbit.listener.AbstractMessageListenerContainer.invokeListener(AbstractMessageListenerContainer.java:1604) ~[spring-rabbit-3.2.8.jar:3.2.8]
	at org.springframework.amqp.rabbit.listener.AbstractMessageListenerContainer.doExecuteListener(AbstractMessageListenerContainer.java:1595) ~[spring-rabbit-3.2.8.jar:3.2.8]
	at org.springframework.amqp.rabbit.listener.AbstractMessageListenerContainer.executeListenerAndHandleException(AbstractMessageListenerContainer.java:1540) ~[spring-rabbit-3.2.8.jar:3.2.8]
	at org.springframework.amqp.rabbit.listener.AbstractMessageListenerContainer.executeListener(AbstractMessageListenerContainer.java:1521) ~[spring-rabbit-3.2.8.jar:3.2.8]
	at org.springframework.amqp.rabbit.listener.SimpleMessageListenerContainer.doReceiveAndExecute(SimpleMessageListenerContainer.java:1091) ~[spring-rabbit-3.2.8.jar:3.2.8]
	at org.springframework.amqp.rabbit.listener.SimpleMessageListenerContainer.receiveAndExecute(SimpleMessageListenerContainer.java:1027) ~[spring-rabbit-3.2.8.jar:3.2.8]
	at org.springframework.amqp.rabbit.listener.SimpleMessageListenerContainer$AsyncMessageProcessingConsumer.mainLoop(SimpleMessageListenerContainer.java:1431) ~[spring-rabbit-3.2.8.jar:3.2.8]
	at org.springframework.amqp.rabbit.listener.SimpleMessageListenerContainer$AsyncMessageProcessingConsumer.run(SimpleMessageListenerContainer.java:1331) ~[spring-rabbit-3.2.8.jar:3.2.8]
	at java.base/java.lang.Thread.run(Thread.java:1583) ~[na:na]
Caused by: java.lang.StringIndexOutOfBoundsException: Range [0, 18) out of bounds for length 17
	at java.base/jdk.internal.util.Preconditions$1.apply(Preconditions.java:55) ~[na:na]
	at java.base/jdk.internal.util.Preconditions$1.apply(Preconditions.java:52) ~[na:na]
	at java.base/jdk.internal.util.Preconditions$4.apply(Preconditions.java:213) ~[na:na]
	at java.base/jdk.internal.util.Preconditions$4.apply(Preconditions.java:210) ~[na:na]
	at java.base/jdk.internal.util.Preconditions.outOfBounds(Preconditions.java:98) ~[na:na]
	at java.base/jdk.internal.util.Preconditions.outOfBoundsCheckFromToIndex(Preconditions.java:112) ~[na:na]
	at java.base/jdk.internal.util.Preconditions.checkFromToIndex(Preconditions.java:349) ~[na:na]
	at java.base/java.lang.String.checkBoundsBeginEnd(String.java:4865) ~[na:na]
	at java.base/java.lang.String.substring(String.java:2834) ~[na:na]
	at com.sentinel.tenant_service.service.impl.TenantServiceImpl.generateSlug(TenantServiceImpl.java:296) ~[classes/:na]
	at com.sentinel.tenant_service.service.impl.TenantServiceImpl.createTenantForUser(TenantServiceImpl.java:91) ~[classes/:na]
	at java.base/jdk.internal.reflect.DirectMethodHandleAccessor.invoke(DirectMethodHandleAccessor.java:103) ~[na:na]
	at java.base/java.lang.reflect.Method.invoke(Method.java:580) ~[na:na]
	at org.springframework.aop.support.AopUtils.invokeJoinpointUsingReflection(AopUtils.java:360) ~[spring-aop-6.2.14.jar:6.2.14]
	at org.springframework.aop.framework.ReflectiveMethodInvocation.invokeJoinpoint(ReflectiveMethodInvocation.java:196) ~[spring-aop-6.2.14.jar:6.2.14]
	at org.springframework.aop.framework.ReflectiveMethodInvocation.proceed(ReflectiveMethodInvocation.java:163) ~[spring-aop-6.2.14.jar:6.2.14]
	at org.springframework.transaction.interceptor.TransactionAspectSupport.invokeWithinTransaction(TransactionAspectSupport.java:380) ~[spring-tx-6.2.14.jar:6.2.14]
	at org.springframework.transaction.interceptor.TransactionInterceptor.invoke(TransactionInterceptor.java:119) ~[spring-tx-6.2.14.jar:6.2.14]
	at org.springframework.aop.framework.ReflectiveMethodInvocation.proceed(ReflectiveMethodInvocation.java:184) ~[spring-aop-6.2.14.jar:6.2.14]
	at org.springframework.aop.framework.CglibAopProxy$DynamicAdvisedInterceptor.intercept(CglibAopProxy.java:728) ~[spring-aop-6.2.14.jar:6.2.14]
	at com.sentinel.tenant_service.service.impl.TenantServiceImpl$$SpringCGLIB$$0.createTenantForUser(<generated>) ~[classes/:na]
	at com.sentinel.tenant_service.events.listeners.UserRegisteredListener.handleUserRegistered(UserRegisteredListener.java:52) ~[classes/:na]
	at java.base/jdk.internal.reflect.DirectMethodHandleAccessor.invoke(DirectMethodHandleAccessor.java:103) ~[na:na]
	at java.base/java.lang.reflect.Method.invoke(Method.java:580) ~[na:na]
	at org.springframework.messaging.handler.invocation.InvocableHandlerMethod.doInvoke(InvocableHandlerMethod.java:169) ~[spring-messaging-6.2.14.jar:6.2.14]
	at org.springframework.amqp.rabbit.listener.adapter.KotlinAwareInvocableHandlerMethod.doInvoke(KotlinAwareInvocableHandlerMethod.java:45) ~[spring-rabbit-3.2.8.jar:3.2.8]
	at org.springframework.messaging.handler.invocation.InvocableHandlerMethod.invoke(InvocableHandlerMethod.java:119) ~[spring-messaging-6.2.14.jar:6.2.14]
	at org.springframework.amqp.rabbit.listener.adapter.HandlerAdapter.invoke(HandlerAdapter.java:80) ~[spring-rabbit-3.2.8.jar:3.2.8]
	at org.springframework.amqp.rabbit.listener.adapter.MessagingMessageListenerAdapter.invokeHandler(MessagingMessageListenerAdapter.java:274) ~[spring-rabbit-3.2.8.jar:3.2.8]
	... 13 common frames omitted

2025-12-02T19:39:22.633-05:00 DEBUG 124510 --- [tenant-service] [org.springframework.amqp.rabbit.RabbitListenerEndpointContainer#0-1] o.s.a.r.listener.BlockingQueueConsumer   : Rejecting messages (requeue=true)
2025-12-02T19:39:22.633-05:00 DEBUG 124510 --- [tenant-service] [pool-2-thread-10] o.s.a.r.listener.BlockingQueueConsumer   : Storing delivery for consumerTag: 'amq.ctag-cAqrhI9n0NxPX1HhqC9Csg' with deliveryTag: '1664' in Consumer@2baf9cd4: tags=[[amq.ctag-cAqrhI9n0NxPX1HhqC9Csg]], channel=Cached Rabbit Channel: AMQChannel(amqp://guest@127.0.0.1:5672/,1), conn: Proxy@ae449e7 Shared Rabbit Connection: SimpleConnection@15beb40b [delegate=amqp://guest@127.0.0.1:5672/, localPort=40784], acknowledgeMode=AUTO local queue size=0
2025-12-02T19:39:22.633-05:00 DEBUG 124510 --- [tenant-service] [org.springframework.amqp.rabbit.RabbitListenerEndpointContainer#0-1] o.s.a.r.listener.BlockingQueueConsumer   : Received message: (Body:'[B@1012ae2f(byte[176])' MessageProperties [headers={__ContentTypeId__=java.lang.Object, __KeyTypeId__=java.lang.Object, __TypeId__=java.util.HashMap}, contentType=application/json, contentEncoding=UTF-8, contentLength=0, receivedDeliveryMode=PERSISTENT, priority=0, redelivered=true, receivedExchange=auth-exchange, receivedRoutingKey=auth.user.registered, deliveryTag=1664, consumerTag=amq.ctag-cAqrhI9n0NxPX1HhqC9Csg, consumerQueue=auth.user.registered.queue])
2025-12-02T19:39:22.633-05:00 DEBUG 124510 --- [tenant-service] [org.springframework.amqp.rabbit.RabbitListenerEndpointContainer#0-1] .a.r.l.a.MessagingMessageListenerAdapter : Processing [GenericMessage [payload={globalRole=USER, eventType=auth.user.registered, userId=83278a9a-ba74-469a-994e-effb51d8837e, email=prueba@correo.com, timestamp=2025-12-02T19:33:08.964523491}, headers={amqp_receivedDeliveryMode=PERSISTENT, amqp_receivedExchange=auth-exchange, amqp_deliveryTag=1664, amqp_consumerQueue=auth.user.registered.queue, amqp_redelivered=true, __ContentTypeId__=java.lang.Object, amqp_receivedRoutingKey=auth.user.registered, amqp_contentEncoding=UTF-8, __KeyTypeId__=java.lang.Object, amqp_retryCount=0, id=2b921839-5e44-4178-fd26-7bc7a7b468b2, amqp_consumerTag=amq.ctag-cAqrhI9n0NxPX1HhqC9Csg, amqp_lastInBatch=false, contentType=application/json, __TypeId__=java.util.HashMap, timestamp=1764722362633}]]
2025-12-02T19:39:22.633-05:00  INFO 124510 --- [tenant-service] [org.springframework.amqp.rabbit.RabbitListenerEndpointContainer#0-1] c.s.t.e.l.UserRegisteredListener         : Received auth.user.registered event: {globalRole=USER, eventType=auth.user.registered, userId=83278a9a-ba74-469a-994e-effb51d8837e, email=prueba@correo.com, timestamp=2025-12-02T19:33:08.964523491}
2025-12-02T19:39:22.633-05:00  INFO 124510 --- [tenant-service] [org.springframework.amqp.rabbit.RabbitListenerEndpointContainer#0-1] c.s.t.e.l.UserRegisteredListener         : Creating tenant for new user: prueba@correo.com (83278a9a-ba74-469a-994e-effb51d8837e)
2025-12-02T19:39:22.633-05:00  INFO 124510 --- [tenant-service] [org.springframework.amqp.rabbit.RabbitListenerEndpointContainer#0-1] c.s.t.service.impl.TenantServiceImpl     : Auto-creating tenant for new user: 83278a9a-ba74-469a-994e-effb51d8837e
2025-12-02T19:39:22.633-05:00 ERROR 124510 --- [tenant-service] [org.springframework.amqp.rabbit.RabbitListenerEndpointContainer#0-1] c.s.t.e.l.UserRegisteredListener         : Error processing auth.user.registered event: Range [0, 18) out of bounds for length 17

java.lang.StringIndexOutOfBoundsException: Range [0, 18) out of bounds for length 17
	at java.base/jdk.internal.util.Preconditions$1.apply(Preconditions.java:55) ~[na:na]
	at java.base/jdk.internal.util.Preconditions$1.apply(Preconditions.java:52) ~[na:na]
	at java.base/jdk.internal.util.Preconditions$4.apply(Preconditions.java:213) ~[na:na]
	at java.base/jdk.internal.util.Preconditions$4.apply(Preconditions.java:210) ~[na:na]
	at java.base/jdk.internal.util.Preconditions.outOfBounds(Preconditions.java:98) ~[na:na]
	at java.base/jdk.internal.util.Preconditions.outOfBoundsCheckFromToIndex(Preconditions.java:112) ~[na:na]
	at java.base/jdk.internal.util.Preconditions.checkFromToIndex(Preconditions.java:349) ~[na:na]
	at java.base/java.lang.String.checkBoundsBeginEnd(String.java:4865) ~[na:na]
	at java.base/java.lang.String.substring(String.java:2834) ~[na:na]
	at com.sentinel.tenant_service.service.impl.TenantServiceImpl.generateSlug(TenantServiceImpl.java:296) ~[classes/:na]
	at com.sentinel.tenant_service.service.impl.TenantServiceImpl.createTenantForUser(TenantServiceImpl.java:91) ~[classes/:na]
	at java.base/jdk.internal.reflect.DirectMethodHandleAccessor.invoke(DirectMethodHandleAccessor.java:103) ~[na:na]
	at java.base/java.lang.reflect.Method.invoke(Method.java:580) ~[na:na]
	at org.springframework.aop.support.AopUtils.invokeJoinpointUsingReflection(AopUtils.java:360) ~[spring-aop-6.2.14.jar:6.2.14]
	at org.springframework.aop.framework.ReflectiveMethodInvocation.invokeJoinpoint(ReflectiveMethodInvocation.java:196) ~[spring-aop-6.2.14.jar:6.2.14]
	at org.springframework.aop.framework.ReflectiveMethodInvocation.proceed(ReflectiveMethodInvocation.java:163) ~[spring-aop-6.2.14.jar:6.2.14]
	at org.springframework.transaction.interceptor.TransactionAspectSupport.invokeWithinTransaction(TransactionAspectSupport.java:380) ~[spring-tx-6.2.14.jar:6.2.14]
	at org.springframework.transaction.interceptor.TransactionInterceptor.invoke(TransactionInterceptor.java:119) ~[spring-tx-6.2.14.jar:6.2.14]
	at org.springframework.aop.framework.ReflectiveMethodInvocation.proceed(ReflectiveMethodInvocation.java:184) ~[spring-aop-6.2.14.jar:6.2.14]
	at org.springframework.aop.framework.CglibAopProxy$DynamicAdvisedInterceptor.intercept(CglibAopProxy.java:728) ~[spring-aop-6.2.14.jar:6.2.14]
	at com.sentinel.tenant_service.service.impl.TenantServiceImpl$$SpringCGLIB$$0.createTenantForUser(<generated>) ~[classes/:na]
	at com.sentinel.tenant_service.events.listeners.UserRegisteredListener.handleUserRegistered(UserRegisteredListener.java:52) ~[classes/:na]
	at java.base/jdk.internal.reflect.DirectMethodHandleAccessor.invoke(DirectMethodHandleAccessor.java:103) ~[na:na]
	at java.base/java.lang.reflect.Method.invoke(Method.java:580) ~[na:na]
	at org.springframework.messaging.handler.invocation.InvocableHandlerMethod.doInvoke(InvocableHandlerMethod.java:169) ~[spring-messaging-6.2.14.jar:6.2.14]
	at org.springframework.amqp.rabbit.listener.adapter.KotlinAwareInvocableHandlerMethod.doInvoke(KotlinAwareInvocableHandlerMethod.java:45) ~[spring-rabbit-3.2.8.jar:3.2.8]
	at org.springframework.messaging.handler.invocation.InvocableHandlerMethod.invoke(InvocableHandlerMethod.java:119) ~[spring-messaging-6.2.14.jar:6.2.14]
	at org.springframework.amqp.rabbit.listener.adapter.HandlerAdapter.invoke(HandlerAdapter.java:80) ~[spring-rabbit-3.2.8.jar:3.2.8]
	at org.springframework.amqp.rabbit.listener.adapter.MessagingMessageListenerAdapter.invokeHandler(MessagingMessageListenerAdapter.java:274) ~[spring-rabbit-3.2.8.jar:3.2.8]
	at org.springframework.amqp.rabbit.listener.adapter.MessagingMessageListenerAdapter.invokeHandlerAndProcessResult(MessagingMessageListenerAdapter.java:221) ~[spring-rabbit-3.2.8.jar:3.2.8]
	at org.springframework.amqp.rabbit.listener.adapter.MessagingMessageListenerAdapter.onMessage(MessagingMessageListenerAdapter.java:148) ~[spring-rabbit-3.2.8.jar:3.2.8]
	at org.springframework.amqp.rabbit.listener.AbstractMessageListenerContainer.doInvokeListener(AbstractMessageListenerContainer.java:1694) ~[spring-rabbit-3.2.8.jar:3.2.8]
	at org.springframework.amqp.rabbit.listener.AbstractMessageListenerContainer.actualInvokeListener(AbstractMessageListenerContainer.java:1616) ~[spring-rabbit-3.2.8.jar:3.2.8]
	at org.springframework.amqp.rabbit.listener.AbstractMessageListenerContainer.invokeListener(AbstractMessageListenerContainer.java:1604) ~[spring-rabbit-3.2.8.jar:3.2.8]
	at org.springframework.amqp.rabbit.listener.AbstractMessageListenerContainer.doExecuteListener(AbstractMessageListenerContainer.java:1595) ~[spring-rabbit-3.2.8.jar:3.2.8]
	at org.springframework.amqp.rabbit.listener.AbstractMessageListenerContainer.executeListenerAndHandleException(AbstractMessageListenerContainer.java:1540) ~[spring-rabbit-3.2.8.jar:3.2.8]
	at org.springframework.amqp.rabbit.listener.AbstractMessageListenerContainer.executeListener(AbstractMessageListenerContainer.java:1521) ~[spring-rabbit-3.2.8.jar:3.2.8]
	at org.springframework.amqp.rabbit.listener.SimpleMessageListenerContainer.doReceiveAndExecute(SimpleMessageListenerContainer.java:1091) ~[spring-rabbit-3.2.8.jar:3.2.8]
	at org.springframework.amqp.rabbit.listener.SimpleMessageListenerContainer.receiveAndExecute(SimpleMessageListenerContainer.java:1027) ~[spring-rabbit-3.2.8.jar:3.2.8]
	at org.springframework.amqp.rabbit.listener.SimpleMessageListenerContainer$AsyncMessageProcessingConsumer.mainLoop(SimpleMessageListenerContainer.java:1431) ~[spring-rabbit-3.2.8.jar:3.2.8]
	at org.springframework.amqp.rabbit.listener.SimpleMessageListenerContainer$AsyncMessageProcessingConsumer.run(SimpleMessageListenerContainer.java:1331) ~[spring-rabbit-3.2.8.jar:3.2.8]
	at java.base/java.lang.Thread.run(Thread.java:1583) ~[na:na]

2025-12-02T19:39:22.633-05:00  WARN 124510 --- [tenant-service] [org.springframework.amqp.rabbit.RabbitListenerEndpointContainer#0-1] s.a.r.l.ConditionalRejectingErrorHandler : Execution of Rabbit message listener failed.

org.springframework.amqp.rabbit.support.ListenerExecutionFailedException: Listener method 'public void com.sentinel.tenant_service.events.listeners.UserRegisteredListener.handleUserRegistered(java.util.Map<java.lang.String, java.lang.Object>)' threw exception
	at org.springframework.amqp.rabbit.listener.adapter.MessagingMessageListenerAdapter.invokeHandler(MessagingMessageListenerAdapter.java:283) ~[spring-rabbit-3.2.8.jar:3.2.8]
	at org.springframework.amqp.rabbit.listener.adapter.MessagingMessageListenerAdapter.invokeHandlerAndProcessResult(MessagingMessageListenerAdapter.java:221) ~[spring-rabbit-3.2.8.jar:3.2.8]
	at org.springframework.amqp.rabbit.listener.adapter.MessagingMessageListenerAdapter.onMessage(MessagingMessageListenerAdapter.java:148) ~[spring-rabbit-3.2.8.jar:3.2.8]
	at org.springframework.amqp.rabbit.listener.AbstractMessageListenerContainer.doInvokeListener(AbstractMessageListenerContainer.java:1694) ~[spring-rabbit-3.2.8.jar:3.2.8]
	at org.springframework.amqp.rabbit.listener.AbstractMessageListenerContainer.actualInvokeListener(AbstractMessageListenerContainer.java:1616) ~[spring-rabbit-3.2.8.jar:3.2.8]
	at org.springframework.amqp.rabbit.listener.AbstractMessageListenerContainer.invokeListener(AbstractMessageListenerContainer.java:1604) ~[spring-rabbit-3.2.8.jar:3.2.8]
	at org.springframework.amqp.rabbit.listener.AbstractMessageListenerContainer.doExecuteListener(AbstractMessageListenerContainer.java:1595) ~[spring-rabbit-3.2.8.jar:3.2.8]
	at org.springframework.amqp.rabbit.listener.AbstractMessageListenerContainer.executeListenerAndHandleException(AbstractMessageListenerContainer.java:1540) ~[spring-rabbit-3.2.8.jar:3.2.8]
	at org.springframework.amqp.rabbit.listener.AbstractMessageListenerContainer.executeListener(AbstractMessageListenerContainer.java:1521) ~[spring-rabbit-3.2.8.jar:3.2.8]
	at org.springframework.amqp.rabbit.listener.SimpleMessageListenerContainer.doReceiveAndExecute(SimpleMessageListenerContainer.java:1091) ~[spring-rabbit-3.2.8.jar:3.2.8]
	at org.springframework.amqp.rabbit.listener.SimpleMessageListenerContainer.receiveAndExecute(SimpleMessageListenerContainer.java:1027) ~[spring-rabbit-3.2.8.jar:3.2.8]
	at org.springframework.amqp.rabbit.listener.SimpleMessageListenerContainer$AsyncMessageProcessingConsumer.mainLoop(SimpleMessageListenerContainer.java:1431) ~[spring-rabbit-3.2.8.jar:3.2.8]
	at org.springframework.amqp.rabbit.listener.SimpleMessageListenerContainer$AsyncMessageProcessingConsumer.run(SimpleMessageListenerContainer.java:1331) ~[spring-rabbit-3.2.8.jar:3.2.8]
	at java.base/java.lang.Thread.run(Thread.java:1583) ~[na:na]
Caused by: java.lang.StringIndexOutOfBoundsException: Range [0, 18) out of bounds for length 17
	at java.base/jdk.internal.util.Preconditions$1.apply(Preconditions.java:55) ~[na:na]
	at java.base/jdk.internal.util.Preconditions$1.apply(Preconditions.java:52) ~[na:na]
	at java.base/jdk.internal.util.Preconditions$4.apply(Preconditions.java:213) ~[na:na]
	at java.base/jdk.internal.util.Preconditions$4.apply(Preconditions.java:210) ~[na:na]
	at java.base/jdk.internal.util.Preconditions.outOfBounds(Preconditions.java:98) ~[na:na]
	at java.base/jdk.internal.util.Preconditions.outOfBoundsCheckFromToIndex(Preconditions.java:112) ~[na:na]
	at java.base/jdk.internal.util.Preconditions.checkFromToIndex(Preconditions.java:349) ~[na:na]
	at java.base/java.lang.String.checkBoundsBeginEnd(String.java:4865) ~[na:na]
	at java.base/java.lang.String.substring(String.java:2834) ~[na:na]
	at com.sentinel.tenant_service.service.impl.TenantServiceImpl.generateSlug(TenantServiceImpl.java:296) ~[classes/:na]
	at com.sentinel.tenant_service.service.impl.TenantServiceImpl.createTenantForUser(TenantServiceImpl.java:91) ~[classes/:na]
	at java.base/jdk.internal.reflect.DirectMethodHandleAccessor.invoke(DirectMethodHandleAccessor.java:103) ~[na:na]
	at java.base/java.lang.reflect.Method.invoke(Method.java:580) ~[na:na]
	at org.springframework.aop.support.AopUtils.invokeJoinpointUsingReflection(AopUtils.java:360) ~[spring-aop-6.2.14.jar:6.2.14]
	at org.springframework.aop.framework.ReflectiveMethodInvocation.invokeJoinpoint(ReflectiveMethodInvocation.java:196) ~[spring-aop-6.2.14.jar:6.2.14]
	at org.springframework.aop.framework.ReflectiveMethodInvocation.proceed(ReflectiveMethodInvocation.java:163) ~[spring-aop-6.2.14.jar:6.2.14]
	at org.springframework.transaction.interceptor.TransactionAspectSupport.invokeWithinTransaction(TransactionAspectSupport.java:380) ~[spring-tx-6.2.14.jar:6.2.14]
	at org.springframework.transaction.interceptor.TransactionInterceptor.invoke(TransactionInterceptor.java:119) ~[spring-tx-6.2.14.jar:6.2.14]
	at org.springframework.aop.framework.ReflectiveMethodInvocation.proceed(ReflectiveMethodInvocation.java:184) ~[spring-aop-6.2.14.jar:6.2.14]
	at org.springframework.aop.framework.CglibAopProxy$DynamicAdvisedInterceptor.intercept(CglibAopProxy.java:728) ~[spring-aop-6.2.14.jar:6.2.14]
	at com.sentinel.tenant_service.service.impl.TenantServiceImpl$$SpringCGLIB$$0.createTenantForUser(<generated>) ~[classes/:na]
	at com.sentinel.tenant_service.events.listeners.UserRegisteredListener.handleUserRegistered(UserRegisteredListener.java:52) ~[classes/:na]
	at java.base/jdk.internal.reflect.DirectMethodHandleAccessor.invoke(DirectMethodHandleAccessor.java:103) ~[na:na]
	at java.base/java.lang.reflect.Method.invoke(Method.java:580) ~[na:na]
	at org.springframework.messaging.handler.invocation.InvocableHandlerMethod.doInvoke(InvocableHandlerMethod.java:169) ~[spring-messaging-6.2.14.jar:6.2.14]
	at org.springframework.amqp.rabbit.listener.adapter.KotlinAwareInvocableHandlerMethod.doInvoke(KotlinAwareInvocableHandlerMethod.java:45) ~[spring-rabbit-3.2.8.jar:3.2.8]
	at org.springframework.messaging.handler.invocation.InvocableHandlerMethod.invoke(InvocableHandlerMethod.java:119) ~[spring-messaging-6.2.14.jar:6.2.14]
	at org.springframework.amqp.rabbit.listener.adapter.HandlerAdapter.invoke(HandlerAdapter.java:80) ~[spring-rabbit-3.2.8.jar:3.2.8]
	at org.springframework.amqp.rabbit.listener.adapter.MessagingMessageListenerAdapter.invokeHandler(MessagingMessageListenerAdapter.java:274) ~[spring-rabbit-3.2.8.jar:3.2.8]
	... 13 common frames omitted

2025-12-02T19:39:22.634-05:00 DEBUG 124510 --- [tenant-service] [org.springframework.amqp.rabbit.RabbitListenerEndpointContainer#0-1] o.s.a.r.listener.BlockingQueueConsumer   : Rejecting messages (requeue=true)
2025-12-02T19:39:22.634-05:00 DEBUG 124510 --- [tenant-service] [pool-2-thread-11] o.s.a.r.listener.BlockingQueueConsumer   : Storing delivery for consumerTag: 'amq.ctag-cAqrhI9n0NxPX1HhqC9Csg' with deliveryTag: '1665' in Consumer@2baf9cd4: tags=[[amq.ctag-cAqrhI9n0NxPX1HhqC9Csg]], channel=Cached Rabbit Channel: AMQChannel(amqp://guest@127.0.0.1:5672/,1), conn: Proxy@ae449e7 Shared Rabbit Connection: SimpleConnection@15beb40b [delegate=amqp://guest@127.0.0.1:5672/, localPort=40784], acknowledgeMode=AUTO local queue size=0
2025-12-02T19:39:22.634-05:00 DEBUG 124510 --- [tenant-service] [org.springframework.amqp.rabbit.RabbitListenerEndpointContainer#0-1] o.s.a.r.listener.BlockingQueueConsumer   : Received message: (Body:'[B@eff3b17(byte[176])' MessageProperties [headers={__ContentTypeId__=java.lang.Object, __KeyTypeId__=java.lang.Object, __TypeId__=java.util.HashMap}, contentType=application/json, contentEncoding=UTF-8, contentLength=0, receivedDeliveryMode=PERSISTENT, priority=0, redelivered=true, receivedExchange=auth-exchange, receivedRoutingKey=auth.user.registered, deliveryTag=1665, consumerTag=amq.ctag-cAqrhI9n0NxPX1HhqC9Csg, consumerQueue=auth.user.registered.queue])
2025-12-02T19:39:22.634-05:00 DEBUG 124510 --- [tenant-service] [org.springframework.amqp.rabbit.RabbitListenerEndpointContainer#0-1] .a.r.l.a.MessagingMessageListenerAdapter : Processing [GenericMessage [payload={globalRole=USER, eventType=auth.user.registered, userId=83278a9a-ba74-469a-994e-effb51d8837e, email=prueba@correo.com, timestamp=2025-12-02T19:33:08.964523491}, headers={amqp_receivedDeliveryMode=PERSISTENT, amqp_receivedExchange=auth-exchange, amqp_deliveryTag=1665, amqp_consumerQueue=auth.user.registered.queue, amqp_redelivered=true, __ContentTypeId__=java.lang.Object, amqp_receivedRoutingKey=auth.user.registered, amqp_contentEncoding=UTF-8, __KeyTypeId__=java.lang.Object, amqp_retryCount=0, id=024f142e-edc8-f9a4-2437-90de6ac8c38f, amqp_consumerTag=amq.ctag-cAqrhI9n0NxPX1HhqC9Csg, amqp_lastInBatch=false, contentType=application/json, __TypeId__=java.util.HashMap, timestamp=1764722362634}]]
2025-12-02T19:39:22.634-05:00  INFO 124510 --- [tenant-service] [org.springframework.amqp.rabbit.RabbitListenerEndpointContainer#0-1] c.s.t.e.l.UserRegisteredListener         : Received auth.user.registered event: {globalRole=USER, eventType=auth.user.registered, userId=83278a9a-ba74-469a-994e-effb51d8837e, email=prueba@correo.com, timestamp=2025-12-02T19:33:08.964523491}
2025-12-02T19:39:22.634-05:00  INFO 124510 --- [tenant-service] [org.springframework.amqp.rabbit.RabbitListenerEndpointContainer#0-1] c.s.t.e.l.UserRegisteredListener         : Creating tenant for new user: prueba@correo.com (83278a9a-ba74-469a-994e-effb51d8837e)
2025-12-02T19:39:22.634-05:00  INFO 124510 --- [tenant-service] [org.springframework.amqp.rabbit.RabbitListenerEndpointContainer#0-1] c.s.t.service.impl.TenantServiceImpl     : Auto-creating tenant for new user: 83278a9a-ba74-469a-994e-effb51d8837e
2025-12-02T19:39:22.634-05:00 ERROR 124510 --- [tenant-service] [org.springframework.amqp.rabbit.RabbitListenerEndpointContainer#0-1] c.s.t.e.l.UserRegisteredListener         : Error processing auth.user.registered event: Range [0, 18) out of bounds for length 17

java.lang.StringIndexOutOfBoundsException: Range [0, 18) out of bounds for length 17
	at java.base/jdk.internal.util.Preconditions$1.apply(Preconditions.java:55) ~[na:na]
	at java.base/jdk.internal.util.Preconditions$1.apply(Preconditions.java:52) ~[na:na]
	at java.base/jdk.internal.util.Preconditions$4.apply(Preconditions.java:213) ~[na:na]
	at java.base/jdk.internal.util.Preconditions$4.apply(Preconditions.java:210) ~[na:na]
	at java.base/jdk.internal.util.Preconditions.outOfBounds(Preconditions.java:98) ~[na:na]
	at java.base/jdk.internal.util.Preconditions.outOfBoundsCheckFromToIndex(Preconditions.java:112) ~[na:na]
	at java.base/jdk.internal.util.Preconditions.checkFromToIndex(Preconditions.java:349) ~[na:na]
	at java.base/java.lang.String.checkBoundsBeginEnd(String.java:4865) ~[na:na]
	at java.base/java.lang.String.substring(String.java:2834) ~[na:na]
	at com.sentinel.tenant_service.service.impl.TenantServiceImpl.generateSlug(TenantServiceImpl.java:296) ~[classes/:na]
	at com.sentinel.tenant_service.service.impl.TenantServiceImpl.createTenantForUser(TenantServiceImpl.java:91) ~[classes/:na]
	at java.base/jdk.internal.reflect.DirectMethodHandleAccessor.invoke(DirectMethodHandleAccessor.java:103) ~[na:na]
	at java.base/java.lang.reflect.Method.invoke(Method.java:580) ~[na:na]
	at org.springframework.aop.support.AopUtils.invokeJoinpointUsingReflection(AopUtils.java:360) ~[spring-aop-6.2.14.jar:6.2.14]
	at org.springframework.aop.framework.ReflectiveMethodInvocation.invokeJoinpoint(ReflectiveMethodInvocation.java:196) ~[spring-aop-6.2.14.jar:6.2.14]
	at org.springframework.aop.framework.ReflectiveMethodInvocation.proceed(ReflectiveMethodInvocation.java:163) ~[spring-aop-6.2.14.jar:6.2.14]
	at org.springframework.transaction.interceptor.TransactionAspectSupport.invokeWithinTransaction(TransactionAspectSupport.java:380) ~[spring-tx-6.2.14.jar:6.2.14]
	at org.springframework.transaction.interceptor.TransactionInterceptor.invoke(TransactionInterceptor.java:119) ~[spring-tx-6.2.14.jar:6.2.14]
	at org.springframework.aop.framework.ReflectiveMethodInvocation.proceed(ReflectiveMethodInvocation.java:184) ~[spring-aop-6.2.14.jar:6.2.14]
	at org.springframework.aop.framework.CglibAopProxy$DynamicAdvisedInterceptor.intercept(CglibAopProxy.java:728) ~[spring-aop-6.2.14.jar:6.2.14]
	at com.sentinel.tenant_service.service.impl.TenantServiceImpl$$SpringCGLIB$$0.createTenantForUser(<generated>) ~[classes/:na]
	at com.sentinel.tenant_service.events.listeners.UserRegisteredListener.handleUserRegistered(UserRegisteredListener.java:52) ~[classes/:na]
	at java.base/jdk.internal.reflect.DirectMethodHandleAccessor.invoke(DirectMethodHandleAccessor.java:103) ~[na:na]
	at java.base/java.lang.reflect.Method.invoke(Method.java:580) ~[na:na]
	at org.springframework.messaging.handler.invocation.InvocableHandlerMethod.doInvoke(InvocableHandlerMethod.java:169) ~[spring-messaging-6.2.14.jar:6.2.14]
	at org.springframework.amqp.rabbit.listener.adapter.KotlinAwareInvocableHandlerMethod.doInvoke(KotlinAwareInvocableHandlerMethod.java:45) ~[spring-rabbit-3.2.8.jar:3.2.8]
	at org.springframework.messaging.handler.invocation.InvocableHandlerMethod.invoke(InvocableHandlerMethod.java:119) ~[spring-messaging-6.2.14.jar:6.2.14]
	at org.springframework.amqp.rabbit.listener.adapter.HandlerAdapter.invoke(HandlerAdapter.java:80) ~[spring-rabbit-3.2.8.jar:3.2.8]
	at org.springframework.amqp.rabbit.listener.adapter.MessagingMessageListenerAdapter.invokeHandler(MessagingMessageListenerAdapter.java:274) ~[spring-rabbit-3.2.8.jar:3.2.8]
	at org.springframework.amqp.rabbit.listener.adapter.MessagingMessageListenerAdapter.invokeHandlerAndProcessResult(MessagingMessageListenerAdapter.java:221) ~[spring-rabbit-3.2.8.jar:3.2.8]
	at org.springframework.amqp.rabbit.listener.adapter.MessagingMessageListenerAdapter.onMessage(MessagingMessageListenerAdapter.java:148) ~[spring-rabbit-3.2.8.jar:3.2.8]
	at org.springframework.amqp.rabbit.listener.AbstractMessageListenerContainer.doInvokeListener(AbstractMessageListenerContainer.java:1694) ~[spring-rabbit-3.2.8.jar:3.2.8]
	at org.springframework.amqp.rabbit.listener.AbstractMessageListenerContainer.actualInvokeListener(AbstractMessageListenerContainer.java:1616) ~[spring-rabbit-3.2.8.jar:3.2.8]
	at org.springframework.amqp.rabbit.listener.AbstractMessageListenerContainer.invokeListener(AbstractMessageListenerContainer.java:1604) ~[spring-rabbit-3.2.8.jar:3.2.8]
	at org.springframework.amqp.rabbit.listener.AbstractMessageListenerContainer.doExecuteListener(AbstractMessageListenerContainer.java:1595) ~[spring-rabbit-3.2.8.jar:3.2.8]
	at org.springframework.amqp.rabbit.listener.AbstractMessageListenerContainer.executeListenerAndHandleException(AbstractMessageListenerContainer.java:1540) ~[spring-rabbit-3.2.8.jar:3.2.8]
	at org.springframework.amqp.rabbit.listener.AbstractMessageListenerContainer.executeListener(AbstractMessageListenerContainer.java:1521) ~[spring-rabbit-3.2.8.jar:3.2.8]
	at org.springframework.amqp.rabbit.listener.SimpleMessageListenerContainer.doReceiveAndExecute(SimpleMessageListenerContainer.java:1091) ~[spring-rabbit-3.2.8.jar:3.2.8]
	at org.springframework.amqp.rabbit.listener.SimpleMessageListenerContainer.receiveAndExecute(SimpleMessageListenerContainer.java:1027) ~[spring-rabbit-3.2.8.jar:3.2.8]
	at org.springframework.amqp.rabbit.listener.SimpleMessageListenerContainer$AsyncMessageProcessingConsumer.mainLoop(SimpleMessageListenerContainer.java:1431) ~[spring-rabbit-3.2.8.jar:3.2.8]
	at org.springframework.amqp.rabbit.listener.SimpleMessageListenerContainer$AsyncMessageProcessingConsumer.run(SimpleMessageListenerContainer.java:1331) ~[spring-rabbit-3.2.8.jar:3.2.8]
	at java.base/java.lang.Thread.run(Thread.java:1583) ~[na:na]

2025-12-02T19:39:22.634-05:00  WARN 124510 --- [tenant-service] [org.springframework.amqp.rabbit.RabbitListenerEndpointContainer#0-1] s.a.r.l.ConditionalRejectingErrorHandler : Execution of Rabbit message listener failed.

org.springframework.amqp.rabbit.support.ListenerExecutionFailedException: Listener method 'public void com.sentinel.tenant_service.events.listeners.UserRegisteredListener.handleUserRegistered(java.util.Map<java.lang.String, java.lang.Object>)' threw exception
	at org.springframework.amqp.rabbit.listener.adapter.MessagingMessageListenerAdapter.invokeHandler(MessagingMessageListenerAdapter.java:283) ~[spring-rabbit-3.2.8.jar:3.2.8]
	at org.springframework.amqp.rabbit.listener.adapter.MessagingMessageListenerAdapter.invokeHandlerAndProcessResult(MessagingMessageListenerAdapter.java:221) ~[spring-rabbit-3.2.8.jar:3.2.8]
	at org.springframework.amqp.rabbit.listener.adapter.MessagingMessageListenerAdapter.onMessage(MessagingMessageListenerAdapter.java:148) ~[spring-rabbit-3.2.8.jar:3.2.8]
	at org.springframework.amqp.rabbit.listener.AbstractMessageListenerContainer.doInvokeListener(AbstractMessageListenerContainer.java:1694) ~[spring-rabbit-3.2.8.jar:3.2.8]
	at org.springframework.amqp.rabbit.listener.AbstractMessageListenerContainer.actualInvokeListener(AbstractMessageListenerContainer.java:1616) ~[spring-rabbit-3.2.8.jar:3.2.8]
	at org.springframework.amqp.rabbit.listener.AbstractMessageListenerContainer.invokeListener(AbstractMessageListenerContainer.java:1604) ~[spring-rabbit-3.2.8.jar:3.2.8]
	at org.springframework.amqp.rabbit.listener.AbstractMessageListenerContainer.doExecuteListener(AbstractMessageListenerContainer.java:1595) ~[spring-rabbit-3.2.8.jar:3.2.8]
	at org.springframework.amqp.rabbit.listener.AbstractMessageListenerContainer.executeListenerAndHandleException(AbstractMessageListenerContainer.java:1540) ~[spring-rabbit-3.2.8.jar:3.2.8]
	at org.springframework.amqp.rabbit.listener.AbstractMessageListenerContainer.executeListener(AbstractMessageListenerContainer.java:1521) ~[spring-rabbit-3.2.8.jar:3.2.8]
	at org.springframework.amqp.rabbit.listener.SimpleMessageListenerContainer.doReceiveAndExecute(SimpleMessageListenerContainer.java:1091) ~[spring-rabbit-3.2.8.jar:3.2.8]
	at org.springframework.amqp.rabbit.listener.SimpleMessageListenerContainer.receiveAndExecute(SimpleMessageListenerContainer.java:1027) ~[spring-rabbit-3.2.8.jar:3.2.8]
	at org.springframework.amqp.rabbit.listener.SimpleMessageListenerContainer$AsyncMessageProcessingConsumer.mainLoop(SimpleMessageListenerContainer.java:1431) ~[spring-rabbit-3.2.8.jar:3.2.8]
	at org.springframework.amqp.rabbit.listener.SimpleMessageListenerContainer$AsyncMessageProcessingConsumer.run(SimpleMessageListenerContainer.java:1331) ~[spring-rabbit-3.2.8.jar:3.2.8]
	at java.base/java.lang.Thread.run(Thread.java:1583) ~[na:na]
Caused by: java.lang.StringIndexOutOfBoundsException: Range [0, 18) out of bounds for length 17
	at java.base/jdk.internal.util.Preconditions$1.apply(Preconditions.java:55) ~[na:na]
	at java.base/jdk.internal.util.Preconditions$1.apply(Preconditions.java:52) ~[na:na]
	at java.base/jdk.internal.util.Preconditions$4.apply(Preconditions.java:213) ~[na:na]
	at java.base/jdk.internal.util.Preconditions$4.apply(Preconditions.java:210) ~[na:na]
	at java.base/jdk.internal.util.Preconditions.outOfBounds(Preconditions.java:98) ~[na:na]
	at java.base/jdk.internal.util.Preconditions.outOfBoundsCheckFromToIndex(Preconditions.java:112) ~[na:na]
	at java.base/jdk.internal.util.Preconditions.checkFromToIndex(Preconditions.java:349) ~[na:na]
	at java.base/java.lang.String.checkBoundsBeginEnd(String.java:4865) ~[na:na]
	at java.base/java.lang.String.substring(String.java:2834) ~[na:na]
	at com.sentinel.tenant_service.service.impl.TenantServiceImpl.generateSlug(TenantServiceImpl.java:296) ~[classes/:na]
	at com.sentinel.tenant_service.service.impl.TenantServiceImpl.createTenantForUser(TenantServiceImpl.java:91) ~[classes/:na]
	at java.base/jdk.internal.reflect.DirectMethodHandleAccessor.invoke(DirectMethodHandleAccessor.java:103) ~[na:na]
	at java.base/java.lang.reflect.Method.invoke(Method.java:580) ~[na:na]
	at org.springframework.aop.support.AopUtils.invokeJoinpointUsingReflection(AopUtils.java:360) ~[spring-aop-6.2.14.jar:6.2.14]
	at org.springframework.aop.framework.ReflectiveMethodInvocation.invokeJoinpoint(ReflectiveMethodInvocation.java:196) ~[spring-aop-6.2.14.jar:6.2.14]
	at org.springframework.aop.framework.ReflectiveMethodInvocation.proceed(ReflectiveMethodInvocation.java:163) ~[spring-aop-6.2.14.jar:6.2.14]
	at org.springframework.transaction.interceptor.TransactionAspectSupport.invokeWithinTransaction(TransactionAspectSupport.java:380) ~[spring-tx-6.2.14.jar:6.2.14]
	at org.springframework.transaction.interceptor.TransactionInterceptor.invoke(TransactionInterceptor.java:119) ~[spring-tx-6.2.14.jar:6.2.14]
	at org.springframework.aop.framework.ReflectiveMethodInvocation.proceed(ReflectiveMethodInvocation.java:184) ~[spring-aop-6.2.14.jar:6.2.14]
	at org.springframework.aop.framework.CglibAopProxy$DynamicAdvisedInterceptor.intercept(CglibAopProxy.java:728) ~[spring-aop-6.2.14.jar:6.2.14]
	at com.sentinel.tenant_service.service.impl.TenantServiceImpl$$SpringCGLIB$$0.createTenantForUser(<generated>) ~[classes/:na]
	at com.sentinel.tenant_service.events.listeners.UserRegisteredListener.handleUserRegistered(UserRegisteredListener.java:52) ~[classes/:na]
	at java.base/jdk.internal.reflect.DirectMethodHandleAccessor.invoke(DirectMethodHandleAccessor.java:103) ~[na:na]
	at java.base/java.lang.reflect.Method.invoke(Method.java:580) ~[na:na]
	at org.springframework.messaging.handler.invocation.InvocableHandlerMethod.doInvoke(InvocableHandlerMethod.java:169) ~[spring-messaging-6.2.14.jar:6.2.14]
	at org.springframework.amqp.rabbit.listener.adapter.KotlinAwareInvocableHandlerMethod.doInvoke(KotlinAwareInvocableHandlerMethod.java:45) ~[spring-rabbit-3.2.8.jar:3.2.8]
	at org.springframework.messaging.handler.invocation.InvocableHandlerMethod.invoke(InvocableHandlerMethod.java:119) ~[spring-messaging-6.2.14.jar:6.2.14]
	at org.springframework.amqp.rabbit.listener.adapter.HandlerAdapter.invoke(HandlerAdapter.java:80) ~[spring-rabbit-3.2.8.jar:3.2.8]
	at org.springframework.amqp.rabbit.listener.adapter.MessagingMessageListenerAdapter.invokeHandler(MessagingMessageListenerAdapter.java:274) ~[spring-rabbit-3.2.8.jar:3.2.8]
	... 13 common frames omitted

2025-12-02T19:39:22.634-05:00 DEBUG 124510 --- [tenant-service] [org.springframework.amqp.rabbit.RabbitListenerEndpointContainer#0-1] o.s.a.r.listener.BlockingQueueConsumer   : Rejecting messages (requeue=true)
2025-12-02T19:39:22.635-05:00 DEBUG 124510 --- [tenant-service] [pool-2-thread-12] o.s.a.r.listener.BlockingQueueConsumer   : Storing delivery for consumerTag: 'amq.ctag-cAqrhI9n0NxPX1HhqC9Csg' with deliveryTag: '1666' in Consumer@2baf9cd4: tags=[[amq.ctag-cAqrhI9n0NxPX1HhqC9Csg]], channel=Cached Rabbit Channel: AMQChannel(amqp://guest@127.0.0.1:5672/,1), conn: Proxy@ae449e7 Shared Rabbit Connection: SimpleConnection@15beb40b [delegate=amqp://guest@127.0.0.1:5672/, localPort=40784], acknowledgeMode=AUTO local queue size=0
2025-12-02T19:39:22.635-05:00 DEBUG 124510 --- [tenant-service] [org.springframework.amqp.rabbit.RabbitListenerEndpointContainer#0-1] o.s.a.r.listener.BlockingQueueConsumer   : Received message: (Body:'[B@3c813012(byte[176])' MessageProperties [headers={__ContentTypeId__=java.lang.Object, __KeyTypeId__=java.lang.Object, __TypeId__=java.util.HashMap}, contentType=application/json, contentEncoding=UTF-8, contentLength=0, receivedDeliveryMode=PERSISTENT, priority=0, redelivered=true, receivedExchange=auth-exchange, receivedRoutingKey=auth.user.registered, deliveryTag=1666, consumerTag=amq.ctag-cAqrhI9n0NxPX1HhqC9Csg, consumerQueue=auth.user.registered.queue])
2025-12-02T19:39:22.635-05:00 DEBUG 124510 --- [tenant-service] [org.springframework.amqp.rabbit.RabbitListenerEndpointContainer#0-1] .a.r.l.a.MessagingMessageListenerAdapter : Processing [GenericMessage [payload={globalRole=USER, eventType=auth.user.registered, userId=83278a9a-ba74-469a-994e-effb51d8837e, email=prueba@correo.com, timestamp=2025-12-02T19:33:08.964523491}, headers={amqp_receivedDeliveryMode=PERSISTENT, amqp_receivedExchange=auth-exchange, amqp_deliveryTag=1666, amqp_consumerQueue=auth.user.registered.queue, amqp_redelivered=true, __ContentTypeId__=java.lang.Object, amqp_receivedRoutingKey=auth.user.registered, amqp_contentEncoding=UTF-8, __KeyTypeId__=java.lang.Object, amqp_retryCount=0, id=39b93ac0-4b6c-a985-b990-189db471d363, amqp_consumerTag=amq.ctag-cAqrhI9n0NxPX1HhqC9Csg, amqp_lastInBatch=false, contentType=application/json, __TypeId__=java.util.HashMap, timestamp=1764722362635}]]
2025-12-02T19:39:22.635-05:00  INFO 124510 --- [tenant-service] [org.springframework.amqp.rabbit.RabbitListenerEndpointContainer#0-1] c.s.t.e.l.UserRegisteredListener         : Received auth.user.registered event: {globalRole=USER, eventType=auth.user.registered, userId=83278a9a-ba74-469a-994e-effb51d8837e, email=prueba@correo.com, timestamp=2025-12-02T19:33:08.964523491}
2025-12-02T19:39:22.635-05:00  INFO 124510 --- [tenant-service] [org.springframework.amqp.rabbit.RabbitListenerEndpointContainer#0-1] c.s.t.e.l.UserRegisteredListener         : Creating tenant for new user: prueba@correo.com (83278a9a-ba74-469a-994e-effb51d8837e)
2025-12-02T19:39:22.635-05:00  INFO 124510 --- [tenant-service] [org.springframework.amqp.rabbit.RabbitListenerEndpointContainer#0-1] c.s.t.service.impl.TenantServiceImpl     : Auto-creating tenant for new user: 83278a9a-ba74-469a-994e-effb51d8837e
2025-12-02T19:39:22.635-05:00 ERROR 124510 --- [tenant-service] [org.springframework.amqp.rabbit.RabbitListenerEndpointContainer#0-1] c.s.t.e.l.UserRegisteredListener         : Error processing auth.user.registered event: Range [0, 18) out of bounds for length 17

java.lang.StringIndexOutOfBoundsException: Range [0, 18) out of bounds for length 17
	at java.base/jdk.internal.util.Preconditions$1.apply(Preconditions.java:55) ~[na:na]
	at java.base/jdk.internal.util.Preconditions$1.apply(Preconditions.java:52) ~[na:na]
	at java.base/jdk.internal.util.Preconditions$4.apply(Preconditions.java:213) ~[na:na]
	at java.base/jdk.internal.util.Preconditions$4.apply(Preconditions.java:210) ~[na:na]
	at java.base/jdk.internal.util.Preconditions.outOfBounds(Preconditions.java:98) ~[na:na]
	at java.base/jdk.internal.util.Preconditions.outOfBoundsCheckFromToIndex(Preconditions.java:112) ~[na:na]
	at java.base/jdk.internal.util.Preconditions.checkFromToIndex(Preconditions.java:349) ~[na:na]
	at java.base/java.lang.String.checkBoundsBeginEnd(String.java:4865) ~[na:na]
	at java.base/java.lang.String.substring(String.java:2834) ~[na:na]
	at com.sentinel.tenant_service.service.impl.TenantServiceImpl.generateSlug(TenantServiceImpl.java:296) ~[classes/:na]
	at com.sentinel.tenant_service.service.impl.TenantServiceImpl.createTenantForUser(TenantServiceImpl.java:91) ~[classes/:na]
	at java.base/jdk.internal.reflect.DirectMethodHandleAccessor.invoke(DirectMethodHandleAccessor.java:103) ~[na:na]
	at java.base/java.lang.reflect.Method.invoke(Method.java:580) ~[na:na]
	at org.springframework.aop.support.AopUtils.invokeJoinpointUsingReflection(AopUtils.java:360) ~[spring-aop-6.2.14.jar:6.2.14]
	at org.springframework.aop.framework.ReflectiveMethodInvocation.invokeJoinpoint(ReflectiveMethodInvocation.java:196) ~[spring-aop-6.2.14.jar:6.2.14]
	at org.springframework.aop.framework.ReflectiveMethodInvocation.proceed(ReflectiveMethodInvocation.java:163) ~[spring-aop-6.2.14.jar:6.2.14]
	at org.springframework.transaction.interceptor.TransactionAspectSupport.invokeWithinTransaction(TransactionAspectSupport.java:380) ~[spring-tx-6.2.14.jar:6.2.14]
	at org.springframework.transaction.interceptor.TransactionInterceptor.invoke(TransactionInterceptor.java:119) ~[spring-tx-6.2.14.jar:6.2.14]
	at org.springframework.aop.framework.ReflectiveMethodInvocation.proceed(ReflectiveMethodInvocation.java:184) ~[spring-aop-6.2.14.jar:6.2.14]
	at org.springframework.aop.framework.CglibAopProxy$DynamicAdvisedInterceptor.intercept(CglibAopProxy.java:728) ~[spring-aop-6.2.14.jar:6.2.14]
	at com.sentinel.tenant_service.service.impl.TenantServiceImpl$$SpringCGLIB$$0.createTenantForUser(<generated>) ~[classes/:na]
	at com.sentinel.tenant_service.events.listeners.UserRegisteredListener.handleUserRegistered(UserRegisteredListener.java:52) ~[classes/:na]
	at java.base/jdk.internal.reflect.DirectMethodHandleAccessor.invoke(DirectMethodHandleAccessor.java:103) ~[na:na]
	at java.base/java.lang.reflect.Method.invoke(Method.java:580) ~[na:na]
	at org.springframework.messaging.handler.invocation.InvocableHandlerMethod.doInvoke(InvocableHandlerMethod.java:169) ~[spring-messaging-6.2.14.jar:6.2.14]
	at org.springframework.amqp.rabbit.listener.adapter.KotlinAwareInvocableHandlerMethod.doInvoke(KotlinAwareInvocableHandlerMethod.java:45) ~[spring-rabbit-3.2.8.jar:3.2.8]
	at org.springframework.messaging.handler.invocation.InvocableHandlerMethod.invoke(InvocableHandlerMethod.java:119) ~[spring-messaging-6.2.14.jar:6.2.14]
	at org.springframework.amqp.rabbit.listener.adapter.HandlerAdapter.invoke(HandlerAdapter.java:80) ~[spring-rabbit-3.2.8.jar:3.2.8]
	at org.springframework.amqp.rabbit.listener.adapter.MessagingMessageListenerAdapter.invokeHandler(MessagingMessageListenerAdapter.java:274) ~[spring-rabbit-3.2.8.jar:3.2.8]
	at org.springframework.amqp.rabbit.listener.adapter.MessagingMessageListenerAdapter.invokeHandlerAndProcessResult(MessagingMessageListenerAdapter.java:221) ~[spring-rabbit-3.2.8.jar:3.2.8]
	at org.springframework.amqp.rabbit.listener.adapter.MessagingMessageListenerAdapter.onMessage(MessagingMessageListenerAdapter.java:148) ~[spring-rabbit-3.2.8.jar:3.2.8]
	at org.springframework.amqp.rabbit.listener.AbstractMessageListenerContainer.doInvokeListener(AbstractMessageListenerContainer.java:1694) ~[spring-rabbit-3.2.8.jar:3.2.8]
	at org.springframework.amqp.rabbit.listener.AbstractMessageListenerContainer.actualInvokeListener(AbstractMessageListenerContainer.java:1616) ~[spring-rabbit-3.2.8.jar:3.2.8]
	at org.springframework.amqp.rabbit.listener.AbstractMessageListenerContainer.invokeListener(AbstractMessageListenerContainer.java:1604) ~[spring-rabbit-3.2.8.jar:3.2.8]
	at org.springframework.amqp.rabbit.listener.AbstractMessageListenerContainer.doExecuteListener(AbstractMessageListenerContainer.java:1595) ~[spring-rabbit-3.2.8.jar:3.2.8]
	at org.springframework.amqp.rabbit.listener.AbstractMessageListenerContainer.executeListenerAndHandleException(AbstractMessageListenerContainer.java:1540) ~[spring-rabbit-3.2.8.jar:3.2.8]
	at org.springframework.amqp.rabbit.listener.AbstractMessageListenerContainer.executeListener(AbstractMessageListenerContainer.java:1521) ~[spring-rabbit-3.2.8.jar:3.2.8]
	at org.springframework.amqp.rabbit.listener.SimpleMessageListenerContainer.doReceiveAndExecute(SimpleMessageListenerContainer.java:1091) ~[spring-rabbit-3.2.8.jar:3.2.8]
	at org.springframework.amqp.rabbit.listener.SimpleMessageListenerContainer.receiveAndExecute(SimpleMessageListenerContainer.java:1027) ~[spring-rabbit-3.2.8.jar:3.2.8]
	at org.springframework.amqp.rabbit.listener.SimpleMessageListenerContainer$AsyncMessageProcessingConsumer.mainLoop(SimpleMessageListenerContainer.java:1431) ~[spring-rabbit-3.2.8.jar:3.2.8]
	at org.springframework.amqp.rabbit.listener.SimpleMessageListenerContainer$AsyncMessageProcessingConsumer.run(SimpleMessageListenerContainer.java:1331) ~[spring-rabbit-3.2.8.jar:3.2.8]
	at java.base/java.lang.Thread.run(Thread.java:1583) ~[na:na]

2025-12-02T19:39:22.635-05:00  WARN 124510 --- [tenant-service] [org.springframework.amqp.rabbit.RabbitListenerEndpointContainer#0-1] s.a.r.l.ConditionalRejectingErrorHandler : Execution of Rabbit message listener failed.

org.springframework.amqp.rabbit.support.ListenerExecutionFailedException: Listener method 'public void com.sentinel.tenant_service.events.listeners.UserRegisteredListener.handleUserRegistered(java.util.Map<java.lang.String, java.lang.Object>)' threw exception
	at org.springframework.amqp.rabbit.listener.adapter.MessagingMessageListenerAdapter.invokeHandler(MessagingMessageListenerAdapter.java:283) ~[spring-rabbit-3.2.8.jar:3.2.8]
	at org.springframework.amqp.rabbit.listener.adapter.MessagingMessageListenerAdapter.invokeHandlerAndProcessResult(MessagingMessageListenerAdapter.java:221) ~[spring-rabbit-3.2.8.jar:3.2.8]
	at org.springframework.amqp.rabbit.listener.adapter.MessagingMessageListenerAdapter.onMessage(MessagingMessageListenerAdapter.java:148) ~[spring-rabbit-3.2.8.jar:3.2.8]
	at org.springframework.amqp.rabbit.listener.AbstractMessageListenerContainer.doInvokeListener(AbstractMessageListenerContainer.java:1694) ~[spring-rabbit-3.2.8.jar:3.2.8]
	at org.springframework.amqp.rabbit.listener.AbstractMessageListenerContainer.actualInvokeListener(AbstractMessageListenerContainer.java:1616) ~[spring-rabbit-3.2.8.jar:3.2.8]
	at org.springframework.amqp.rabbit.listener.AbstractMessageListenerContainer.invokeListener(AbstractMessageListenerContainer.java:1604) ~[spring-rabbit-3.2.8.jar:3.2.8]
	at org.springframework.amqp.rabbit.listener.AbstractMessageListenerContainer.doExecuteListener(AbstractMessageListenerContainer.java:1595) ~[spring-rabbit-3.2.8.jar:3.2.8]
	at org.springframework.amqp.rabbit.listener.AbstractMessageListenerContainer.executeListenerAndHandleException(AbstractMessageListenerContainer.java:1540) ~[spring-rabbit-3.2.8.jar:3.2.8]
	at org.springframework.amqp.rabbit.listener.AbstractMessageListenerContainer.executeListener(AbstractMessageListenerContainer.java:1521) ~[spring-rabbit-3.2.8.jar:3.2.8]
	at org.springframework.amqp.rabbit.listener.SimpleMessageListenerContainer.doReceiveAndExecute(SimpleMessageListenerContainer.java:1091) ~[spring-rabbit-3.2.8.jar:3.2.8]
	at org.springframework.amqp.rabbit.listener.SimpleMessageListenerContainer.receiveAndExecute(SimpleMessageListenerContainer.java:1027) ~[spring-rabbit-3.2.8.jar:3.2.8]
	at org.springframework.amqp.rabbit.listener.SimpleMessageListenerContainer$AsyncMessageProcessingConsumer.mainLoop(SimpleMessageListenerContainer.java:1431) ~[spring-rabbit-3.2.8.jar:3.2.8]
	at org.springframework.amqp.rabbit.listener.SimpleMessageListenerContainer$AsyncMessageProcessingConsumer.run(SimpleMessageListenerContainer.java:1331) ~[spring-rabbit-3.2.8.jar:3.2.8]
	at java.base/java.lang.Thread.run(Thread.java:1583) ~[na:na]
Caused by: java.lang.StringIndexOutOfBoundsException: Range [0, 18) out of bounds for length 17
	at java.base/jdk.internal.util.Preconditions$1.apply(Preconditions.java:55) ~[na:na]
	at java.base/jdk.internal.util.Preconditions$1.apply(Preconditions.java:52) ~[na:na]
	at java.base/jdk.internal.util.Preconditions$4.apply(Preconditions.java:213) ~[na:na]
	at java.base/jdk.internal.util.Preconditions$4.apply(Preconditions.java:210) ~[na:na]
	at java.base/jdk.internal.util.Preconditions.outOfBounds(Preconditions.java:98) ~[na:na]
	at java.base/jdk.internal.util.Preconditions.outOfBoundsCheckFromToIndex(Preconditions.java:112) ~[na:na]
	at java.base/jdk.internal.util.Preconditions.checkFromToIndex(Preconditions.java:349) ~[na:na]
	at java.base/java.lang.String.checkBoundsBeginEnd(String.java:4865) ~[na:na]
	at java.base/java.lang.String.substring(String.java:2834) ~[na:na]
	at com.sentinel.tenant_service.service.impl.TenantServiceImpl.generateSlug(TenantServiceImpl.java:296) ~[classes/:na]
	at com.sentinel.tenant_service.service.impl.TenantServiceImpl.createTenantForUser(TenantServiceImpl.java:91) ~[classes/:na]
	at java.base/jdk.internal.reflect.DirectMethodHandleAccessor.invoke(DirectMethodHandleAccessor.java:103) ~[na:na]
	at java.base/java.lang.reflect.Method.invoke(Method.java:580) ~[na:na]
	at org.springframework.aop.support.AopUtils.invokeJoinpointUsingReflection(AopUtils.java:360) ~[spring-aop-6.2.14.jar:6.2.14]
	at org.springframework.aop.framework.ReflectiveMethodInvocation.invokeJoinpoint(ReflectiveMethodInvocation.java:196) ~[spring-aop-6.2.14.jar:6.2.14]
	at org.springframework.aop.framework.ReflectiveMethodInvocation.proceed(ReflectiveMethodInvocation.java:163) ~[spring-aop-6.2.14.jar:6.2.14]
	at org.springframework.transaction.interceptor.TransactionAspectSupport.invokeWithinTransaction(TransactionAspectSupport.java:380) ~[spring-tx-6.2.14.jar:6.2.14]
	at org.springframework.transaction.interceptor.TransactionInterceptor.invoke(TransactionInterceptor.java:119) ~[spring-tx-6.2.14.jar:6.2.14]
	at org.springframework.aop.framework.ReflectiveMethodInvocation.proceed(ReflectiveMethodInvocation.java:184) ~[spring-aop-6.2.14.jar:6.2.14]
	at org.springframework.aop.framework.CglibAopProxy$DynamicAdvisedInterceptor.intercept(CglibAopProxy.java:728) ~[spring-aop-6.2.14.jar:6.2.14]
	at com.sentinel.tenant_service.service.impl.TenantServiceImpl$$SpringCGLIB$$0.createTenantForUser(<generated>) ~[classes/:na]
	at com.sentinel.tenant_service.events.listeners.UserRegisteredListener.handleUserRegistered(UserRegisteredListener.java:52) ~[classes/:na]
	at java.base/jdk.internal.reflect.DirectMethodHandleAccessor.invoke(DirectMethodHandleAccessor.java:103) ~[na:na]
	at java.base/java.lang.reflect.Method.invoke(Method.java:580) ~[na:na]
	at org.springframework.messaging.handler.invocation.InvocableHandlerMethod.doInvoke(InvocableHandlerMethod.java:169) ~[spring-messaging-6.2.14.jar:6.2.14]
	at org.springframework.amqp.rabbit.listener.adapter.KotlinAwareInvocableHandlerMethod.doInvoke(KotlinAwareInvocableHandlerMethod.java:45) ~[spring-rabbit-3.2.8.jar:3.2.8]
	at org.springframework.messaging.handler.invocation.InvocableHandlerMethod.invoke(InvocableHandlerMethod.java:119) ~[spring-messaging-6.2.14.jar:6.2.14]
	at org.springframework.amqp.rabbit.listener.adapter.HandlerAdapter.invoke(HandlerAdapter.java:80) ~[spring-rabbit-3.2.8.jar:3.2.8]
	at org.springframework.amqp.rabbit.listener.adapter.MessagingMessageListenerAdapter.invokeHandler(MessagingMessageListenerAdapter.java:274) ~[spring-rabbit-3.2.8.jar:3.2.8]
	... 13 common frames omitted

2025-12-02T19:39:22.635-05:00 DEBUG 124510 --- [tenant-service] [org.springframework.amqp.rabbit.RabbitListenerEndpointContainer#0-1] o.s.a.r.listener.BlockingQueueConsumer   : Rejecting messages (requeue=true)
2025-12-02T19:39:22.636-05:00 DEBUG 124510 --- [tenant-service] [pool-2-thread-13] o.s.a.r.listener.BlockingQueueConsumer   : Storing delivery for consumerTag: 'amq.ctag-cAqrhI9n0NxPX1HhqC9Csg' with deliveryTag: '1667' in Consumer@2baf9cd4: tags=[[amq.ctag-cAqrhI9n0NxPX1HhqC9Csg]], channel=Cached Rabbit Channel: AMQChannel(amqp://guest@127.0.0.1:5672/,1), conn: Proxy@ae449e7 Shared Rabbit Connection: SimpleConnection@15beb40b [delegate=amqp://guest@127.0.0.1:5672/, localPort=40784], acknowledgeMode=AUTO local queue size=0
2025-12-02T19:39:22.636-05:00 DEBUG 124510 --- [tenant-service] [org.springframework.amqp.rabbit.RabbitListenerEndpointContainer#0-1] o.s.a.r.listener.BlockingQueueConsumer   : Received message: (Body:'[B@489b819c(byte[176])' MessageProperties [headers={__ContentTypeId__=java.lang.Object, __KeyTypeId__=java.lang.Object, __TypeId__=java.util.HashMap}, contentType=application/json, contentEncoding=UTF-8, contentLength=0, receivedDeliveryMode=PERSISTENT, priority=0, redelivered=true, receivedExchange=auth-exchange, receivedRoutingKey=auth.user.registered, deliveryTag=1667, consumerTag=amq.ctag-cAqrhI9n0NxPX1HhqC9Csg, consumerQueue=auth.user.registered.queue])
2025-12-02T19:39:22.636-05:00 DEBUG 124510 --- [tenant-service] [org.springframework.amqp.rabbit.RabbitListenerEndpointContainer#0-1] .a.r.l.a.MessagingMessageListenerAdapter : Processing [GenericMessage [payload={globalRole=USER, eventType=auth.user.registered, userId=83278a9a-ba74-469a-994e-effb51d8837e, email=prueba@correo.com, timestamp=2025-12-02T19:33:08.964523491}, headers={amqp_receivedDeliveryMode=PERSISTENT, amqp_receivedExchange=auth-exchange, amqp_deliveryTag=1667, amqp_consumerQueue=auth.user.registered.queue, amqp_redelivered=true, __ContentTypeId__=java.lang.Object, amqp_receivedRoutingKey=auth.user.registered, amqp_contentEncoding=UTF-8, __KeyTypeId__=java.lang.Object, amqp_retryCount=0, id=5a49fed4-c066-a88e-67ea-e8cc8e9cb584, amqp_consumerTag=amq.ctag-cAqrhI9n0NxPX1HhqC9Csg, amqp_lastInBatch=false, contentType=application/json, __TypeId__=java.util.HashMap, timestamp=1764722362636}]]
2025-12-02T19:39:22.636-05:00  INFO 124510 --- [tenant-service] [org.springframework.amqp.rabbit.RabbitListenerEndpointContainer#0-1] c.s.t.e.l.UserRegisteredListener         : Received auth.user.registered event: {globalRole=USER, eventType=auth.user.registered, userId=83278a9a-ba74-469a-994e-effb51d8837e, email=prueba@correo.com, timestamp=2025-12-02T19:33:08.964523491}
2025-12-02T19:39:22.636-05:00  INFO 124510 --- [tenant-service] [org.springframework.amqp.rabbit.RabbitListenerEndpointContainer#0-1] c.s.t.e.l.UserRegisteredListener         : Creating tenant for new user: prueba@correo.com (83278a9a-ba74-469a-994e-effb51d8837e)
2025-12-02T19:39:22.636-05:00  INFO 124510 --- [tenant-service] [org.springframework.amqp.rabbit.RabbitListenerEndpointContainer#0-1] c.s.t.service.impl.TenantServiceImpl     : Auto-creating tenant for new user: 83278a9a-ba74-469a-994e-effb51d8837e
2025-12-02T19:39:22.636-05:00 ERROR 124510 --- [tenant-service] [org.springframework.amqp.rabbit.RabbitListenerEndpointContainer#0-1] c.s.t.e.l.UserRegisteredListener         : Error processing auth.user.registered event: Range [0, 18) out of bounds for length 17

java.lang.StringIndexOutOfBoundsException: Range [0, 18) out of bounds for length 17
	at java.base/jdk.internal.util.Preconditions$1.apply(Preconditions.java:55) ~[na:na]
	at java.base/jdk.internal.util.Preconditions$1.apply(Preconditions.java:52) ~[na:na]
	at java.base/jdk.internal.util.Preconditions$4.apply(Preconditions.java:213) ~[na:na]
	at java.base/jdk.internal.util.Preconditions$4.apply(Preconditions.java:210) ~[na:na]
	at java.base/jdk.internal.util.Preconditions.outOfBounds(Preconditions.java:98) ~[na:na]
	at java.base/jdk.internal.util.Preconditions.outOfBoundsCheckFromToIndex(Preconditions.java:112) ~[na:na]
	at java.base/jdk.internal.util.Preconditions.checkFromToIndex(Preconditions.java:349) ~[na:na]
	at java.base/java.lang.String.checkBoundsBeginEnd(String.java:4865) ~[na:na]
	at java.base/java.lang.String.substring(String.java:2834) ~[na:na]
	at com.sentinel.tenant_service.service.impl.TenantServiceImpl.generateSlug(TenantServiceImpl.java:296) ~[classes/:na]
	at com.sentinel.tenant_service.service.impl.TenantServiceImpl.createTenantForUser(TenantServiceImpl.java:91) ~[classes/:na]
	at java.base/jdk.internal.reflect.DirectMethodHandleAccessor.invoke(DirectMethodHandleAccessor.java:103) ~[na:na]
	at java.base/java.lang.reflect.Method.invoke(Method.java:580) ~[na:na]
	at org.springframework.aop.support.AopUtils.invokeJoinpointUsingReflection(AopUtils.java:360) ~[spring-aop-6.2.14.jar:6.2.14]
	at org.springframework.aop.framework.ReflectiveMethodInvocation.invokeJoinpoint(ReflectiveMethodInvocation.java:196) ~[spring-aop-6.2.14.jar:6.2.14]
	at org.springframework.aop.framework.ReflectiveMethodInvocation.proceed(ReflectiveMethodInvocation.java:163) ~[spring-aop-6.2.14.jar:6.2.14]
	at org.springframework.transaction.interceptor.TransactionAspectSupport.invokeWithinTransaction(TransactionAspectSupport.java:380) ~[spring-tx-6.2.14.jar:6.2.14]
	at org.springframework.transaction.interceptor.TransactionInterceptor.invoke(TransactionInterceptor.java:119) ~[spring-tx-6.2.14.jar:6.2.14]
	at org.springframework.aop.framework.ReflectiveMethodInvocation.proceed(ReflectiveMethodInvocation.java:184) ~[spring-aop-6.2.14.jar:6.2.14]
	at org.springframework.aop.framework.CglibAopProxy$DynamicAdvisedInterceptor.intercept(CglibAopProxy.java:728) ~[spring-aop-6.2.14.jar:6.2.14]
	at com.sentinel.tenant_service.service.impl.TenantServiceImpl$$SpringCGLIB$$0.createTenantForUser(<generated>) ~[classes/:na]
	at com.sentinel.tenant_service.events.listeners.UserRegisteredListener.handleUserRegistered(UserRegisteredListener.java:52) ~[classes/:na]
	at java.base/jdk.internal.reflect.DirectMethodHandleAccessor.invoke(DirectMethodHandleAccessor.java:103) ~[na:na]
	at java.base/java.lang.reflect.Method.invoke(Method.java:580) ~[na:na]
	at org.springframework.messaging.handler.invocation.InvocableHandlerMethod.doInvoke(InvocableHandlerMethod.java:169) ~[spring-messaging-6.2.14.jar:6.2.14]
	at org.springframework.amqp.rabbit.listener.adapter.KotlinAwareInvocableHandlerMethod.doInvoke(KotlinAwareInvocableHandlerMethod.java:45) ~[spring-rabbit-3.2.8.jar:3.2.8]
	at org.springframework.messaging.handler.invocation.InvocableHandlerMethod.invoke(InvocableHandlerMethod.java:119) ~[spring-messaging-6.2.14.jar:6.2.14]
	at org.springframework.amqp.rabbit.listener.adapter.HandlerAdapter.invoke(HandlerAdapter.java:80) ~[spring-rabbit-3.2.8.jar:3.2.8]
	at org.springframework.amqp.rabbit.listener.adapter.MessagingMessageListenerAdapter.invokeHandler(MessagingMessageListenerAdapter.java:274) ~[spring-rabbit-3.2.8.jar:3.2.8]
	at org.springframework.amqp.rabbit.listener.adapter.MessagingMessageListenerAdapter.invokeHandlerAndProcessResult(MessagingMessageListenerAdapter.java:221) ~[spring-rabbit-3.2.8.jar:3.2.8]
	at org.springframework.amqp.rabbit.listener.adapter.MessagingMessageListenerAdapter.onMessage(MessagingMessageListenerAdapter.java:148) ~[spring-rabbit-3.2.8.jar:3.2.8]
	at org.springframework.amqp.rabbit.listener.AbstractMessageListenerContainer.doInvokeListener(AbstractMessageListenerContainer.java:1694) ~[spring-rabbit-3.2.8.jar:3.2.8]
	at org.springframework.amqp.rabbit.listener.AbstractMessageListenerContainer.actualInvokeListener(AbstractMessageListenerContainer.java:1616) ~[spring-rabbit-3.2.8.jar:3.2.8]
	at org.springframework.amqp.rabbit.listener.AbstractMessageListenerContainer.invokeListener(AbstractMessageListenerContainer.java:1604) ~[spring-rabbit-3.2.8.jar:3.2.8]
	at org.springframework.amqp.rabbit.listener.AbstractMessageListenerContainer.doExecuteListener(AbstractMessageListenerContainer.java:1595) ~[spring-rabbit-3.2.8.jar:3.2.8]
	at org.springframework.amqp.rabbit.listener.AbstractMessageListenerContainer.executeListenerAndHandleException(AbstractMessageListenerContainer.java:1540) ~[spring-rabbit-3.2.8.jar:3.2.8]
	at org.springframework.amqp.rabbit.listener.AbstractMessageListenerContainer.executeListener(AbstractMessageListenerContainer.java:1521) ~[spring-rabbit-3.2.8.jar:3.2.8]
	at org.springframework.amqp.rabbit.listener.SimpleMessageListenerContainer.doReceiveAndExecute(SimpleMessageListenerContainer.java:1091) ~[spring-rabbit-3.2.8.jar:3.2.8]
	at org.springframework.amqp.rabbit.listener.SimpleMessageListenerContainer.receiveAndExecute(SimpleMessageListenerContainer.java:1027) ~[spring-rabbit-3.2.8.jar:3.2.8]
	at org.springframework.amqp.rabbit.listener.SimpleMessageListenerContainer$AsyncMessageProcessingConsumer.mainLoop(SimpleMessageListenerContainer.java:1431) ~[spring-rabbit-3.2.8.jar:3.2.8]
	at org.springframework.amqp.rabbit.listener.SimpleMessageListenerContainer$AsyncMessageProcessingConsumer.run(SimpleMessageListenerContainer.java:1331) ~[spring-rabbit-3.2.8.jar:3.2.8]
	at java.base/java.lang.Thread.run(Thread.java:1583) ~[na:na]

2025-12-02T19:39:22.636-05:00  WARN 124510 --- [tenant-service] [org.springframework.amqp.rabbit.RabbitListenerEndpointContainer#0-1] s.a.r.l.ConditionalRejectingErrorHandler : Execution of Rabbit message listener failed.

org.springframework.amqp.rabbit.support.ListenerExecutionFailedException: Listener method 'public void com.sentinel.tenant_service.events.listeners.UserRegisteredListener.handleUserRegistered(java.util.Map<java.lang.String, java.lang.Object>)' threw exception
	at org.springframework.amqp.rabbit.listener.adapter.MessagingMessageListenerAdapter.invokeHandler(MessagingMessageListenerAdapter.java:283) ~[spring-rabbit-3.2.8.jar:3.2.8]
	at org.springframework.amqp.rabbit.listener.adapter.MessagingMessageListenerAdapter.invokeHandlerAndProcessResult(MessagingMessageListenerAdapter.java:221) ~[spring-rabbit-3.2.8.jar:3.2.8]
	at org.springframework.amqp.rabbit.listener.adapter.MessagingMessageListenerAdapter.onMessage(MessagingMessageListenerAdapter.java:148) ~[spring-rabbit-3.2.8.jar:3.2.8]
	at org.springframework.amqp.rabbit.listener.AbstractMessageListenerContainer.doInvokeListener(AbstractMessageListenerContainer.java:1694) ~[spring-rabbit-3.2.8.jar:3.2.8]
	at org.springframework.amqp.rabbit.listener.AbstractMessageListenerContainer.actualInvokeListener(AbstractMessageListenerContainer.java:1616) ~[spring-rabbit-3.2.8.jar:3.2.8]
	at org.springframework.amqp.rabbit.listener.AbstractMessageListenerContainer.invokeListener(AbstractMessageListenerContainer.java:1604) ~[spring-rabbit-3.2.8.jar:3.2.8]
	at org.springframework.amqp.rabbit.listener.AbstractMessageListenerContainer.doExecuteListener(AbstractMessageListenerContainer.java:1595) ~[spring-rabbit-3.2.8.jar:3.2.8]
	at org.springframework.amqp.rabbit.listener.AbstractMessageListenerContainer.executeListenerAndHandleException(AbstractMessageListenerContainer.java:1540) ~[spring-rabbit-3.2.8.jar:3.2.8]
	at org.springframework.amqp.rabbit.listener.AbstractMessageListenerContainer.executeListener(AbstractMessageListenerContainer.java:1521) ~[spring-rabbit-3.2.8.jar:3.2.8]
	at org.springframework.amqp.rabbit.listener.SimpleMessageListenerContainer.doReceiveAndExecute(SimpleMessageListenerContainer.java:1091) ~[spring-rabbit-3.2.8.jar:3.2.8]
	at org.springframework.amqp.rabbit.listener.SimpleMessageListenerContainer.receiveAndExecute(SimpleMessageListenerContainer.java:1027) ~[spring-rabbit-3.2.8.jar:3.2.8]
	at org.springframework.amqp.rabbit.listener.SimpleMessageListenerContainer$AsyncMessageProcessingConsumer.mainLoop(SimpleMessageListenerContainer.java:1431) ~[spring-rabbit-3.2.8.jar:3.2.8]
	at org.springframework.amqp.rabbit.listener.SimpleMessageListenerContainer$AsyncMessageProcessingConsumer.run(SimpleMessageListenerContainer.java:1331) ~[spring-rabbit-3.2.8.jar:3.2.8]
	at java.base/java.lang.Thread.run(Thread.java:1583) ~[na:na]
Caused by: java.lang.StringIndexOutOfBoundsException: Range [0, 18) out of bounds for length 17
	at java.base/jdk.internal.util.Preconditions$1.apply(Preconditions.java:55) ~[na:na]
	at java.base/jdk.internal.util.Preconditions$1.apply(Preconditions.java:52) ~[na:na]
	at java.base/jdk.internal.util.Preconditions$4.apply(Preconditions.java:213) ~[na:na]
	at java.base/jdk.internal.util.Preconditions$4.apply(Preconditions.java:210) ~[na:na]
	at java.base/jdk.internal.util.Preconditions.outOfBounds(Preconditions.java:98) ~[na:na]
	at java.base/jdk.internal.util.Preconditions.outOfBoundsCheckFromToIndex(Preconditions.java:112) ~[na:na]
	at java.base/jdk.internal.util.Preconditions.checkFromToIndex(Preconditions.java:349) ~[na:na]
	at java.base/java.lang.String.checkBoundsBeginEnd(String.java:4865) ~[na:na]
	at java.base/java.lang.String.substring(String.java:2834) ~[na:na]
	at com.sentinel.tenant_service.service.impl.TenantServiceImpl.generateSlug(TenantServiceImpl.java:296) ~[classes/:na]
	at com.sentinel.tenant_service.service.impl.TenantServiceImpl.createTenantForUser(TenantServiceImpl.java:91) ~[classes/:na]
	at java.base/jdk.internal.reflect.DirectMethodHandleAccessor.invoke(DirectMethodHandleAccessor.java:103) ~[na:na]
	at java.base/java.lang.reflect.Method.invoke(Method.java:580) ~[na:na]
	at org.springframework.aop.support.AopUtils.invokeJoinpointUsingReflection(AopUtils.java:360) ~[spring-aop-6.2.14.jar:6.2.14]
	at org.springframework.aop.framework.ReflectiveMethodInvocation.invokeJoinpoint(ReflectiveMethodInvocation.java:196) ~[spring-aop-6.2.14.jar:6.2.14]
	at org.springframework.aop.framework.ReflectiveMethodInvocation.proceed(ReflectiveMethodInvocation.java:163) ~[spring-aop-6.2.14.jar:6.2.14]
	at org.springframework.transaction.interceptor.TransactionAspectSupport.invokeWithinTransaction(TransactionAspectSupport.java:380) ~[spring-tx-6.2.14.jar:6.2.14]
	at org.springframework.transaction.interceptor.TransactionInterceptor.invoke(TransactionInterceptor.java:119) ~[spring-tx-6.2.14.jar:6.2.14]
	at org.springframework.aop.framework.ReflectiveMethodInvocation.proceed(ReflectiveMethodInvocation.java:184) ~[spring-aop-6.2.14.jar:6.2.14]
	at org.springframework.aop.framework.CglibAopProxy$DynamicAdvisedInterceptor.intercept(CglibAopProxy.java:728) ~[spring-aop-6.2.14.jar:6.2.14]
	at com.sentinel.tenant_service.service.impl.TenantServiceImpl$$SpringCGLIB$$0.createTenantForUser(<generated>) ~[classes/:na]
	at com.sentinel.tenant_service.events.listeners.UserRegisteredListener.handleUserRegistered(UserRegisteredListener.java:52) ~[classes/:na]
	at java.base/jdk.internal.reflect.DirectMethodHandleAccessor.invoke(DirectMethodHandleAccessor.java:103) ~[na:na]
	at java.base/java.lang.reflect.Method.invoke(Method.java:580) ~[na:na]
	at org.springframework.messaging.handler.invocation.InvocableHandlerMethod.doInvoke(InvocableHandlerMethod.java:169) ~[spring-messaging-6.2.14.jar:6.2.14]
	at org.springframework.amqp.rabbit.listener.adapter.KotlinAwareInvocableHandlerMethod.doInvoke(KotlinAwareInvocableHandlerMethod.java:45) ~[spring-rabbit-3.2.8.jar:3.2.8]
	at org.springframework.messaging.handler.invocation.InvocableHandlerMethod.invoke(InvocableHandlerMethod.java:119) ~[spring-messaging-6.2.14.jar:6.2.14]
	at org.springframework.amqp.rabbit.listener.adapter.HandlerAdapter.invoke(HandlerAdapter.java:80) ~[spring-rabbit-3.2.8.jar:3.2.8]
	at org.springframework.amqp.rabbit.listener.adapter.MessagingMessageListenerAdapter.invokeHandler(MessagingMessageListenerAdapter.java:274) ~[spring-rabbit-3.2.8.jar:3.2.8]
	... 13 common frames omitted

2025-12-02T19:39:22.637-05:00 DEBUG 124510 --- [tenant-service] [org.springframework.amqp.rabbit.RabbitListenerEndpointContainer#0-1] o.s.a.r.listener.BlockingQueueConsumer   : Rejecting messages (requeue=true)
2025-12-02T19:39:22.637-05:00 DEBUG 124510 --- [tenant-service] [pool-2-thread-14] o.s.a.r.listener.BlockingQueueConsumer   : Storing delivery for consumerTag: 'amq.ctag-cAqrhI9n0NxPX1HhqC9Csg' with deliveryTag: '1668' in Consumer@2baf9cd4: tags=[[amq.ctag-cAqrhI9n0NxPX1HhqC9Csg]], channel=Cached Rabbit Channel: AMQChannel(amqp://guest@127.0.0.1:5672/,1), conn: Proxy@ae449e7 Shared Rabbit Connection: SimpleConnection@15beb40b [delegate=amqp://guest@127.0.0.1:5672/, localPort=40784], acknowledgeMode=AUTO local queue size=0
2025-12-02T19:39:22.637-05:00 DEBUG 124510 --- [tenant-service] [org.springframework.amqp.rabbit.RabbitListenerEndpointContainer#0-1] o.s.a.r.listener.BlockingQueueConsumer   : Received message: (Body:'[B@106fa1e(byte[176])' MessageProperties [headers={__ContentTypeId__=java.lang.Object, __KeyTypeId__=java.lang.Object, __TypeId__=java.util.HashMap}, contentType=application/json, contentEncoding=UTF-8, contentLength=0, receivedDeliveryMode=PERSISTENT, priority=0, redelivered=true, receivedExchange=auth-exchange, receivedRoutingKey=auth.user.registered, deliveryTag=1668, consumerTag=amq.ctag-cAqrhI9n0NxPX1HhqC9Csg, consumerQueue=auth.user.registered.queue])
2025-12-02T19:39:22.637-05:00 DEBUG 124510 --- [tenant-service] [org.springframework.amqp.rabbit.RabbitListenerEndpointContainer#0-1] .a.r.l.a.MessagingMessageListenerAdapter : Processing [GenericMessage [payload={globalRole=USER, eventType=auth.user.registered, userId=83278a9a-ba74-469a-994e-effb51d8837e, email=prueba@correo.com, timestamp=2025-12-02T19:33:08.964523491}, headers={amqp_receivedDeliveryMode=PERSISTENT, amqp_receivedExchange=auth-exchange, amqp_deliveryTag=1668, amqp_consumerQueue=auth.user.registered.queue, amqp_redelivered=true, __ContentTypeId__=java.lang.Object, amqp_receivedRoutingKey=auth.user.registered, amqp_contentEncoding=UTF-8, __KeyTypeId__=java.lang.Object, amqp_retryCount=0, id=ad156471-0935-2ac8-4058-a2de96d0a3b9, amqp_consumerTag=amq.ctag-cAqrhI9n0NxPX1HhqC9Csg, amqp_lastInBatch=false, contentType=application/json, __TypeId__=java.util.HashMap, timestamp=1764722362637}]]
2025-12-02T19:39:22.637-05:00  INFO 124510 --- [tenant-service] [org.springframework.amqp.rabbit.RabbitListenerEndpointContainer#0-1] c.s.t.e.l.UserRegisteredListener         : Received auth.user.registered event: {globalRole=USER, eventType=auth.user.registered, userId=83278a9a-ba74-469a-994e-effb51d8837e, email=prueba@correo.com, timestamp=2025-12-02T19:33:08.964523491}
2025-12-02T19:39:22.637-05:00  INFO 124510 --- [tenant-service] [org.springframework.amqp.rabbit.RabbitListenerEndpointContainer#0-1] c.s.t.e.l.UserRegisteredListener         : Creating tenant for new user: prueba@correo.com (83278a9a-ba74-469a-994e-effb51d8837e)
2025-12-02T19:39:22.637-05:00  INFO 124510 --- [tenant-service] [org.springframework.amqp.rabbit.RabbitListenerEndpointContainer#0-1] c.s.t.service.impl.TenantServiceImpl     : Auto-creating tenant for new user: 83278a9a-ba74-469a-994e-effb51d8837e
2025-12-02T19:39:22.638-05:00 ERROR 124510 --- [tenant-service] [org.springframework.amqp.rabbit.RabbitListenerEndpointContainer#0-1] c.s.t.e.l.UserRegisteredListener         : Error processing auth.user.registered event: Range [0, 18) out of bounds for length 17

java.lang.StringIndexOutOfBoundsException: Range [0, 18) out of bounds for length 17
	at java.base/jdk.internal.util.Preconditions$1.apply(Preconditions.java:55) ~[na:na]
	at java.base/jdk.internal.util.Preconditions$1.apply(Preconditions.java:52) ~[na:na]
	at java.base/jdk.internal.util.Preconditions$4.apply(Preconditions.java:213) ~[na:na]
	at java.base/jdk.internal.util.Preconditions$4.apply(Preconditions.java:210) ~[na:na]
	at java.base/jdk.internal.util.Preconditions.outOfBounds(Preconditions.java:98) ~[na:na]
	at java.base/jdk.internal.util.Preconditions.outOfBoundsCheckFromToIndex(Preconditions.java:112) ~[na:na]
	at java.base/jdk.internal.util.Preconditions.checkFromToIndex(Preconditions.java:349) ~[na:na]
	at java.base/java.lang.String.checkBoundsBeginEnd(String.java:4865) ~[na:na]
	at java.base/java.lang.String.substring(String.java:2834) ~[na:na]
	at com.sentinel.tenant_service.service.impl.TenantServiceImpl.generateSlug(TenantServiceImpl.java:296) ~[classes/:na]
	at com.sentinel.tenant_service.service.impl.TenantServiceImpl.createTenantForUser(TenantServiceImpl.java:91) ~[classes/:na]
	at java.base/jdk.internal.reflect.DirectMethodHandleAccessor.invoke(DirectMethodHandleAccessor.java:103) ~[na:na]
	at java.base/java.lang.reflect.Method.invoke(Method.java:580) ~[na:na]
	at org.springframework.aop.support.AopUtils.invokeJoinpointUsingReflection(AopUtils.java:360) ~[spring-aop-6.2.14.jar:6.2.14]
	at org.springframework.aop.framework.ReflectiveMethodInvocation.invokeJoinpoint(ReflectiveMethodInvocation.java:196) ~[spring-aop-6.2.14.jar:6.2.14]
	at org.springframework.aop.framework.ReflectiveMethodInvocation.proceed(ReflectiveMethodInvocation.java:163) ~[spring-aop-6.2.14.jar:6.2.14]
	at org.springframework.transaction.interceptor.TransactionAspectSupport.invokeWithinTransaction(TransactionAspectSupport.java:380) ~[spring-tx-6.2.14.jar:6.2.14]
	at org.springframework.transaction.interceptor.TransactionInterceptor.invoke(TransactionInterceptor.java:119) ~[spring-tx-6.2.14.jar:6.2.14]
	at org.springframework.aop.framework.ReflectiveMethodInvocation.proceed(ReflectiveMethodInvocation.java:184) ~[spring-aop-6.2.14.jar:6.2.14]
	at org.springframework.aop.framework.CglibAopProxy$DynamicAdvisedInterceptor.intercept(CglibAopProxy.java:728) ~[spring-aop-6.2.14.jar:6.2.14]
	at com.sentinel.tenant_service.service.impl.TenantServiceImpl$$SpringCGLIB$$0.createTenantForUser(<generated>) ~[classes/:na]
	at com.sentinel.tenant_service.events.listeners.UserRegisteredListener.handleUserRegistered(UserRegisteredListener.java:52) ~[classes/:na]
	at java.base/jdk.internal.reflect.DirectMethodHandleAccessor.invoke(DirectMethodHandleAccessor.java:103) ~[na:na]
	at java.base/java.lang.reflect.Method.invoke(Method.java:580) ~[na:na]
	at org.springframework.messaging.handler.invocation.InvocableHandlerMethod.doInvoke(InvocableHandlerMethod.java:169) ~[spring-messaging-6.2.14.jar:6.2.14]
	at org.springframework.amqp.rabbit.listener.adapter.KotlinAwareInvocableHandlerMethod.doInvoke(KotlinAwareInvocableHandlerMethod.java:45) ~[spring-rabbit-3.2.8.jar:3.2.8]
	at org.springframework.messaging.handler.invocation.InvocableHandlerMethod.invoke(InvocableHandlerMethod.java:119) ~[spring-messaging-6.2.14.jar:6.2.14]
	at org.springframework.amqp.rabbit.listener.adapter.HandlerAdapter.invoke(HandlerAdapter.java:80) ~[spring-rabbit-3.2.8.jar:3.2.8]
	at org.springframework.amqp.rabbit.listener.adapter.MessagingMessageListenerAdapter.invokeHandler(MessagingMessageListenerAdapter.java:274) ~[spring-rabbit-3.2.8.jar:3.2.8]
	at org.springframework.amqp.rabbit.listener.adapter.MessagingMessageListenerAdapter.invokeHandlerAndProcessResult(MessagingMessageListenerAdapter.java:221) ~[spring-rabbit-3.2.8.jar:3.2.8]
	at org.springframework.amqp.rabbit.listener.adapter.MessagingMessageListenerAdapter.onMessage(MessagingMessageListenerAdapter.java:148) ~[spring-rabbit-3.2.8.jar:3.2.8]
	at org.springframework.amqp.rabbit.listener.AbstractMessageListenerContainer.doInvokeListener(AbstractMessageListenerContainer.java:1694) ~[spring-rabbit-3.2.8.jar:3.2.8]
	at org.springframework.amqp.rabbit.listener.AbstractMessageListenerContainer.actualInvokeListener(AbstractMessageListenerContainer.java:1616) ~[spring-rabbit-3.2.8.jar:3.2.8]
	at org.springframework.amqp.rabbit.listener.AbstractMessageListenerContainer.invokeListener(AbstractMessageListenerContainer.java:1604) ~[spring-rabbit-3.2.8.jar:3.2.8]
	at org.springframework.amqp.rabbit.listener.AbstractMessageListenerContainer.doExecuteListener(AbstractMessageListenerContainer.java:1595) ~[spring-rabbit-3.2.8.jar:3.2.8]
	at org.springframework.amqp.rabbit.listener.AbstractMessageListenerContainer.executeListenerAndHandleException(AbstractMessageListenerContainer.java:1540) ~[spring-rabbit-3.2.8.jar:3.2.8]
	at org.springframework.amqp.rabbit.listener.AbstractMessageListenerContainer.executeListener(AbstractMessageListenerContainer.java:1521) ~[spring-rabbit-3.2.8.jar:3.2.8]
	at org.springframework.amqp.rabbit.listener.SimpleMessageListenerContainer.doReceiveAndExecute(SimpleMessageListenerContainer.java:1091) ~[spring-rabbit-3.2.8.jar:3.2.8]
	at org.springframework.amqp.rabbit.listener.SimpleMessageListenerContainer.receiveAndExecute(SimpleMessageListenerContainer.java:1027) ~[spring-rabbit-3.2.8.jar:3.2.8]
	at org.springframework.amqp.rabbit.listener.SimpleMessageListenerContainer$AsyncMessageProcessingConsumer.mainLoop(SimpleMessageListenerContainer.java:1431) ~[spring-rabbit-3.2.8.jar:3.2.8]
	at org.springframework.amqp.rabbit.listener.SimpleMessageListenerContainer$AsyncMessageProcessingConsumer.run(SimpleMessageListenerContainer.java:1331) ~[spring-rabbit-3.2.8.jar:3.2.8]
	at java.base/java.lang.Thread.run(Thread.java:1583) ~[na:na]

2025-12-02T19:39:22.638-05:00  WARN 124510 --- [tenant-service] [org.springframework.amqp.rabbit.RabbitListenerEndpointContainer#0-1] s.a.r.l.ConditionalRejectingErrorHandler : Execution of Rabbit message listener failed.

org.springframework.amqp.rabbit.support.ListenerExecutionFailedException: Listener method 'public void com.sentinel.tenant_service.events.listeners.UserRegisteredListener.handleUserRegistered(java.util.Map<java.lang.String, java.lang.Object>)' threw exception
	at org.springframework.amqp.rabbit.listener.adapter.MessagingMessageListenerAdapter.invokeHandler(MessagingMessageListenerAdapter.java:283) ~[spring-rabbit-3.2.8.jar:3.2.8]
	at org.springframework.amqp.rabbit.listener.adapter.MessagingMessageListenerAdapter.invokeHandlerAndProcessResult(MessagingMessageListenerAdapter.java:221) ~[spring-rabbit-3.2.8.jar:3.2.8]
	at org.springframework.amqp.rabbit.listener.adapter.MessagingMessageListenerAdapter.onMessage(MessagingMessageListenerAdapter.java:148) ~[spring-rabbit-3.2.8.jar:3.2.8]
	at org.springframework.amqp.rabbit.listener.AbstractMessageListenerContainer.doInvokeListener(AbstractMessageListenerContainer.java:1694) ~[spring-rabbit-3.2.8.jar:3.2.8]
	at org.springframework.amqp.rabbit.listener.AbstractMessageListenerContainer.actualInvokeListener(AbstractMessageListenerContainer.java:1616) ~[spring-rabbit-3.2.8.jar:3.2.8]
	at org.springframework.amqp.rabbit.listener.AbstractMessageListenerContainer.invokeListener(AbstractMessageListenerContainer.java:1604) ~[spring-rabbit-3.2.8.jar:3.2.8]
	at org.springframework.amqp.rabbit.listener.AbstractMessageListenerContainer.doExecuteListener(AbstractMessageListenerContainer.java:1595) ~[spring-rabbit-3.2.8.jar:3.2.8]
	at org.springframework.amqp.rabbit.listener.AbstractMessageListenerContainer.executeListenerAndHandleException(AbstractMessageListenerContainer.java:1540) ~[spring-rabbit-3.2.8.jar:3.2.8]
	at org.springframework.amqp.rabbit.listener.AbstractMessageListenerContainer.executeListener(AbstractMessageListenerContainer.java:1521) ~[spring-rabbit-3.2.8.jar:3.2.8]
	at org.springframework.amqp.rabbit.listener.SimpleMessageListenerContainer.doReceiveAndExecute(SimpleMessageListenerContainer.java:1091) ~[spring-rabbit-3.2.8.jar:3.2.8]
	at org.springframework.amqp.rabbit.listener.SimpleMessageListenerContainer.receiveAndExecute(SimpleMessageListenerContainer.java:1027) ~[spring-rabbit-3.2.8.jar:3.2.8]
	at org.springframework.amqp.rabbit.listener.SimpleMessageListenerContainer$AsyncMessageProcessingConsumer.mainLoop(SimpleMessageListenerContainer.java:1431) ~[spring-rabbit-3.2.8.jar:3.2.8]
	at org.springframework.amqp.rabbit.listener.SimpleMessageListenerContainer$AsyncMessageProcessingConsumer.run(SimpleMessageListenerContainer.java:1331) ~[spring-rabbit-3.2.8.jar:3.2.8]
	at java.base/java.lang.Thread.run(Thread.java:1583) ~[na:na]
Caused by: java.lang.StringIndexOutOfBoundsException: Range [0, 18) out of bounds for length 17
	at java.base/jdk.internal.util.Preconditions$1.apply(Preconditions.java:55) ~[na:na]
	at java.base/jdk.internal.util.Preconditions$1.apply(Preconditions.java:52) ~[na:na]
	at java.base/jdk.internal.util.Preconditions$4.apply(Preconditions.java:213) ~[na:na]
	at java.base/jdk.internal.util.Preconditions$4.apply(Preconditions.java:210) ~[na:na]
	at java.base/jdk.internal.util.Preconditions.outOfBounds(Preconditions.java:98) ~[na:na]
	at java.base/jdk.internal.util.Preconditions.outOfBoundsCheckFromToIndex(Preconditions.java:112) ~[na:na]
	at java.base/jdk.internal.util.Preconditions.checkFromToIndex(Preconditions.java:349) ~[na:na]
	at java.base/java.lang.String.checkBoundsBeginEnd(String.java:4865) ~[na:na]
	at java.base/java.lang.String.substring(String.java:2834) ~[na:na]
	at com.sentinel.tenant_service.service.impl.TenantServiceImpl.generateSlug(TenantServiceImpl.java:296) ~[classes/:na]
	at com.sentinel.tenant_service.service.impl.TenantServiceImpl.createTenantForUser(TenantServiceImpl.java:91) ~[classes/:na]
	at java.base/jdk.internal.reflect.DirectMethodHandleAccessor.invoke(DirectMethodHandleAccessor.java:103) ~[na:na]
	at java.base/java.lang.reflect.Method.invoke(Method.java:580) ~[na:na]
	at org.springframework.aop.support.AopUtils.invokeJoinpointUsingReflection(AopUtils.java:360) ~[spring-aop-6.2.14.jar:6.2.14]
	at org.springframework.aop.framework.ReflectiveMethodInvocation.invokeJoinpoint(ReflectiveMethodInvocation.java:196) ~[spring-aop-6.2.14.jar:6.2.14]
	at org.springframework.aop.framework.ReflectiveMethodInvocation.proceed(ReflectiveMethodInvocation.java:163) ~[spring-aop-6.2.14.jar:6.2.14]
	at org.springframework.transaction.interceptor.TransactionAspectSupport.invokeWithinTransaction(TransactionAspectSupport.java:380) ~[spring-tx-6.2.14.jar:6.2.14]
	at org.springframework.transaction.interceptor.TransactionInterceptor.invoke(TransactionInterceptor.java:119) ~[spring-tx-6.2.14.jar:6.2.14]
	at org.springframework.aop.framework.ReflectiveMethodInvocation.proceed(ReflectiveMethodInvocation.java:184) ~[spring-aop-6.2.14.jar:6.2.14]
	at org.springframework.aop.framework.CglibAopProxy$DynamicAdvisedInterceptor.intercept(CglibAopProxy.java:728) ~[spring-aop-6.2.14.jar:6.2.14]
	at com.sentinel.tenant_service.service.impl.TenantServiceImpl$$SpringCGLIB$$0.createTenantForUser(<generated>) ~[classes/:na]
	at com.sentinel.tenant_service.events.listeners.UserRegisteredListener.handleUserRegistered(UserRegisteredListener.java:52) ~[classes/:na]
	at java.base/jdk.internal.reflect.DirectMethodHandleAccessor.invoke(DirectMethodHandleAccessor.java:103) ~[na:na]
	at java.base/java.lang.reflect.Method.invoke(Method.java:580) ~[na:na]
	at org.springframework.messaging.handler.invocation.InvocableHandlerMethod.doInvoke(InvocableHandlerMethod.java:169) ~[spring-messaging-6.2.14.jar:6.2.14]
	at org.springframework.amqp.rabbit.listener.adapter.KotlinAwareInvocableHandlerMethod.doInvoke(KotlinAwareInvocableHandlerMethod.java:45) ~[spring-rabbit-3.2.8.jar:3.2.8]
	at org.springframework.messaging.handler.invocation.InvocableHandlerMethod.invoke(InvocableHandlerMethod.java:119) ~[spring-messaging-6.2.14.jar:6.2.14]
	at org.springframework.amqp.rabbit.listener.adapter.HandlerAdapter.invoke(HandlerAdapter.java:80) ~[spring-rabbit-3.2.8.jar:3.2.8]
	at org.springframework.amqp.rabbit.listener.adapter.MessagingMessageListenerAdapter.invokeHandler(MessagingMessageListenerAdapter.java:274) ~[spring-rabbit-3.2.8.jar:3.2.8]
	... 13 common frames omitted

2025-12-02T19:39:22.640-05:00 DEBUG 124510 --- [tenant-service] [org.springframework.amqp.rabbit.RabbitListenerEndpointContainer#0-1] o.s.a.r.listener.BlockingQueueConsumer   : Rejecting messages (requeue=true)
2025-12-02T19:39:22.642-05:00 DEBUG 124510 --- [tenant-service] [pool-2-thread-3] o.s.a.r.listener.BlockingQueueConsumer   : Storing delivery for consumerTag: 'amq.ctag-cAqrhI9n0NxPX1HhqC9Csg' with deliveryTag: '1669' in Consumer@2baf9cd4: tags=[[amq.ctag-cAqrhI9n0NxPX1HhqC9Csg]], channel=Cached Rabbit Channel: AMQChannel(amqp://guest@127.0.0.1:5672/,1), conn: Proxy@ae449e7 Shared Rabbit Connection: SimpleConnection@15beb40b [delegate=amqp://guest@127.0.0.1:5672/, localPort=40784], acknowledgeMode=AUTO local queue size=0
2025-12-02T19:39:22.642-05:00 DEBUG 124510 --- [tenant-service] [org.springframework.amqp.rabbit.RabbitListenerEndpointContainer#0-1] o.s.a.r.listener.BlockingQueueConsumer   : Received message: (Body:'[B@21135baa(byte[176])' MessageProperties [headers={__ContentTypeId__=java.lang.Object, __KeyTypeId__=java.lang.Object, __TypeId__=java.util.HashMap}, contentType=application/json, contentEncoding=UTF-8, contentLength=0, receivedDeliveryMode=PERSISTENT, priority=0, redelivered=true, receivedExchange=auth-exchange, receivedRoutingKey=auth.user.registered, deliveryTag=1669, consumerTag=amq.ctag-cAqrhI9n0NxPX1HhqC9Csg, consumerQueue=auth.user.registered.queue])
2025-12-02T19:39:22.642-05:00 DEBUG 124510 --- [tenant-service] [org.springframework.amqp.rabbit.RabbitListenerEndpointContainer#0-1] .a.r.l.a.MessagingMessageListenerAdapter : Processing [GenericMessage [payload={globalRole=USER, eventType=auth.user.registered, userId=83278a9a-ba74-469a-994e-effb51d8837e, email=prueba@correo.com, timestamp=2025-12-02T19:33:08.964523491}, headers={amqp_receivedDeliveryMode=PERSISTENT, amqp_receivedExchange=auth-exchange, amqp_deliveryTag=1669, amqp_consumerQueue=auth.user.registered.queue, amqp_redelivered=true, __ContentTypeId__=java.lang.Object, amqp_receivedRoutingKey=auth.user.registered, amqp_contentEncoding=UTF-8, __KeyTypeId__=java.lang.Object, amqp_retryCount=0, id=c446a845-d632-ee69-3614-b34c7e8f6bec, amqp_consumerTag=amq.ctag-cAqrhI9n0NxPX1HhqC9Csg, amqp_lastInBatch=false, contentType=application/json, __TypeId__=java.util.HashMap, timestamp=1764722362642}]]
2025-12-02T19:39:22.642-05:00  INFO 124510 --- [tenant-service] [org.springframework.amqp.rabbit.RabbitListenerEndpointContainer#0-1] c.s.t.e.l.UserRegisteredListener         : Received auth.user.registered event: {globalRole=USER, eventType=auth.user.registered, userId=83278a9a-ba74-469a-994e-effb51d8837e, email=prueba@correo.com, timestamp=2025-12-02T19:33:08.964523491}
2025-12-02T19:39:22.642-05:00  INFO 124510 --- [tenant-service] [org.springframework.amqp.rabbit.RabbitListenerEndpointContainer#0-1] c.s.t.e.l.UserRegisteredListener         : Creating tenant for new user: prueba@correo.com (83278a9a-ba74-469a-994e-effb51d8837e)
2025-12-02T19:39:22.642-05:00  INFO 124510 --- [tenant-service] [org.springframework.amqp.rabbit.RabbitListenerEndpointContainer#0-1] c.s.t.service.impl.TenantServiceImpl     : Auto-creating tenant for new user: 83278a9a-ba74-469a-994e-effb51d8837e
2025-12-02T19:39:22.642-05:00 ERROR 124510 --- [tenant-service] [org.springframework.amqp.rabbit.RabbitListenerEndpointContainer#0-1] c.s.t.e.l.UserRegisteredListener         : Error processing auth.user.registered event: Range [0, 18) out of bounds for length 17

java.lang.StringIndexOutOfBoundsException: Range [0, 18) out of bounds for length 17
	at java.base/jdk.internal.util.Preconditions$1.apply(Preconditions.java:55) ~[na:na]
	at java.base/jdk.internal.util.Preconditions$1.apply(Preconditions.java:52) ~[na:na]
	at java.base/jdk.internal.util.Preconditions$4.apply(Preconditions.java:213) ~[na:na]
	at java.base/jdk.internal.util.Preconditions$4.apply(Preconditions.java:210) ~[na:na]
	at java.base/jdk.internal.util.Preconditions.outOfBounds(Preconditions.java:98) ~[na:na]
	at java.base/jdk.internal.util.Preconditions.outOfBoundsCheckFromToIndex(Preconditions.java:112) ~[na:na]
	at java.base/jdk.internal.util.Preconditions.checkFromToIndex(Preconditions.java:349) ~[na:na]
	at java.base/java.lang.String.checkBoundsBeginEnd(String.java:4865) ~[na:na]
	at java.base/java.lang.String.substring(String.java:2834) ~[na:na]
	at com.sentinel.tenant_service.service.impl.TenantServiceImpl.generateSlug(TenantServiceImpl.java:296) ~[classes/:na]
	at com.sentinel.tenant_service.service.impl.TenantServiceImpl.createTenantForUser(TenantServiceImpl.java:91) ~[classes/:na]
	at java.base/jdk.internal.reflect.DirectMethodHandleAccessor.invoke(DirectMethodHandleAccessor.java:103) ~[na:na]
	at java.base/java.lang.reflect.Method.invoke(Method.java:580) ~[na:na]
	at org.springframework.aop.support.AopUtils.invokeJoinpointUsingReflection(AopUtils.java:360) ~[spring-aop-6.2.14.jar:6.2.14]
	at org.springframework.aop.framework.ReflectiveMethodInvocation.invokeJoinpoint(ReflectiveMethodInvocation.java:196) ~[spring-aop-6.2.14.jar:6.2.14]
	at org.springframework.aop.framework.ReflectiveMethodInvocation.proceed(ReflectiveMethodInvocation.java:163) ~[spring-aop-6.2.14.jar:6.2.14]
	at org.springframework.transaction.interceptor.TransactionAspectSupport.invokeWithinTransaction(TransactionAspectSupport.java:380) ~[spring-tx-6.2.14.jar:6.2.14]
	at org.springframework.transaction.interceptor.TransactionInterceptor.invoke(TransactionInterceptor.java:119) ~[spring-tx-6.2.14.jar:6.2.14]
	at org.springframework.aop.framework.ReflectiveMethodInvocation.proceed(ReflectiveMethodInvocation.java:184) ~[spring-aop-6.2.14.jar:6.2.14]
	at org.springframework.aop.framework.CglibAopProxy$DynamicAdvisedInterceptor.intercept(CglibAopProxy.java:728) ~[spring-aop-6.2.14.jar:6.2.14]
	at com.sentinel.tenant_service.service.impl.TenantServiceImpl$$SpringCGLIB$$0.createTenantForUser(<generated>) ~[classes/:na]
	at com.sentinel.tenant_service.events.listeners.UserRegisteredListener.handleUserRegistered(UserRegisteredListener.java:52) ~[classes/:na]
	at java.base/jdk.internal.reflect.DirectMethodHandleAccessor.invoke(DirectMethodHandleAccessor.java:103) ~[na:na]
	at java.base/java.lang.reflect.Method.invoke(Method.java:580) ~[na:na]
	at org.springframework.messaging.handler.invocation.InvocableHandlerMethod.doInvoke(InvocableHandlerMethod.java:169) ~[spring-messaging-6.2.14.jar:6.2.14]
	at org.springframework.amqp.rabbit.listener.adapter.KotlinAwareInvocableHandlerMethod.doInvoke(KotlinAwareInvocableHandlerMethod.java:45) ~[spring-rabbit-3.2.8.jar:3.2.8]
	at org.springframework.messaging.handler.invocation.InvocableHandlerMethod.invoke(InvocableHandlerMethod.java:119) ~[spring-messaging-6.2.14.jar:6.2.14]
	at org.springframework.amqp.rabbit.listener.adapter.HandlerAdapter.invoke(HandlerAdapter.java:80) ~[spring-rabbit-3.2.8.jar:3.2.8]
	at org.springframework.amqp.rabbit.listener.adapter.MessagingMessageListenerAdapter.invokeHandler(MessagingMessageListenerAdapter.java:274) ~[spring-rabbit-3.2.8.jar:3.2.8]
	at org.springframework.amqp.rabbit.listener.adapter.MessagingMessageListenerAdapter.invokeHandlerAndProcessResult(MessagingMessageListenerAdapter.java:221) ~[spring-rabbit-3.2.8.jar:3.2.8]
	at org.springframework.amqp.rabbit.listener.adapter.MessagingMessageListenerAdapter.onMessage(MessagingMessageListenerAdapter.java:148) ~[spring-rabbit-3.2.8.jar:3.2.8]
	at org.springframework.amqp.rabbit.listener.AbstractMessageListenerContainer.doInvokeListener(AbstractMessageListenerContainer.java:1694) ~[spring-rabbit-3.2.8.jar:3.2.8]
	at org.springframework.amqp.rabbit.listener.AbstractMessageListenerContainer.actualInvokeListener(AbstractMessageListenerContainer.java:1616) ~[spring-rabbit-3.2.8.jar:3.2.8]
	at org.springframework.amqp.rabbit.listener.AbstractMessageListenerContainer.invokeListener(AbstractMessageListenerContainer.java:1604) ~[spring-rabbit-3.2.8.jar:3.2.8]
	at org.springframework.amqp.rabbit.listener.AbstractMessageListenerContainer.doExecuteListener(AbstractMessageListenerContainer.java:1595) ~[spring-rabbit-3.2.8.jar:3.2.8]
	at org.springframework.amqp.rabbit.listener.AbstractMessageListenerContainer.executeListenerAndHandleException(AbstractMessageListenerContainer.java:1540) ~[spring-rabbit-3.2.8.jar:3.2.8]
	at org.springframework.amqp.rabbit.listener.AbstractMessageListenerContainer.executeListener(AbstractMessageListenerContainer.java:1521) ~[spring-rabbit-3.2.8.jar:3.2.8]
	at org.springframework.amqp.rabbit.listener.SimpleMessageListenerContainer.doReceiveAndExecute(SimpleMessageListenerContainer.java:1091) ~[spring-rabbit-3.2.8.jar:3.2.8]
	at org.springframework.amqp.rabbit.listener.SimpleMessageListenerContainer.receiveAndExecute(SimpleMessageListenerContainer.java:1027) ~[spring-rabbit-3.2.8.jar:3.2.8]
	at org.springframework.amqp.rabbit.listener.SimpleMessageListenerContainer$AsyncMessageProcessingConsumer.mainLoop(SimpleMessageListenerContainer.java:1431) ~[spring-rabbit-3.2.8.jar:3.2.8]
	at org.springframework.amqp.rabbit.listener.SimpleMessageListenerContainer$AsyncMessageProcessingConsumer.run(SimpleMessageListenerContainer.java:1331) ~[spring-rabbit-3.2.8.jar:3.2.8]
	at java.base/java.lang.Thread.run(Thread.java:1583) ~[na:na]

2025-12-02T19:39:22.643-05:00  WARN 124510 --- [tenant-service] [org.springframework.amqp.rabbit.RabbitListenerEndpointContainer#0-1] s.a.r.l.ConditionalRejectingErrorHandler : Execution of Rabbit message listener failed.

org.springframework.amqp.rabbit.support.ListenerExecutionFailedException: Listener method 'public void com.sentinel.tenant_service.events.listeners.UserRegisteredListener.handleUserRegistered(java.util.Map<java.lang.String, java.lang.Object>)' threw exception
	at org.springframework.amqp.rabbit.listener.adapter.MessagingMessageListenerAdapter.invokeHandler(MessagingMessageListenerAdapter.java:283) ~[spring-rabbit-3.2.8.jar:3.2.8]
	at org.springframework.amqp.rabbit.listener.adapter.MessagingMessageListenerAdapter.invokeHandlerAndProcessResult(MessagingMessageListenerAdapter.java:221) ~[spring-rabbit-3.2.8.jar:3.2.8]
	at org.springframework.amqp.rabbit.listener.adapter.MessagingMessageListenerAdapter.onMessage(MessagingMessageListenerAdapter.java:148) ~[spring-rabbit-3.2.8.jar:3.2.8]
	at org.springframework.amqp.rabbit.listener.AbstractMessageListenerContainer.doInvokeListener(AbstractMessageListenerContainer.java:1694) ~[spring-rabbit-3.2.8.jar:3.2.8]
	at org.springframework.amqp.rabbit.listener.AbstractMessageListenerContainer.actualInvokeListener(AbstractMessageListenerContainer.java:1616) ~[spring-rabbit-3.2.8.jar:3.2.8]
	at org.springframework.amqp.rabbit.listener.AbstractMessageListenerContainer.invokeListener(AbstractMessageListenerContainer.java:1604) ~[spring-rabbit-3.2.8.jar:3.2.8]
	at org.springframework.amqp.rabbit.listener.AbstractMessageListenerContainer.doExecuteListener(AbstractMessageListenerContainer.java:1595) ~[spring-rabbit-3.2.8.jar:3.2.8]
	at org.springframework.amqp.rabbit.listener.AbstractMessageListenerContainer.executeListenerAndHandleException(AbstractMessageListenerContainer.java:1540) ~[spring-rabbit-3.2.8.jar:3.2.8]
	at org.springframework.amqp.rabbit.listener.AbstractMessageListenerContainer.executeListener(AbstractMessageListenerContainer.java:1521) ~[spring-rabbit-3.2.8.jar:3.2.8]
	at org.springframework.amqp.rabbit.listener.SimpleMessageListenerContainer.doReceiveAndExecute(SimpleMessageListenerContainer.java:1091) ~[spring-rabbit-3.2.8.jar:3.2.8]
	at org.springframework.amqp.rabbit.listener.SimpleMessageListenerContainer.receiveAndExecute(SimpleMessageListenerContainer.java:1027) ~[spring-rabbit-3.2.8.jar:3.2.8]
	at org.springframework.amqp.rabbit.listener.SimpleMessageListenerContainer$AsyncMessageProcessingConsumer.mainLoop(SimpleMessageListenerContainer.java:1431) ~[spring-rabbit-3.2.8.jar:3.2.8]
	at org.springframework.amqp.rabbit.listener.SimpleMessageListenerContainer$AsyncMessageProcessingConsumer.run(SimpleMessageListenerContainer.java:1331) ~[spring-rabbit-3.2.8.jar:3.2.8]
	at java.base/java.lang.Thread.run(Thread.java:1583) ~[na:na]
Caused by: java.lang.StringIndexOutOfBoundsException: Range [0, 18) out of bounds for length 17
	at java.base/jdk.internal.util.Preconditions$1.apply(Preconditions.java:55) ~[na:na]
	at java.base/jdk.internal.util.Preconditions$1.apply(Preconditions.java:52) ~[na:na]
	at java.base/jdk.internal.util.Preconditions$4.apply(Preconditions.java:213) ~[na:na]
	at java.base/jdk.internal.util.Preconditions$4.apply(Preconditions.java:210) ~[na:na]
	at java.base/jdk.internal.util.Preconditions.outOfBounds(Preconditions.java:98) ~[na:na]
	at java.base/jdk.internal.util.Preconditions.outOfBoundsCheckFromToIndex(Preconditions.java:112) ~[na:na]
	at java.base/jdk.internal.util.Preconditions.checkFromToIndex(Preconditions.java:349) ~[na:na]
	at java.base/java.lang.String.checkBoundsBeginEnd(String.java:4865) ~[na:na]
	at java.base/java.lang.String.substring(String.java:2834) ~[na:na]
	at com.sentinel.tenant_service.service.impl.TenantServiceImpl.generateSlug(TenantServiceImpl.java:296) ~[classes/:na]
	at com.sentinel.tenant_service.service.impl.TenantServiceImpl.createTenantForUser(TenantServiceImpl.java:91) ~[classes/:na]
	at java.base/jdk.internal.reflect.DirectMethodHandleAccessor.invoke(DirectMethodHandleAccessor.java:103) ~[na:na]
	at java.base/java.lang.reflect.Method.invoke(Method.java:580) ~[na:na]
	at org.springframework.aop.support.AopUtils.invokeJoinpointUsingReflection(AopUtils.java:360) ~[spring-aop-6.2.14.jar:6.2.14]
	at org.springframework.aop.framework.ReflectiveMethodInvocation.invokeJoinpoint(ReflectiveMethodInvocation.java:196) ~[spring-aop-6.2.14.jar:6.2.14]
	at org.springframework.aop.framework.ReflectiveMethodInvocation.proceed(ReflectiveMethodInvocation.java:163) ~[spring-aop-6.2.14.jar:6.2.14]
	at org.springframework.transaction.interceptor.TransactionAspectSupport.invokeWithinTransaction(TransactionAspectSupport.java:380) ~[spring-tx-6.2.14.jar:6.2.14]
	at org.springframework.transaction.interceptor.TransactionInterceptor.invoke(TransactionInterceptor.java:119) ~[spring-tx-6.2.14.jar:6.2.14]
	at org.springframework.aop.framework.ReflectiveMethodInvocation.proceed(ReflectiveMethodInvocation.java:184) ~[spring-aop-6.2.14.jar:6.2.14]
	at org.springframework.aop.framework.CglibAopProxy$DynamicAdvisedInterceptor.intercept(CglibAopProxy.java:728) ~[spring-aop-6.2.14.jar:6.2.14]
	at com.sentinel.tenant_service.service.impl.TenantServiceImpl$$SpringCGLIB$$0.createTenantForUser(<generated>) ~[classes/:na]
	at com.sentinel.tenant_service.events.listeners.UserRegisteredListener.handleUserRegistered(UserRegisteredListener.java:52) ~[classes/:na]
	at java.base/jdk.internal.reflect.DirectMethodHandleAccessor.invoke(DirectMethodHandleAccessor.java:103) ~[na:na]
	at java.base/java.lang.reflect.Method.invoke(Method.java:580) ~[na:na]
	at org.springframework.messaging.handler.invocation.InvocableHandlerMethod.doInvoke(InvocableHandlerMethod.java:169) ~[spring-messaging-6.2.14.jar:6.2.14]
	at org.springframework.amqp.rabbit.listener.adapter.KotlinAwareInvocableHandlerMethod.doInvoke(KotlinAwareInvocableHandlerMethod.java:45) ~[spring-rabbit-3.2.8.jar:3.2.8]
	at org.springframework.messaging.handler.invocation.InvocableHandlerMethod.invoke(InvocableHandlerMethod.java:119) ~[spring-messaging-6.2.14.jar:6.2.14]
	at org.springframework.amqp.rabbit.listener.adapter.HandlerAdapter.invoke(HandlerAdapter.java:80) ~[spring-rabbit-3.2.8.jar:3.2.8]
	at org.springframework.amqp.rabbit.listener.adapter.MessagingMessageListenerAdapter.invokeHandler(MessagingMessageListenerAdapter.java:274) ~[spring-rabbit-3.2.8.jar:3.2.8]
	... 13 common frames omitted

2025-12-02T19:39:22.643-05:00 DEBUG 124510 --- [tenant-service] [org.springframework.amqp.rabbit.RabbitListenerEndpointContainer#0-1] o.s.a.r.listener.BlockingQueueConsumer   : Rejecting messages (requeue=true)
2025-12-02T19:39:22.643-05:00 DEBUG 124510 --- [tenant-service] [pool-2-thread-4] o.s.a.r.listener.BlockingQueueConsumer   : Storing delivery for consumerTag: 'amq.ctag-cAqrhI9n0NxPX1HhqC9Csg' with deliveryTag: '1670' in Consumer@2baf9cd4: tags=[[amq.ctag-cAqrhI9n0NxPX1HhqC9Csg]], channel=Cached Rabbit Channel: AMQChannel(amqp://guest@127.0.0.1:5672/,1), conn: Proxy@ae449e7 Shared Rabbit Connection: SimpleConnection@15beb40b [delegate=amqp://guest@127.0.0.1:5672/, localPort=40784], acknowledgeMode=AUTO local queue size=0
2025-12-02T19:39:22.643-05:00 DEBUG 124510 --- [tenant-service] [org.springframework.amqp.rabbit.RabbitListenerEndpointContainer#0-1] o.s.a.r.listener.BlockingQueueConsumer   : Received message: (Body:'[B@2ae09ae(byte[176])' MessageProperties [headers={__ContentTypeId__=java.lang.Object, __KeyTypeId__=java.lang.Object, __TypeId__=java.util.HashMap}, contentType=application/json, contentEncoding=UTF-8, contentLength=0, receivedDeliveryMode=PERSISTENT, priority=0, redelivered=true, receivedExchange=auth-exchange, receivedRoutingKey=auth.user.registered, deliveryTag=1670, consumerTag=amq.ctag-cAqrhI9n0NxPX1HhqC9Csg, consumerQueue=auth.user.registered.queue])
2025-12-02T19:39:22.643-05:00 DEBUG 124510 --- [tenant-service] [org.springframework.amqp.rabbit.RabbitListenerEndpointContainer#0-1] .a.r.l.a.MessagingMessageListenerAdapter : Processing [GenericMessage [payload={globalRole=USER, eventType=auth.user.registered, userId=83278a9a-ba74-469a-994e-effb51d8837e, email=prueba@correo.com, timestamp=2025-12-02T19:33:08.964523491}, headers={amqp_receivedDeliveryMode=PERSISTENT, amqp_receivedExchange=auth-exchange, amqp_deliveryTag=1670, amqp_consumerQueue=auth.user.registered.queue, amqp_redelivered=true, __ContentTypeId__=java.lang.Object, amqp_receivedRoutingKey=auth.user.registered, amqp_contentEncoding=UTF-8, __KeyTypeId__=java.lang.Object, amqp_retryCount=0, id=f09b4c28-4d05-7971-a3d6-77558c0324f5, amqp_consumerTag=amq.ctag-cAqrhI9n0NxPX1HhqC9Csg, amqp_lastInBatch=false, contentType=application/json, __TypeId__=java.util.HashMap, timestamp=1764722362643}]]
2025-12-02T19:39:22.643-05:00  INFO 124510 --- [tenant-service] [org.springframework.amqp.rabbit.RabbitListenerEndpointContainer#0-1] c.s.t.e.l.UserRegisteredListener         : Received auth.user.registered event: {globalRole=USER, eventType=auth.user.registered, userId=83278a9a-ba74-469a-994e-effb51d8837e, email=prueba@correo.com, timestamp=2025-12-02T19:33:08.964523491}
2025-12-02T19:39:22.643-05:00  INFO 124510 --- [tenant-service] [org.springframework.amqp.rabbit.RabbitListenerEndpointContainer#0-1] c.s.t.e.l.UserRegisteredListener         : Creating tenant for new user: prueba@correo.com (83278a9a-ba74-469a-994e-effb51d8837e)
2025-12-02T19:39:22.643-05:00  INFO 124510 --- [tenant-service] [org.springframework.amqp.rabbit.RabbitListenerEndpointContainer#0-1] c.s.t.service.impl.TenantServiceImpl     : Auto-creating tenant for new user: 83278a9a-ba74-469a-994e-effb51d8837e
2025-12-02T19:39:22.660-05:00 DEBUG 124510 --- [tenant-service] [SpringApplicationShutdownHook] o.s.a.r.l.SimpleMessageListenerContainer : Shutting down Rabbit listener container
2025-12-02T19:39:22.644-05:00 ERROR 124510 --- [tenant-service] [org.springframework.amqp.rabbit.RabbitListenerEndpointContainer#0-1] c.s.t.e.l.UserRegisteredListener         : Error processing auth.user.registered event: Range [0, 18) out of bounds for length 17

java.lang.StringIndexOutOfBoundsException: Range [0, 18) out of bounds for length 17
	at java.base/jdk.internal.util.Preconditions$1.apply(Preconditions.java:55) ~[na:na]
	at java.base/jdk.internal.util.Preconditions$1.apply(Preconditions.java:52) ~[na:na]
	at java.base/jdk.internal.util.Preconditions$4.apply(Preconditions.java:213) ~[na:na]
	at java.base/jdk.internal.util.Preconditions$4.apply(Preconditions.java:210) ~[na:na]
	at java.base/jdk.internal.util.Preconditions.outOfBounds(Preconditions.java:98) ~[na:na]
	at java.base/jdk.internal.util.Preconditions.outOfBoundsCheckFromToIndex(Preconditions.java:112) ~[na:na]
	at java.base/jdk.internal.util.Preconditions.checkFromToIndex(Preconditions.java:349) ~[na:na]
	at java.base/java.lang.String.checkBoundsBeginEnd(String.java:4865) ~[na:na]
	at java.base/java.lang.String.substring(String.java:2834) ~[na:na]
	at com.sentinel.tenant_service.service.impl.TenantServiceImpl.generateSlug(TenantServiceImpl.java:296) ~[classes/:na]
	at com.sentinel.tenant_service.service.impl.TenantServiceImpl.createTenantForUser(TenantServiceImpl.java:91) ~[classes/:na]
	at java.base/jdk.internal.reflect.DirectMethodHandleAccessor.invoke(DirectMethodHandleAccessor.java:103) ~[na:na]
	at java.base/java.lang.reflect.Method.invoke(Method.java:580) ~[na:na]
	at org.springframework.aop.support.AopUtils.invokeJoinpointUsingReflection(AopUtils.java:360) ~[spring-aop-6.2.14.jar:6.2.14]
	at org.springframework.aop.framework.ReflectiveMethodInvocation.invokeJoinpoint(ReflectiveMethodInvocation.java:196) ~[spring-aop-6.2.14.jar:6.2.14]
	at org.springframework.aop.framework.ReflectiveMethodInvocation.proceed(ReflectiveMethodInvocation.java:163) ~[spring-aop-6.2.14.jar:6.2.14]
	at org.springframework.transaction.interceptor.TransactionAspectSupport.invokeWithinTransaction(TransactionAspectSupport.java:380) ~[spring-tx-6.2.14.jar:6.2.14]
	at org.springframework.transaction.interceptor.TransactionInterceptor.invoke(TransactionInterceptor.java:119) ~[spring-tx-6.2.14.jar:6.2.14]
	at org.springframework.aop.framework.ReflectiveMethodInvocation.proceed(ReflectiveMethodInvocation.java:184) ~[spring-aop-6.2.14.jar:6.2.14]
	at org.springframework.aop.framework.CglibAopProxy$DynamicAdvisedInterceptor.intercept(CglibAopProxy.java:728) ~[spring-aop-6.2.14.jar:6.2.14]
	at com.sentinel.tenant_service.service.impl.TenantServiceImpl$$SpringCGLIB$$0.createTenantForUser(<generated>) ~[classes/:na]
	at com.sentinel.tenant_service.events.listeners.UserRegisteredListener.handleUserRegistered(UserRegisteredListener.java:52) ~[classes/:na]
	at java.base/jdk.internal.reflect.DirectMethodHandleAccessor.invoke(DirectMethodHandleAccessor.java:103) ~[na:na]
	at java.base/java.lang.reflect.Method.invoke(Method.java:580) ~[na:na]
	at org.springframework.messaging.handler.invocation.InvocableHandlerMethod.doInvoke(InvocableHandlerMethod.java:169) ~[spring-messaging-6.2.14.jar:6.2.14]
	at org.springframework.amqp.rabbit.listener.adapter.KotlinAwareInvocableHandlerMethod.doInvoke(KotlinAwareInvocableHandlerMethod.java:45) ~[spring-rabbit-3.2.8.jar:3.2.8]
	at org.springframework.messaging.handler.invocation.InvocableHandlerMethod.invoke(InvocableHandlerMethod.java:119) ~[spring-messaging-6.2.14.jar:6.2.14]
	at org.springframework.amqp.rabbit.listener.adapter.HandlerAdapter.invoke(HandlerAdapter.java:80) ~[spring-rabbit-3.2.8.jar:3.2.8]
	at org.springframework.amqp.rabbit.listener.adapter.MessagingMessageListenerAdapter.invokeHandler(MessagingMessageListenerAdapter.java:274) ~[spring-rabbit-3.2.8.jar:3.2.8]
	at org.springframework.amqp.rabbit.listener.adapter.MessagingMessageListenerAdapter.invokeHandlerAndProcessResult(MessagingMessageListenerAdapter.java:221) ~[spring-rabbit-3.2.8.jar:3.2.8]
	at org.springframework.amqp.rabbit.listener.adapter.MessagingMessageListenerAdapter.onMessage(MessagingMessageListenerAdapter.java:148) ~[spring-rabbit-3.2.8.jar:3.2.8]
	at org.springframework.amqp.rabbit.listener.AbstractMessageListenerContainer.doInvokeListener(AbstractMessageListenerContainer.java:1694) ~[spring-rabbit-3.2.8.jar:3.2.8]
	at org.springframework.amqp.rabbit.listener.AbstractMessageListenerContainer.actualInvokeListener(AbstractMessageListenerContainer.java:1616) ~[spring-rabbit-3.2.8.jar:3.2.8]
	at org.springframework.amqp.rabbit.listener.AbstractMessageListenerContainer.invokeListener(AbstractMessageListenerContainer.java:1604) ~[spring-rabbit-3.2.8.jar:3.2.8]
	at org.springframework.amqp.rabbit.listener.AbstractMessageListenerContainer.doExecuteListener(AbstractMessageListenerContainer.java:1595) ~[spring-rabbit-3.2.8.jar:3.2.8]
	at org.springframework.amqp.rabbit.listener.AbstractMessageListenerContainer.executeListenerAndHandleException(AbstractMessageListenerContainer.java:1540) ~[spring-rabbit-3.2.8.jar:3.2.8]
	at org.springframework.amqp.rabbit.listener.AbstractMessageListenerContainer.executeListener(AbstractMessageListenerContainer.java:1521) ~[spring-rabbit-3.2.8.jar:3.2.8]
	at org.springframework.amqp.rabbit.listener.SimpleMessageListenerContainer.doReceiveAndExecute(SimpleMessageListenerContainer.java:1091) ~[spring-rabbit-3.2.8.jar:3.2.8]
	at org.springframework.amqp.rabbit.listener.SimpleMessageListenerContainer.receiveAndExecute(SimpleMessageListenerContainer.java:1027) ~[spring-rabbit-3.2.8.jar:3.2.8]
	at org.springframework.amqp.rabbit.listener.SimpleMessageListenerContainer$AsyncMessageProcessingConsumer.mainLoop(SimpleMessageListenerContainer.java:1431) ~[spring-rabbit-3.2.8.jar:3.2.8]
	at org.springframework.amqp.rabbit.listener.SimpleMessageListenerContainer$AsyncMessageProcessingConsumer.run(SimpleMessageListenerContainer.java:1331) ~[spring-rabbit-3.2.8.jar:3.2.8]
	at java.base/java.lang.Thread.run(Thread.java:1583) ~[na:na]

2025-12-02T19:39:22.688-05:00 DEBUG 124510 --- [tenant-service] [org.springframework.amqp.rabbit.RabbitListenerEndpointContainer#0-1] o.s.a.r.l.SimpleMessageListenerContainer : Listener exception after container shutdown

org.springframework.amqp.rabbit.support.ListenerExecutionFailedException: Listener method 'public void com.sentinel.tenant_service.events.listeners.UserRegisteredListener.handleUserRegistered(java.util.Map<java.lang.String, java.lang.Object>)' threw exception
	at org.springframework.amqp.rabbit.listener.adapter.MessagingMessageListenerAdapter.invokeHandler(MessagingMessageListenerAdapter.java:283) ~[spring-rabbit-3.2.8.jar:3.2.8]
	at org.springframework.amqp.rabbit.listener.adapter.MessagingMessageListenerAdapter.invokeHandlerAndProcessResult(MessagingMessageListenerAdapter.java:221) ~[spring-rabbit-3.2.8.jar:3.2.8]
	at org.springframework.amqp.rabbit.listener.adapter.MessagingMessageListenerAdapter.onMessage(MessagingMessageListenerAdapter.java:148) ~[spring-rabbit-3.2.8.jar:3.2.8]
	at org.springframework.amqp.rabbit.listener.AbstractMessageListenerContainer.doInvokeListener(AbstractMessageListenerContainer.java:1694) ~[spring-rabbit-3.2.8.jar:3.2.8]
	at org.springframework.amqp.rabbit.listener.AbstractMessageListenerContainer.actualInvokeListener(AbstractMessageListenerContainer.java:1616) ~[spring-rabbit-3.2.8.jar:3.2.8]
	at org.springframework.amqp.rabbit.listener.AbstractMessageListenerContainer.invokeListener(AbstractMessageListenerContainer.java:1604) ~[spring-rabbit-3.2.8.jar:3.2.8]
	at org.springframework.amqp.rabbit.listener.AbstractMessageListenerContainer.doExecuteListener(AbstractMessageListenerContainer.java:1595) ~[spring-rabbit-3.2.8.jar:3.2.8]
	at org.springframework.amqp.rabbit.listener.AbstractMessageListenerContainer.executeListenerAndHandleException(AbstractMessageListenerContainer.java:1540) ~[spring-rabbit-3.2.8.jar:3.2.8]
	at org.springframework.amqp.rabbit.listener.AbstractMessageListenerContainer.executeListener(AbstractMessageListenerContainer.java:1521) ~[spring-rabbit-3.2.8.jar:3.2.8]
	at org.springframework.amqp.rabbit.listener.SimpleMessageListenerContainer.doReceiveAndExecute(SimpleMessageListenerContainer.java:1091) ~[spring-rabbit-3.2.8.jar:3.2.8]
	at org.springframework.amqp.rabbit.listener.SimpleMessageListenerContainer.receiveAndExecute(SimpleMessageListenerContainer.java:1027) ~[spring-rabbit-3.2.8.jar:3.2.8]
	at org.springframework.amqp.rabbit.listener.SimpleMessageListenerContainer$AsyncMessageProcessingConsumer.mainLoop(SimpleMessageListenerContainer.java:1431) ~[spring-rabbit-3.2.8.jar:3.2.8]
	at org.springframework.amqp.rabbit.listener.SimpleMessageListenerContainer$AsyncMessageProcessingConsumer.run(SimpleMessageListenerContainer.java:1331) ~[spring-rabbit-3.2.8.jar:3.2.8]
	at java.base/java.lang.Thread.run(Thread.java:1583) ~[na:na]
Caused by: java.lang.StringIndexOutOfBoundsException: Range [0, 18) out of bounds for length 17
	at java.base/jdk.internal.util.Preconditions$1.apply(Preconditions.java:55) ~[na:na]
	at java.base/jdk.internal.util.Preconditions$1.apply(Preconditions.java:52) ~[na:na]
	at java.base/jdk.internal.util.Preconditions$4.apply(Preconditions.java:213) ~[na:na]
	at java.base/jdk.internal.util.Preconditions$4.apply(Preconditions.java:210) ~[na:na]
	at java.base/jdk.internal.util.Preconditions.outOfBounds(Preconditions.java:98) ~[na:na]
	at java.base/jdk.internal.util.Preconditions.outOfBoundsCheckFromToIndex(Preconditions.java:112) ~[na:na]
	at java.base/jdk.internal.util.Preconditions.checkFromToIndex(Preconditions.java:349) ~[na:na]
	at java.base/java.lang.String.checkBoundsBeginEnd(String.java:4865) ~[na:na]
	at java.base/java.lang.String.substring(String.java:2834) ~[na:na]
	at com.sentinel.tenant_service.service.impl.TenantServiceImpl.generateSlug(TenantServiceImpl.java:296) ~[classes/:na]
	at com.sentinel.tenant_service.service.impl.TenantServiceImpl.createTenantForUser(TenantServiceImpl.java:91) ~[classes/:na]
	at java.base/jdk.internal.reflect.DirectMethodHandleAccessor.invoke(DirectMethodHandleAccessor.java:103) ~[na:na]
	at java.base/java.lang.reflect.Method.invoke(Method.java:580) ~[na:na]
	at org.springframework.aop.support.AopUtils.invokeJoinpointUsingReflection(AopUtils.java:360) ~[spring-aop-6.2.14.jar:6.2.14]
	at org.springframework.aop.framework.ReflectiveMethodInvocation.invokeJoinpoint(ReflectiveMethodInvocation.java:196) ~[spring-aop-6.2.14.jar:6.2.14]
	at org.springframework.aop.framework.ReflectiveMethodInvocation.proceed(ReflectiveMethodInvocation.java:163) ~[spring-aop-6.2.14.jar:6.2.14]
	at org.springframework.transaction.interceptor.TransactionAspectSupport.invokeWithinTransaction(TransactionAspectSupport.java:380) ~[spring-tx-6.2.14.jar:6.2.14]
	at org.springframework.transaction.interceptor.TransactionInterceptor.invoke(TransactionInterceptor.java:119) ~[spring-tx-6.2.14.jar:6.2.14]
	at org.springframework.aop.framework.ReflectiveMethodInvocation.proceed(ReflectiveMethodInvocation.java:184) ~[spring-aop-6.2.14.jar:6.2.14]
	at org.springframework.aop.framework.CglibAopProxy$DynamicAdvisedInterceptor.intercept(CglibAopProxy.java:728) ~[spring-aop-6.2.14.jar:6.2.14]
	at com.sentinel.tenant_service.service.impl.TenantServiceImpl$$SpringCGLIB$$0.createTenantForUser(<generated>) ~[classes/:na]
	at com.sentinel.tenant_service.events.listeners.UserRegisteredListener.handleUserRegistered(UserRegisteredListener.java:52) ~[classes/:na]
	at java.base/jdk.internal.reflect.DirectMethodHandleAccessor.invoke(DirectMethodHandleAccessor.java:103) ~[na:na]
	at java.base/java.lang.reflect.Method.invoke(Method.java:580) ~[na:na]
	at org.springframework.messaging.handler.invocation.InvocableHandlerMethod.doInvoke(InvocableHandlerMethod.java:169) ~[spring-messaging-6.2.14.jar:6.2.14]
	at org.springframework.amqp.rabbit.listener.adapter.KotlinAwareInvocableHandlerMethod.doInvoke(KotlinAwareInvocableHandlerMethod.java:45) ~[spring-rabbit-3.2.8.jar:3.2.8]
	at org.springframework.messaging.handler.invocation.InvocableHandlerMethod.invoke(InvocableHandlerMethod.java:119) ~[spring-messaging-6.2.14.jar:6.2.14]
	at org.springframework.amqp.rabbit.listener.adapter.HandlerAdapter.invoke(HandlerAdapter.java:80) ~[spring-rabbit-3.2.8.jar:3.2.8]
	at org.springframework.amqp.rabbit.listener.adapter.MessagingMessageListenerAdapter.invokeHandler(MessagingMessageListenerAdapter.java:274) ~[spring-rabbit-3.2.8.jar:3.2.8]
	... 13 common frames omitted

2025-12-02T19:39:22.689-05:00 DEBUG 124510 --- [tenant-service] [org.springframework.amqp.rabbit.RabbitListenerEndpointContainer#0-1] o.s.a.r.listener.BlockingQueueConsumer   : Rejecting messages (requeue=true)
2025-12-02T19:39:22.690-05:00 DEBUG 124510 --- [tenant-service] [org.springframework.amqp.rabbit.RabbitListenerEndpointContainer#0-1] o.s.a.r.l.SimpleMessageListenerContainer : Cancelling Consumer@2baf9cd4: tags=[[amq.ctag-cAqrhI9n0NxPX1HhqC9Csg]], channel=Cached Rabbit Channel: AMQChannel(amqp://guest@127.0.0.1:5672/,1), conn: Proxy@ae449e7 Shared Rabbit Connection: SimpleConnection@15beb40b [delegate=amqp://guest@127.0.0.1:5672/, localPort=40784], acknowledgeMode=AUTO local queue size=0
2025-12-02T19:39:22.690-05:00 DEBUG 124510 --- [tenant-service] [pool-2-thread-5] o.s.a.r.listener.BlockingQueueConsumer   : Received cancelOk for tag amq.ctag-cAqrhI9n0NxPX1HhqC9Csg (auth.user.registered.queue); Consumer@2baf9cd4: tags=[[amq.ctag-cAqrhI9n0NxPX1HhqC9Csg]], channel=Cached Rabbit Channel: AMQChannel(amqp://guest@127.0.0.1:5672/,1), conn: Proxy@ae449e7 Shared Rabbit Connection: SimpleConnection@15beb40b [delegate=amqp://guest@127.0.0.1:5672/, localPort=40784], acknowledgeMode=AUTO local queue size=0
2025-12-02T19:39:22.690-05:00 DEBUG 124510 --- [tenant-service] [org.springframework.amqp.rabbit.RabbitListenerEndpointContainer#0-1] o.s.a.r.listener.BlockingQueueConsumer   : Closing Rabbit Channel: Cached Rabbit Channel: AMQChannel(amqp://guest@127.0.0.1:5672/,1), conn: Proxy@ae449e7 Shared Rabbit Connection: SimpleConnection@15beb40b [delegate=amqp://guest@127.0.0.1:5672/, localPort=40784]
2025-12-02T19:39:22.690-05:00 DEBUG 124510 --- [tenant-service] [org.springframework.amqp.rabbit.RabbitListenerEndpointContainer#0-1] o.s.a.r.c.CachingConnectionFactory       : Closing cached Channel: AMQChannel(amqp://guest@127.0.0.1:5672/,1)
2025-12-02T19:39:22.690-05:00  INFO 124510 --- [tenant-service] [org.springframework.amqp.rabbit.RabbitListenerEndpointContainer#0-2] o.s.a.r.l.SimpleMessageListenerContainer : Waiting for workers to finish.
2025-12-02T19:39:22.690-05:00  INFO 124510 --- [tenant-service] [org.springframework.amqp.rabbit.RabbitListenerEndpointContainer#0-2] o.s.a.r.l.SimpleMessageListenerContainer : Successfully waited for workers to finish.
2025-12-02T19:39:22.691-05:00  INFO 124510 --- [tenant-service] [SpringApplicationShutdownHook] o.s.b.w.e.tomcat.GracefulShutdown        : Commencing graceful shutdown. Waiting for active requests to complete
2025-12-02T19:39:22.693-05:00  INFO 124510 --- [tenant-service] [tomcat-shutdown] o.s.b.w.e.tomcat.GracefulShutdown        : Graceful shutdown complete
2025-12-02T19:39:22.699-05:00 DEBUG 124510 --- [tenant-service] [SpringApplicationShutdownHook] o.s.a.r.l.SimpleMessageListenerContainer : Shutdown ignored - container is not active already
2025-12-02T19:39:22.701-05:00  INFO 124510 --- [tenant-service] [SpringApplicationShutdownHook] j.LocalContainerEntityManagerFactoryBean : Closing JPA EntityManagerFactory for persistence unit 'default'
2025-12-02T19:39:22.705-05:00  INFO 124510 --- [tenant-service] [SpringApplicationShutdownHook] com.zaxxer.hikari.HikariDataSource       : HikariPool-1 - Shutdown initiated...
2025-12-02T19:39:22.714-05:00  INFO 124510 --- [tenant-service] [SpringApplicationShutdownHook] com.zaxxer.hikari.HikariDataSource       : HikariPool-1 - Shutdown completed.
2025-12-02T19:42:20.606-05:00  INFO 125668 --- [tenant-service] [main] c.s.t.TenantServiceApplication           : Starting TenantServiceApplication using Java 21.0.9 with PID 125668 (/home/samup/Documentos/sentinel/tenant-service/target/classes started by samup in /home/samup/Documentos/sentinel/tenant-service)
2025-12-02T19:42:20.607-05:00 DEBUG 125668 --- [tenant-service] [main] c.s.t.TenantServiceApplication           : Running with Spring Boot v3.5.8, Spring v6.2.14
2025-12-02T19:42:20.608-05:00  INFO 125668 --- [tenant-service] [main] c.s.t.TenantServiceApplication           : No active profile set, falling back to 1 default profile: "default"
2025-12-02T19:42:21.068-05:00  INFO 125668 --- [tenant-service] [main] .s.d.r.c.RepositoryConfigurationDelegate : Bootstrapping Spring Data JPA repositories in DEFAULT mode.
2025-12-02T19:42:21.110-05:00  INFO 125668 --- [tenant-service] [main] .s.d.r.c.RepositoryConfigurationDelegate : Finished Spring Data repository scanning in 37 ms. Found 1 JPA repository interface.
2025-12-02T19:42:21.463-05:00  INFO 125668 --- [tenant-service] [main] o.s.b.w.embedded.tomcat.TomcatWebServer  : Tomcat initialized with port 8082 (http)
2025-12-02T19:42:21.473-05:00  INFO 125668 --- [tenant-service] [main] o.apache.catalina.core.StandardService   : Starting service [Tomcat]
2025-12-02T19:42:21.474-05:00  INFO 125668 --- [tenant-service] [main] o.apache.catalina.core.StandardEngine    : Starting Servlet engine: [Apache Tomcat/10.1.49]
2025-12-02T19:42:21.505-05:00  INFO 125668 --- [tenant-service] [main] o.a.c.c.C.[Tomcat].[localhost].[/]       : Initializing Spring embedded WebApplicationContext
2025-12-02T19:42:21.506-05:00  INFO 125668 --- [tenant-service] [main] w.s.c.ServletWebServerApplicationContext : Root WebApplicationContext: initialization completed in 865 ms
2025-12-02T19:42:21.575-05:00  INFO 125668 --- [tenant-service] [main] com.zaxxer.hikari.HikariDataSource       : HikariPool-1 - Starting...
2025-12-02T19:42:21.789-05:00  INFO 125668 --- [tenant-service] [main] com.zaxxer.hikari.pool.HikariPool        : HikariPool-1 - Added connection org.postgresql.jdbc.PgConnection@191a0351
2025-12-02T19:42:21.790-05:00  INFO 125668 --- [tenant-service] [main] com.zaxxer.hikari.HikariDataSource       : HikariPool-1 - Start completed.
2025-12-02T19:42:21.849-05:00  INFO 125668 --- [tenant-service] [main] o.hibernate.jpa.internal.util.LogHelper  : HHH000204: Processing PersistenceUnitInfo [name: default]
2025-12-02T19:42:21.877-05:00  INFO 125668 --- [tenant-service] [main] org.hibernate.Version                    : HHH000412: Hibernate ORM core version 6.6.36.Final
2025-12-02T19:42:21.895-05:00  INFO 125668 --- [tenant-service] [main] o.h.c.internal.RegionFactoryInitiator    : HHH000026: Second-level cache disabled
2025-12-02T19:42:22.043-05:00  INFO 125668 --- [tenant-service] [main] o.s.o.j.p.SpringPersistenceUnitInfo      : No LoadTimeWeaver setup: ignoring JPA class transformer
2025-12-02T19:42:22.076-05:00  WARN 125668 --- [tenant-service] [main] org.hibernate.orm.deprecation            : HHH90000025: PostgreSQLDialect does not need to be specified explicitly using 'hibernate.dialect' (remove the property setting and it will be selected by default)
2025-12-02T19:42:22.085-05:00  INFO 125668 --- [tenant-service] [main] org.hibernate.orm.connections.pooling    : HHH10001005: Database info:
	Database JDBC URL [Connecting through datasource 'HikariDataSource (HikariPool-1)']
	Database driver: undefined/unknown
	Database version: 16.10
	Autocommit mode: undefined/unknown
	Isolation level: undefined/unknown
	Minimum pool size: undefined/unknown
	Maximum pool size: undefined/unknown
2025-12-02T19:42:22.547-05:00  INFO 125668 --- [tenant-service] [main] o.h.e.t.j.p.i.JtaPlatformInitiator       : HHH000489: No JTA platform available (set 'hibernate.transaction.jta.platform' to enable JTA platform integration)
2025-12-02T19:42:22.586-05:00  INFO 125668 --- [tenant-service] [main] j.LocalContainerEntityManagerFactoryBean : Initialized JPA EntityManagerFactory for persistence unit 'default'
2025-12-02T19:42:22.756-05:00  INFO 125668 --- [tenant-service] [main] o.s.d.j.r.query.QueryEnhancerFactory     : Hibernate is in classpath; If applicable, HQL parser will be used.
2025-12-02T19:42:23.160-05:00  WARN 125668 --- [tenant-service] [main] JpaBaseConfiguration$JpaWebConfiguration : spring.jpa.open-in-view is enabled by default. Therefore, database queries may be performed during view rendering. Explicitly configure spring.jpa.open-in-view to disable this warning
2025-12-02T19:42:23.183-05:00  WARN 125668 --- [tenant-service] [main] .s.s.UserDetailsServiceAutoConfiguration : 

Using generated security password: 2ef7ab12-b3ef-4159-a408-4aba5d7560f9

This generated password is for development use only. Your security configuration must be updated before running your application in production.

2025-12-02T19:42:23.187-05:00  INFO 125668 --- [tenant-service] [main] r$InitializeUserDetailsManagerConfigurer : Global AuthenticationManager configured with UserDetailsService bean with name inMemoryUserDetailsManager
2025-12-02T19:42:23.473-05:00 DEBUG 125668 --- [tenant-service] [main] .a.r.l.a.MessagingMessageListenerAdapter : Inferred argument type for public void com.sentinel.tenant_service.events.listeners.UserRegisteredListener.handleUserRegistered(java.util.Map) is java.util.Map<java.lang.String, java.lang.Object>
2025-12-02T19:42:23.479-05:00 DEBUG 125668 --- [tenant-service] [main] o.s.a.r.l.SimpleMessageListenerContainer : No global properties bean
2025-12-02T19:42:23.492-05:00  INFO 125668 --- [tenant-service] [main] o.s.b.w.embedded.tomcat.TomcatWebServer  : Tomcat started on port 8082 (http) with context path '/'
2025-12-02T19:42:23.493-05:00 DEBUG 125668 --- [tenant-service] [main] o.s.a.r.l.SimpleMessageListenerContainer : Starting Rabbit listener container.
2025-12-02T19:42:23.495-05:00  INFO 125668 --- [tenant-service] [main] o.s.a.r.c.CachingConnectionFactory       : Attempting to connect to: [localhost:5672]
2025-12-02T19:42:23.519-05:00  INFO 125668 --- [tenant-service] [main] o.s.a.r.c.CachingConnectionFactory       : Created new connection: rabbitConnectionFactory#2978d342:0/SimpleConnection@513f8279 [delegate=amqp://guest@127.0.0.1:5672/, localPort=47188]
2025-12-02T19:42:23.521-05:00 DEBUG 125668 --- [tenant-service] [main] o.s.amqp.rabbit.core.RabbitAdmin         : Initializing declarations
2025-12-02T19:42:23.528-05:00 DEBUG 125668 --- [tenant-service] [main] o.s.a.r.c.CachingConnectionFactory       : Creating cached Rabbit Channel from AMQChannel(amqp://guest@127.0.0.1:5672/,1)
2025-12-02T19:42:23.536-05:00 DEBUG 125668 --- [tenant-service] [main] o.s.amqp.rabbit.core.RabbitTemplate      : Executing callback RabbitAdmin$$Lambda/0x0000721258b539e0 on RabbitMQ Channel: Cached Rabbit Channel: AMQChannel(amqp://guest@127.0.0.1:5672/,1), conn: Proxy@15beb40b Shared Rabbit Connection: SimpleConnection@513f8279 [delegate=amqp://guest@127.0.0.1:5672/, localPort=47188]
2025-12-02T19:42:23.536-05:00 DEBUG 125668 --- [tenant-service] [main] o.s.amqp.rabbit.core.RabbitAdmin         : declaring Exchange 'tenant-exchange'
2025-12-02T19:42:23.539-05:00 DEBUG 125668 --- [tenant-service] [main] o.s.amqp.rabbit.core.RabbitAdmin         : declaring Exchange 'auth-exchange'
2025-12-02T19:42:23.539-05:00 DEBUG 125668 --- [tenant-service] [main] o.s.amqp.rabbit.core.RabbitAdmin         : declaring Queue 'tenant.created.queue'
2025-12-02T19:42:23.542-05:00 DEBUG 125668 --- [tenant-service] [main] o.s.amqp.rabbit.core.RabbitAdmin         : declaring Queue 'tenant.upgraded.queue'
2025-12-02T19:42:23.543-05:00 DEBUG 125668 --- [tenant-service] [main] o.s.amqp.rabbit.core.RabbitAdmin         : declaring Queue 'auth.user.registered.queue'
2025-12-02T19:42:23.545-05:00 DEBUG 125668 --- [tenant-service] [main] o.s.amqp.rabbit.core.RabbitAdmin         : Binding destination [tenant.created.queue (QUEUE)] to exchange [tenant-exchange] with routing key [tenant.created]
2025-12-02T19:42:23.547-05:00 DEBUG 125668 --- [tenant-service] [main] o.s.amqp.rabbit.core.RabbitAdmin         : Binding destination [tenant.upgraded.queue (QUEUE)] to exchange [tenant-exchange] with routing key [tenant.plan.upgraded]
2025-12-02T19:42:23.548-05:00 DEBUG 125668 --- [tenant-service] [main] o.s.amqp.rabbit.core.RabbitAdmin         : Binding destination [auth.user.registered.queue (QUEUE)] to exchange [auth-exchange] with routing key [auth.user.registered]
2025-12-02T19:42:23.550-05:00 DEBUG 125668 --- [tenant-service] [main] o.s.amqp.rabbit.core.RabbitAdmin         : Declarations finished
2025-12-02T19:42:23.554-05:00 DEBUG 125668 --- [tenant-service] [org.springframework.amqp.rabbit.RabbitListenerEndpointContainer#0-1] o.s.amqp.rabbit.core.RabbitTemplate      : Executing callback RabbitAdmin$$Lambda/0x0000721258b5fd78 on RabbitMQ Channel: Cached Rabbit Channel: AMQChannel(amqp://guest@127.0.0.1:5672/,1), conn: Proxy@15beb40b Shared Rabbit Connection: SimpleConnection@513f8279 [delegate=amqp://guest@127.0.0.1:5672/, localPort=47188]
2025-12-02T19:42:23.556-05:00 DEBUG 125668 --- [tenant-service] [org.springframework.amqp.rabbit.RabbitListenerEndpointContainer#0-1] o.s.a.r.listener.BlockingQueueConsumer   : Starting consumer Consumer@3ba468ec: tags=[[]], channel=null, acknowledgeMode=AUTO local queue size=0
2025-12-02T19:42:23.562-05:00 DEBUG 125668 --- [tenant-service] [org.springframework.amqp.rabbit.RabbitListenerEndpointContainer#0-1] o.s.a.r.listener.BlockingQueueConsumer   : Started on queue 'auth.user.registered.queue' with tag amq.ctag-Rl5yZzwG3x1pVQj_zNtdBw: Consumer@3ba468ec: tags=[[]], channel=Cached Rabbit Channel: AMQChannel(amqp://guest@127.0.0.1:5672/,1), conn: Proxy@15beb40b Shared Rabbit Connection: SimpleConnection@513f8279 [delegate=amqp://guest@127.0.0.1:5672/, localPort=47188], acknowledgeMode=AUTO local queue size=0
2025-12-02T19:42:23.562-05:00 DEBUG 125668 --- [tenant-service] [pool-2-thread-3] o.s.a.r.listener.BlockingQueueConsumer   : ConsumeOK: Consumer@3ba468ec: tags=[[amq.ctag-Rl5yZzwG3x1pVQj_zNtdBw]], channel=Cached Rabbit Channel: AMQChannel(amqp://guest@127.0.0.1:5672/,1), conn: Proxy@15beb40b Shared Rabbit Connection: SimpleConnection@513f8279 [delegate=amqp://guest@127.0.0.1:5672/, localPort=47188], acknowledgeMode=AUTO local queue size=0
2025-12-02T19:42:23.563-05:00 DEBUG 125668 --- [tenant-service] [pool-2-thread-4] o.s.a.r.listener.BlockingQueueConsumer   : Storing delivery for consumerTag: 'amq.ctag-Rl5yZzwG3x1pVQj_zNtdBw' with deliveryTag: '1' in Consumer@3ba468ec: tags=[[amq.ctag-Rl5yZzwG3x1pVQj_zNtdBw]], channel=Cached Rabbit Channel: AMQChannel(amqp://guest@127.0.0.1:5672/,1), conn: Proxy@15beb40b Shared Rabbit Connection: SimpleConnection@513f8279 [delegate=amqp://guest@127.0.0.1:5672/, localPort=47188], acknowledgeMode=AUTO local queue size=0
2025-12-02T19:42:23.572-05:00  INFO 125668 --- [tenant-service] [main] c.s.t.TenantServiceApplication           : Started TenantServiceApplication in 3.262 seconds (process running for 3.469)
2025-12-02T19:42:23.574-05:00 DEBUG 125668 --- [tenant-service] [org.springframework.amqp.rabbit.RabbitListenerEndpointContainer#0-1] o.s.a.r.listener.BlockingQueueConsumer   : Received message: (Body:'[B@2d198ee8(byte[176])' MessageProperties [headers={__ContentTypeId__=java.lang.Object, __KeyTypeId__=java.lang.Object, __TypeId__=java.util.HashMap}, contentType=application/json, contentEncoding=UTF-8, contentLength=0, receivedDeliveryMode=PERSISTENT, priority=0, redelivered=true, receivedExchange=auth-exchange, receivedRoutingKey=auth.user.registered, deliveryTag=1, consumerTag=amq.ctag-Rl5yZzwG3x1pVQj_zNtdBw, consumerQueue=auth.user.registered.queue])
2025-12-02T19:42:23.594-05:00 DEBUG 125668 --- [tenant-service] [org.springframework.amqp.rabbit.RabbitListenerEndpointContainer#0-1] .a.r.l.a.MessagingMessageListenerAdapter : Processing [GenericMessage [payload={globalRole=USER, eventType=auth.user.registered, userId=83278a9a-ba74-469a-994e-effb51d8837e, email=prueba@correo.com, timestamp=2025-12-02T19:33:08.964523491}, headers={amqp_receivedDeliveryMode=PERSISTENT, amqp_receivedExchange=auth-exchange, amqp_deliveryTag=1, amqp_consumerQueue=auth.user.registered.queue, amqp_redelivered=true, __ContentTypeId__=java.lang.Object, amqp_receivedRoutingKey=auth.user.registered, amqp_contentEncoding=UTF-8, __KeyTypeId__=java.lang.Object, amqp_retryCount=0, id=60e06850-af9d-2f51-389c-8af9868de763, amqp_consumerTag=amq.ctag-Rl5yZzwG3x1pVQj_zNtdBw, amqp_lastInBatch=false, contentType=application/json, __TypeId__=java.util.HashMap, timestamp=1764722543593}]]
2025-12-02T19:42:23.594-05:00  INFO 125668 --- [tenant-service] [org.springframework.amqp.rabbit.RabbitListenerEndpointContainer#0-1] c.s.t.e.l.UserRegisteredListener         : Received auth.user.registered event: {globalRole=USER, eventType=auth.user.registered, userId=83278a9a-ba74-469a-994e-effb51d8837e, email=prueba@correo.com, timestamp=2025-12-02T19:33:08.964523491}
2025-12-02T19:42:23.594-05:00  INFO 125668 --- [tenant-service] [org.springframework.amqp.rabbit.RabbitListenerEndpointContainer#0-1] c.s.t.e.l.UserRegisteredListener         : Creating tenant for new user: prueba@correo.com (83278a9a-ba74-469a-994e-effb51d8837e)
2025-12-02T19:42:23.599-05:00  INFO 125668 --- [tenant-service] [org.springframework.amqp.rabbit.RabbitListenerEndpointContainer#0-1] c.s.t.service.impl.TenantServiceImpl     : Auto-creating tenant for new user: 83278a9a-ba74-469a-994e-effb51d8837e
2025-12-02T19:42:23.663-05:00 DEBUG 125668 --- [tenant-service] [org.springframework.amqp.rabbit.RabbitListenerEndpointContainer#0-1] org.hibernate.SQL                        : 
    select
        te1_0.id 
    from
        tenants te1_0 
    where
        te1_0.slug=? 
    fetch
        first ? rows only
2025-12-02T19:42:23.685-05:00  INFO 125668 --- [tenant-service] [org.springframework.amqp.rabbit.RabbitListenerEndpointContainer#0-1] c.s.t.service.impl.TenantServiceImpl     : Auto-tenant created with ID: ed49da3f-b3a0-463d-badf-af995f3f0885 for user: 83278a9a-ba74-469a-994e-effb51d8837e
2025-12-02T19:42:23.685-05:00  INFO 125668 --- [tenant-service] [org.springframework.amqp.rabbit.RabbitListenerEndpointContainer#0-1] c.s.t.events.TenantEventPublisher        : Publishing tenant.created event for tenant: ed49da3f-b3a0-463d-badf-af995f3f0885
2025-12-02T19:42:23.694-05:00 DEBUG 125668 --- [tenant-service] [org.springframework.amqp.rabbit.RabbitListenerEndpointContainer#0-1] o.s.a.r.c.CachingConnectionFactory       : Creating cached Rabbit Channel from AMQChannel(amqp://guest@127.0.0.1:5672/,2)
2025-12-02T19:42:23.694-05:00 DEBUG 125668 --- [tenant-service] [org.springframework.amqp.rabbit.RabbitListenerEndpointContainer#0-1] o.s.amqp.rabbit.core.RabbitTemplate      : Executing callback RabbitTemplate$$Lambda/0x0000721258bc5538 on RabbitMQ Channel: Cached Rabbit Channel: AMQChannel(amqp://guest@127.0.0.1:5672/,2), conn: Proxy@15beb40b Shared Rabbit Connection: SimpleConnection@513f8279 [delegate=amqp://guest@127.0.0.1:5672/, localPort=47188]
2025-12-02T19:42:23.695-05:00 DEBUG 125668 --- [tenant-service] [org.springframework.amqp.rabbit.RabbitListenerEndpointContainer#0-1] o.s.amqp.rabbit.core.RabbitTemplate      : Publishing message [(Body:'[B@6be5f7e1(byte[436])' MessageProperties [headers={__ContentTypeId__=java.lang.Object, __KeyTypeId__=java.lang.Object, __TypeId__=java.util.HashMap}, contentType=application/json, contentEncoding=UTF-8, contentLength=436, deliveryMode=PERSISTENT, priority=0, deliveryTag=0])] on exchange [tenant-exchange], routingKey = [tenant.created]
2025-12-02T19:42:23.698-05:00 DEBUG 125668 --- [tenant-service] [org.springframework.amqp.rabbit.RabbitListenerEndpointContainer#0-1] c.s.t.events.TenantEventPublisher        : Event published: {eventId=bd19c493-6305-4189-91dc-06c7b02f3c78, metadata={correlationId=46b7f31f-b876-44ef-a4f2-cfd3d4bf350d, source=tenant-service}, data={tenantId=ed49da3f-b3a0-463d-badf-af995f3f0885, name=prueba's Workspace, type=PERSONAL, userId=83278a9a-ba74-469a-994e-effb51d8837e, plan=FREE, slug=pruebas-workspace-83278a9a}, eventType=tenant.created, version=1.0, timestamp=2025-12-02T19:42:23.685764750}
2025-12-02T19:42:23.709-05:00 DEBUG 125668 --- [tenant-service] [org.springframework.amqp.rabbit.RabbitListenerEndpointContainer#0-1] org.hibernate.SQL                        : 
    insert 
    into
        tenants
        (blockchain_enabled, business_name, created_at, current_domains, current_projects, current_repos, current_users, max_domains, max_projects, max_repos, max_users, name, next_billing_date, nit, owner_email, owner_id, plan, slug, status, subscription_id, type, updated_at, id) 
    values
        (?, ?, ?, ?, ?, ?, ?, ?, ?, ?, ?, ?, ?, ?, ?, ?, ?, ?, ?, ?, ?, ?, ?)
2025-12-02T19:42:23.715-05:00  INFO 125668 --- [tenant-service] [org.springframework.amqp.rabbit.RabbitListenerEndpointContainer#0-1] c.s.t.e.l.UserRegisteredListener         : Tenant created successfully for user: 83278a9a-ba74-469a-994e-effb51d8837e
2025-12-02T19:42:29.650-05:00  INFO 125668 --- [tenant-service] [http-nio-8082-exec-1] o.a.c.c.C.[Tomcat].[localhost].[/]       : Initializing Spring DispatcherServlet 'dispatcherServlet'
2025-12-02T19:42:29.650-05:00  INFO 125668 --- [tenant-service] [http-nio-8082-exec-1] o.s.web.servlet.DispatcherServlet        : Initializing Servlet 'dispatcherServlet'
2025-12-02T19:42:29.651-05:00  INFO 125668 --- [tenant-service] [http-nio-8082-exec-1] o.s.web.servlet.DispatcherServlet        : Completed initialization in 1 ms
2025-12-02T19:44:47.277-05:00 DEBUG 125668 --- [tenant-service] [pool-2-thread-5] o.s.a.r.listener.BlockingQueueConsumer   : Storing delivery for consumerTag: 'amq.ctag-Rl5yZzwG3x1pVQj_zNtdBw' with deliveryTag: '2' in Consumer@3ba468ec: tags=[[amq.ctag-Rl5yZzwG3x1pVQj_zNtdBw]], channel=Cached Rabbit Channel: AMQChannel(amqp://guest@127.0.0.1:5672/,1), conn: Proxy@15beb40b Shared Rabbit Connection: SimpleConnection@513f8279 [delegate=amqp://guest@127.0.0.1:5672/, localPort=47188], acknowledgeMode=AUTO local queue size=0
2025-12-02T19:44:47.277-05:00 DEBUG 125668 --- [tenant-service] [org.springframework.amqp.rabbit.RabbitListenerEndpointContainer#0-1] o.s.a.r.listener.BlockingQueueConsumer   : Received message: (Body:'[B@4ffcafdf(byte[174])' MessageProperties [headers={__ContentTypeId__=java.lang.Object, __KeyTypeId__=java.lang.Object, __TypeId__=java.util.HashMap}, contentType=application/json, contentEncoding=UTF-8, contentLength=0, receivedDeliveryMode=PERSISTENT, priority=0, redelivered=false, receivedExchange=auth-exchange, receivedRoutingKey=auth.user.registered, deliveryTag=2, consumerTag=amq.ctag-Rl5yZzwG3x1pVQj_zNtdBw, consumerQueue=auth.user.registered.queue])
2025-12-02T19:44:47.278-05:00 DEBUG 125668 --- [tenant-service] [org.springframework.amqp.rabbit.RabbitListenerEndpointContainer#0-1] .a.r.l.a.MessagingMessageListenerAdapter : Processing [GenericMessage [payload={globalRole=USER, eventType=auth.user.registered, userId=cda8eae1-5ad6-484d-a3d5-2b8e35728521, email=test@correo.com, timestamp=2025-12-02T19:44:47.275495417}, headers={amqp_receivedDeliveryMode=PERSISTENT, amqp_receivedExchange=auth-exchange, amqp_deliveryTag=2, amqp_consumerQueue=auth.user.registered.queue, amqp_redelivered=false, __ContentTypeId__=java.lang.Object, amqp_receivedRoutingKey=auth.user.registered, amqp_contentEncoding=UTF-8, __KeyTypeId__=java.lang.Object, amqp_retryCount=0, id=92f8e43c-96fb-97f5-0cb2-b0ca5438b2b9, amqp_consumerTag=amq.ctag-Rl5yZzwG3x1pVQj_zNtdBw, amqp_lastInBatch=false, contentType=application/json, __TypeId__=java.util.HashMap, timestamp=1764722687278}]]
2025-12-02T19:44:47.278-05:00  INFO 125668 --- [tenant-service] [org.springframework.amqp.rabbit.RabbitListenerEndpointContainer#0-1] c.s.t.e.l.UserRegisteredListener         : Received auth.user.registered event: {globalRole=USER, eventType=auth.user.registered, userId=cda8eae1-5ad6-484d-a3d5-2b8e35728521, email=test@correo.com, timestamp=2025-12-02T19:44:47.275495417}
2025-12-02T19:44:47.278-05:00  INFO 125668 --- [tenant-service] [org.springframework.amqp.rabbit.RabbitListenerEndpointContainer#0-1] c.s.t.e.l.UserRegisteredListener         : Creating tenant for new user: test@correo.com (cda8eae1-5ad6-484d-a3d5-2b8e35728521)
2025-12-02T19:44:47.279-05:00  INFO 125668 --- [tenant-service] [org.springframework.amqp.rabbit.RabbitListenerEndpointContainer#0-1] c.s.t.service.impl.TenantServiceImpl     : Auto-creating tenant for new user: cda8eae1-5ad6-484d-a3d5-2b8e35728521
2025-12-02T19:44:47.280-05:00 DEBUG 125668 --- [tenant-service] [org.springframework.amqp.rabbit.RabbitListenerEndpointContainer#0-1] org.hibernate.SQL                        : 
    select
        te1_0.id 
    from
        tenants te1_0 
    where
        te1_0.slug=? 
    fetch
        first ? rows only
2025-12-02T19:44:47.281-05:00  INFO 125668 --- [tenant-service] [org.springframework.amqp.rabbit.RabbitListenerEndpointContainer#0-1] c.s.t.service.impl.TenantServiceImpl     : Auto-tenant created with ID: 78e34568-a7f7-4293-9461-5a70d51dd702 for user: cda8eae1-5ad6-484d-a3d5-2b8e35728521
2025-12-02T19:44:47.281-05:00  INFO 125668 --- [tenant-service] [org.springframework.amqp.rabbit.RabbitListenerEndpointContainer#0-1] c.s.t.events.TenantEventPublisher        : Publishing tenant.created event for tenant: 78e34568-a7f7-4293-9461-5a70d51dd702
2025-12-02T19:44:47.282-05:00 DEBUG 125668 --- [tenant-service] [org.springframework.amqp.rabbit.RabbitListenerEndpointContainer#0-1] o.s.amqp.rabbit.core.RabbitTemplate      : Executing callback RabbitTemplate$$Lambda/0x0000721258bc5538 on RabbitMQ Channel: Cached Rabbit Channel: AMQChannel(amqp://guest@127.0.0.1:5672/,2), conn: Proxy@15beb40b Shared Rabbit Connection: SimpleConnection@513f8279 [delegate=amqp://guest@127.0.0.1:5672/, localPort=47188]
2025-12-02T19:44:47.283-05:00 DEBUG 125668 --- [tenant-service] [org.springframework.amqp.rabbit.RabbitListenerEndpointContainer#0-1] o.s.amqp.rabbit.core.RabbitTemplate      : Publishing message [(Body:'[B@1d59456a(byte[432])' MessageProperties [headers={__ContentTypeId__=java.lang.Object, __KeyTypeId__=java.lang.Object, __TypeId__=java.util.HashMap}, contentType=application/json, contentEncoding=UTF-8, contentLength=432, deliveryMode=PERSISTENT, priority=0, deliveryTag=0])] on exchange [tenant-exchange], routingKey = [tenant.created]
2025-12-02T19:44:47.284-05:00 DEBUG 125668 --- [tenant-service] [org.springframework.amqp.rabbit.RabbitListenerEndpointContainer#0-1] c.s.t.events.TenantEventPublisher        : Event published: {eventId=34bb04f5-3a5c-4022-8e88-5b7dc9624f89, metadata={correlationId=b9ff6c68-7a43-487d-bc3b-f382f85ee80f, source=tenant-service}, data={tenantId=78e34568-a7f7-4293-9461-5a70d51dd702, name=test's Workspace, type=PERSONAL, userId=cda8eae1-5ad6-484d-a3d5-2b8e35728521, plan=FREE, slug=tests-workspace-cda8eae1}, eventType=tenant.created, version=1.0, timestamp=2025-12-02T19:44:47.281992389}
2025-12-02T19:44:47.285-05:00 DEBUG 125668 --- [tenant-service] [org.springframework.amqp.rabbit.RabbitListenerEndpointContainer#0-1] org.hibernate.SQL                        : 
    insert 
    into
        tenants
        (blockchain_enabled, business_name, created_at, current_domains, current_projects, current_repos, current_users, max_domains, max_projects, max_repos, max_users, name, next_billing_date, nit, owner_email, owner_id, plan, slug, status, subscription_id, type, updated_at, id) 
    values
        (?, ?, ?, ?, ?, ?, ?, ?, ?, ?, ?, ?, ?, ?, ?, ?, ?, ?, ?, ?, ?, ?, ?)
2025-12-02T19:44:47.289-05:00  INFO 125668 --- [tenant-service] [org.springframework.amqp.rabbit.RabbitListenerEndpointContainer#0-1] c.s.t.e.l.UserRegisteredListener         : Tenant created successfully for user: cda8eae1-5ad6-484d-a3d5-2b8e35728521
2025-12-02T19:51:30.027-05:00 DEBUG 125668 --- [tenant-service] [SpringApplicationShutdownHook] o.s.a.r.l.SimpleMessageListenerContainer : Shutting down Rabbit listener container
2025-12-02T19:51:30.029-05:00 DEBUG 125668 --- [tenant-service] [pool-2-thread-6] o.s.a.r.listener.BlockingQueueConsumer   : Received cancelOk for tag amq.ctag-Rl5yZzwG3x1pVQj_zNtdBw (auth.user.registered.queue); Consumer@3ba468ec: tags=[[amq.ctag-Rl5yZzwG3x1pVQj_zNtdBw]], channel=Cached Rabbit Channel: AMQChannel(amqp://guest@127.0.0.1:5672/,1), conn: Proxy@15beb40b Shared Rabbit Connection: SimpleConnection@513f8279 [delegate=amqp://guest@127.0.0.1:5672/, localPort=47188], acknowledgeMode=AUTO local queue size=0
2025-12-02T19:51:30.029-05:00  INFO 125668 --- [tenant-service] [org.springframework.amqp.rabbit.RabbitListenerEndpointContainer#0-2] o.s.a.r.l.SimpleMessageListenerContainer : Waiting for workers to finish.
2025-12-02T19:51:30.340-05:00  INFO 125668 --- [tenant-service] [org.springframework.amqp.rabbit.RabbitListenerEndpointContainer#0-2] o.s.a.r.l.SimpleMessageListenerContainer : Successfully waited for workers to finish.
2025-12-02T19:51:30.340-05:00 DEBUG 125668 --- [tenant-service] [org.springframework.amqp.rabbit.RabbitListenerEndpointContainer#0-1] o.s.a.r.l.SimpleMessageListenerContainer : Cancelling Consumer@3ba468ec: tags=[[amq.ctag-Rl5yZzwG3x1pVQj_zNtdBw]], channel=Cached Rabbit Channel: AMQChannel(amqp://guest@127.0.0.1:5672/,1), conn: Proxy@15beb40b Shared Rabbit Connection: SimpleConnection@513f8279 [delegate=amqp://guest@127.0.0.1:5672/, localPort=47188], acknowledgeMode=AUTO local queue size=0
2025-12-02T19:51:30.340-05:00 DEBUG 125668 --- [tenant-service] [org.springframework.amqp.rabbit.RabbitListenerEndpointContainer#0-1] o.s.a.r.listener.BlockingQueueConsumer   : Closing Rabbit Channel: Cached Rabbit Channel: AMQChannel(amqp://guest@127.0.0.1:5672/,1), conn: Proxy@15beb40b Shared Rabbit Connection: SimpleConnection@513f8279 [delegate=amqp://guest@127.0.0.1:5672/, localPort=47188]
2025-12-02T19:51:30.340-05:00 DEBUG 125668 --- [tenant-service] [org.springframework.amqp.rabbit.RabbitListenerEndpointContainer#0-1] o.s.a.r.c.CachingConnectionFactory       : Closing cached Channel: AMQChannel(amqp://guest@127.0.0.1:5672/,1)
2025-12-02T19:51:30.341-05:00  INFO 125668 --- [tenant-service] [SpringApplicationShutdownHook] o.s.b.w.e.tomcat.GracefulShutdown        : Commencing graceful shutdown. Waiting for active requests to complete
2025-12-02T19:51:30.342-05:00  INFO 125668 --- [tenant-service] [tomcat-shutdown] o.s.b.w.e.tomcat.GracefulShutdown        : Graceful shutdown complete
2025-12-02T19:51:30.343-05:00 DEBUG 125668 --- [tenant-service] [SpringApplicationShutdownHook] o.s.a.r.c.CachingConnectionFactory       : Closing cached Channel: AMQChannel(amqp://guest@127.0.0.1:5672/,2)
2025-12-02T19:51:30.346-05:00 DEBUG 125668 --- [tenant-service] [SpringApplicationShutdownHook] o.s.a.r.l.SimpleMessageListenerContainer : Shutdown ignored - container is not active already
2025-12-02T19:51:30.347-05:00  INFO 125668 --- [tenant-service] [SpringApplicationShutdownHook] j.LocalContainerEntityManagerFactoryBean : Closing JPA EntityManagerFactory for persistence unit 'default'
2025-12-02T19:51:30.349-05:00  INFO 125668 --- [tenant-service] [SpringApplicationShutdownHook] com.zaxxer.hikari.HikariDataSource       : HikariPool-1 - Shutdown initiated...
2025-12-02T19:51:30.352-05:00  INFO 125668 --- [tenant-service] [SpringApplicationShutdownHook] com.zaxxer.hikari.HikariDataSource       : HikariPool-1 - Shutdown completed.
2025-12-02T19:51:37.425-05:00  INFO 129267 --- [tenant-service] [main] c.s.t.TenantServiceApplication           : Starting TenantServiceApplication using Java 21.0.9 with PID 129267 (/home/samup/Documentos/sentinel/tenant-service/target/classes started by samup in /home/samup/Documentos/sentinel/tenant-service)
2025-12-02T19:51:37.426-05:00 DEBUG 129267 --- [tenant-service] [main] c.s.t.TenantServiceApplication           : Running with Spring Boot v3.5.8, Spring v6.2.14
2025-12-02T19:51:37.426-05:00  INFO 129267 --- [tenant-service] [main] c.s.t.TenantServiceApplication           : No active profile set, falling back to 1 default profile: "default"
2025-12-02T19:51:37.980-05:00  INFO 129267 --- [tenant-service] [main] .s.d.r.c.RepositoryConfigurationDelegate : Bootstrapping Spring Data JPA repositories in DEFAULT mode.
2025-12-02T19:51:38.020-05:00  INFO 129267 --- [tenant-service] [main] .s.d.r.c.RepositoryConfigurationDelegate : Finished Spring Data repository scanning in 34 ms. Found 1 JPA repository interface.
2025-12-02T19:51:38.395-05:00  INFO 129267 --- [tenant-service] [main] o.s.b.w.embedded.tomcat.TomcatWebServer  : Tomcat initialized with port 8082 (http)
2025-12-02T19:51:38.406-05:00  INFO 129267 --- [tenant-service] [main] o.apache.catalina.core.StandardService   : Starting service [Tomcat]
2025-12-02T19:51:38.406-05:00  INFO 129267 --- [tenant-service] [main] o.apache.catalina.core.StandardEngine    : Starting Servlet engine: [Apache Tomcat/10.1.49]
2025-12-02T19:51:38.441-05:00  INFO 129267 --- [tenant-service] [main] o.a.c.c.C.[Tomcat].[localhost].[/]       : Initializing Spring embedded WebApplicationContext
2025-12-02T19:51:38.442-05:00  INFO 129267 --- [tenant-service] [main] w.s.c.ServletWebServerApplicationContext : Root WebApplicationContext: initialization completed in 990 ms
2025-12-02T19:51:38.523-05:00  INFO 129267 --- [tenant-service] [main] com.zaxxer.hikari.HikariDataSource       : HikariPool-1 - Starting...
2025-12-02T19:51:38.728-05:00  INFO 129267 --- [tenant-service] [main] com.zaxxer.hikari.pool.HikariPool        : HikariPool-1 - Added connection org.postgresql.jdbc.PgConnection@52a7928a
2025-12-02T19:51:38.729-05:00  INFO 129267 --- [tenant-service] [main] com.zaxxer.hikari.HikariDataSource       : HikariPool-1 - Start completed.
2025-12-02T19:51:38.787-05:00  INFO 129267 --- [tenant-service] [main] o.hibernate.jpa.internal.util.LogHelper  : HHH000204: Processing PersistenceUnitInfo [name: default]
2025-12-02T19:51:38.816-05:00  INFO 129267 --- [tenant-service] [main] org.hibernate.Version                    : HHH000412: Hibernate ORM core version 6.6.36.Final
2025-12-02T19:51:38.838-05:00  INFO 129267 --- [tenant-service] [main] o.h.c.internal.RegionFactoryInitiator    : HHH000026: Second-level cache disabled
2025-12-02T19:51:38.993-05:00  INFO 129267 --- [tenant-service] [main] o.s.o.j.p.SpringPersistenceUnitInfo      : No LoadTimeWeaver setup: ignoring JPA class transformer
2025-12-02T19:51:39.030-05:00  WARN 129267 --- [tenant-service] [main] org.hibernate.orm.deprecation            : HHH90000025: PostgreSQLDialect does not need to be specified explicitly using 'hibernate.dialect' (remove the property setting and it will be selected by default)
2025-12-02T19:51:39.039-05:00  INFO 129267 --- [tenant-service] [main] org.hibernate.orm.connections.pooling    : HHH10001005: Database info:
	Database JDBC URL [Connecting through datasource 'HikariDataSource (HikariPool-1)']
	Database driver: undefined/unknown
	Database version: 16.10
	Autocommit mode: undefined/unknown
	Isolation level: undefined/unknown
	Minimum pool size: undefined/unknown
	Maximum pool size: undefined/unknown
2025-12-02T19:51:39.506-05:00  INFO 129267 --- [tenant-service] [main] o.h.e.t.j.p.i.JtaPlatformInitiator       : HHH000489: No JTA platform available (set 'hibernate.transaction.jta.platform' to enable JTA platform integration)
2025-12-02T19:51:39.540-05:00  INFO 129267 --- [tenant-service] [main] j.LocalContainerEntityManagerFactoryBean : Initialized JPA EntityManagerFactory for persistence unit 'default'
2025-12-02T19:51:39.723-05:00  INFO 129267 --- [tenant-service] [main] o.s.d.j.r.query.QueryEnhancerFactory     : Hibernate is in classpath; If applicable, HQL parser will be used.
2025-12-02T19:51:40.088-05:00  WARN 129267 --- [tenant-service] [main] JpaBaseConfiguration$JpaWebConfiguration : spring.jpa.open-in-view is enabled by default. Therefore, database queries may be performed during view rendering. Explicitly configure spring.jpa.open-in-view to disable this warning
2025-12-02T19:51:40.112-05:00  WARN 129267 --- [tenant-service] [main] .s.s.UserDetailsServiceAutoConfiguration : 

Using generated security password: 1305fd96-d19d-42c4-bd6e-165d8866e9c2

This generated password is for development use only. Your security configuration must be updated before running your application in production.

2025-12-02T19:51:40.117-05:00  INFO 129267 --- [tenant-service] [main] r$InitializeUserDetailsManagerConfigurer : Global AuthenticationManager configured with UserDetailsService bean with name inMemoryUserDetailsManager
2025-12-02T19:51:40.455-05:00 DEBUG 129267 --- [tenant-service] [main] .a.r.l.a.MessagingMessageListenerAdapter : Inferred argument type for public void com.sentinel.tenant_service.events.listeners.UserRegisteredListener.handleUserRegistered(java.util.Map) is java.util.Map<java.lang.String, java.lang.Object>
2025-12-02T19:51:40.461-05:00 DEBUG 129267 --- [tenant-service] [main] o.s.a.r.l.SimpleMessageListenerContainer : No global properties bean
2025-12-02T19:51:40.476-05:00  INFO 129267 --- [tenant-service] [main] o.s.b.w.embedded.tomcat.TomcatWebServer  : Tomcat started on port 8082 (http) with context path '/'
2025-12-02T19:51:40.477-05:00 DEBUG 129267 --- [tenant-service] [main] o.s.a.r.l.SimpleMessageListenerContainer : Starting Rabbit listener container.
2025-12-02T19:51:40.483-05:00  INFO 129267 --- [tenant-service] [main] o.s.a.r.c.CachingConnectionFactory       : Attempting to connect to: [localhost:5672]
2025-12-02T19:51:40.509-05:00  INFO 129267 --- [tenant-service] [main] o.s.a.r.c.CachingConnectionFactory       : Created new connection: rabbitConnectionFactory#1d4ee7d7:0/SimpleConnection@3f1bde96 [delegate=amqp://guest@127.0.0.1:5672/, localPort=44324]
2025-12-02T19:51:40.511-05:00 DEBUG 129267 --- [tenant-service] [main] o.s.amqp.rabbit.core.RabbitAdmin         : Initializing declarations
2025-12-02T19:51:40.517-05:00 DEBUG 129267 --- [tenant-service] [main] o.s.a.r.c.CachingConnectionFactory       : Creating cached Rabbit Channel from AMQChannel(amqp://guest@127.0.0.1:5672/,1)
2025-12-02T19:51:40.522-05:00 DEBUG 129267 --- [tenant-service] [main] o.s.amqp.rabbit.core.RabbitTemplate      : Executing callback RabbitAdmin$$Lambda/0x00007f2f70b56fb8 on RabbitMQ Channel: Cached Rabbit Channel: AMQChannel(amqp://guest@127.0.0.1:5672/,1), conn: Proxy@57e0bfd6 Shared Rabbit Connection: SimpleConnection@3f1bde96 [delegate=amqp://guest@127.0.0.1:5672/, localPort=44324]
2025-12-02T19:51:40.523-05:00 DEBUG 129267 --- [tenant-service] [main] o.s.amqp.rabbit.core.RabbitAdmin         : declaring Exchange 'tenant-exchange'
2025-12-02T19:51:40.526-05:00 DEBUG 129267 --- [tenant-service] [main] o.s.amqp.rabbit.core.RabbitAdmin         : declaring Exchange 'auth-exchange'
2025-12-02T19:51:40.527-05:00 DEBUG 129267 --- [tenant-service] [main] o.s.amqp.rabbit.core.RabbitAdmin         : declaring Queue 'tenant.created.queue'
2025-12-02T19:51:40.530-05:00 DEBUG 129267 --- [tenant-service] [main] o.s.amqp.rabbit.core.RabbitAdmin         : declaring Queue 'tenant.upgraded.queue'
2025-12-02T19:51:40.531-05:00 DEBUG 129267 --- [tenant-service] [main] o.s.amqp.rabbit.core.RabbitAdmin         : declaring Queue 'auth.user.registered.queue'
2025-12-02T19:51:40.533-05:00 DEBUG 129267 --- [tenant-service] [main] o.s.amqp.rabbit.core.RabbitAdmin         : Binding destination [tenant.created.queue (QUEUE)] to exchange [tenant-exchange] with routing key [tenant.created]
2025-12-02T19:51:40.537-05:00 DEBUG 129267 --- [tenant-service] [main] o.s.amqp.rabbit.core.RabbitAdmin         : Binding destination [tenant.upgraded.queue (QUEUE)] to exchange [tenant-exchange] with routing key [tenant.plan.upgraded]
2025-12-02T19:51:40.538-05:00 DEBUG 129267 --- [tenant-service] [main] o.s.amqp.rabbit.core.RabbitAdmin         : Binding destination [auth.user.registered.queue (QUEUE)] to exchange [auth-exchange] with routing key [auth.user.registered]
2025-12-02T19:51:40.541-05:00 DEBUG 129267 --- [tenant-service] [main] o.s.amqp.rabbit.core.RabbitAdmin         : Declarations finished
2025-12-02T19:51:40.546-05:00 DEBUG 129267 --- [tenant-service] [org.springframework.amqp.rabbit.RabbitListenerEndpointContainer#0-1] o.s.amqp.rabbit.core.RabbitTemplate      : Executing callback RabbitAdmin$$Lambda/0x00007f2f70b653f8 on RabbitMQ Channel: Cached Rabbit Channel: AMQChannel(amqp://guest@127.0.0.1:5672/,1), conn: Proxy@57e0bfd6 Shared Rabbit Connection: SimpleConnection@3f1bde96 [delegate=amqp://guest@127.0.0.1:5672/, localPort=44324]
2025-12-02T19:51:40.549-05:00 DEBUG 129267 --- [tenant-service] [org.springframework.amqp.rabbit.RabbitListenerEndpointContainer#0-1] o.s.a.r.listener.BlockingQueueConsumer   : Starting consumer Consumer@262c75a3: tags=[[]], channel=null, acknowledgeMode=AUTO local queue size=0
2025-12-02T19:51:40.561-05:00 DEBUG 129267 --- [tenant-service] [pool-2-thread-3] o.s.a.r.listener.BlockingQueueConsumer   : ConsumeOK: Consumer@262c75a3: tags=[[amq.ctag-Fvl6oaxvro6LgCau9d_0Vg]], channel=Cached Rabbit Channel: AMQChannel(amqp://guest@127.0.0.1:5672/,1), conn: Proxy@57e0bfd6 Shared Rabbit Connection: SimpleConnection@3f1bde96 [delegate=amqp://guest@127.0.0.1:5672/, localPort=44324], acknowledgeMode=AUTO local queue size=0
2025-12-02T19:51:40.561-05:00 DEBUG 129267 --- [tenant-service] [org.springframework.amqp.rabbit.RabbitListenerEndpointContainer#0-1] o.s.a.r.listener.BlockingQueueConsumer   : Started on queue 'auth.user.registered.queue' with tag amq.ctag-Fvl6oaxvro6LgCau9d_0Vg: Consumer@262c75a3: tags=[[amq.ctag-Fvl6oaxvro6LgCau9d_0Vg]], channel=Cached Rabbit Channel: AMQChannel(amqp://guest@127.0.0.1:5672/,1), conn: Proxy@57e0bfd6 Shared Rabbit Connection: SimpleConnection@3f1bde96 [delegate=amqp://guest@127.0.0.1:5672/, localPort=44324], acknowledgeMode=AUTO local queue size=0
2025-12-02T19:51:40.570-05:00  INFO 129267 --- [tenant-service] [main] c.s.t.TenantServiceApplication           : Started TenantServiceApplication in 3.431 seconds (process running for 3.632)
2025-12-02T19:51:49.355-05:00  INFO 129267 --- [tenant-service] [http-nio-8082-exec-1] o.a.c.c.C.[Tomcat].[localhost].[/]       : Initializing Spring DispatcherServlet 'dispatcherServlet'
2025-12-02T19:51:49.355-05:00  INFO 129267 --- [tenant-service] [http-nio-8082-exec-1] o.s.web.servlet.DispatcherServlet        : Initializing Servlet 'dispatcherServlet'
2025-12-02T19:51:49.356-05:00  INFO 129267 --- [tenant-service] [http-nio-8082-exec-1] o.s.web.servlet.DispatcherServlet        : Completed initialization in 1 ms
2025-12-02T19:53:42.982-05:00 DEBUG 129267 --- [tenant-service] [pool-2-thread-4] o.s.a.r.listener.BlockingQueueConsumer   : Storing delivery for consumerTag: 'amq.ctag-Fvl6oaxvro6LgCau9d_0Vg' with deliveryTag: '1' in Consumer@262c75a3: tags=[[amq.ctag-Fvl6oaxvro6LgCau9d_0Vg]], channel=Cached Rabbit Channel: AMQChannel(amqp://guest@127.0.0.1:5672/,1), conn: Proxy@57e0bfd6 Shared Rabbit Connection: SimpleConnection@3f1bde96 [delegate=amqp://guest@127.0.0.1:5672/, localPort=44324], acknowledgeMode=AUTO local queue size=0
2025-12-02T19:53:43.002-05:00 DEBUG 129267 --- [tenant-service] [org.springframework.amqp.rabbit.RabbitListenerEndpointContainer#0-1] o.s.a.r.listener.BlockingQueueConsumer   : Received message: (Body:'[B@275436be(byte[175])' MessageProperties [headers={__ContentTypeId__=java.lang.Object, __KeyTypeId__=java.lang.Object, __TypeId__=java.util.HashMap}, contentType=application/json, contentEncoding=UTF-8, contentLength=0, receivedDeliveryMode=PERSISTENT, priority=0, redelivered=false, receivedExchange=auth-exchange, receivedRoutingKey=auth.user.registered, deliveryTag=1, consumerTag=amq.ctag-Fvl6oaxvro6LgCau9d_0Vg, consumerQueue=auth.user.registered.queue])
2025-12-02T19:53:43.029-05:00 DEBUG 129267 --- [tenant-service] [org.springframework.amqp.rabbit.RabbitListenerEndpointContainer#0-1] .a.r.l.a.MessagingMessageListenerAdapter : Processing [GenericMessage [payload={globalRole=USER, eventType=auth.user.registered, userId=9c30c2eb-51ab-4f91-88a9-01c71afc0e40, email=test1@correo.com, timestamp=2025-12-02T19:53:42.925164642}, headers={amqp_receivedDeliveryMode=PERSISTENT, amqp_receivedExchange=auth-exchange, amqp_deliveryTag=1, amqp_consumerQueue=auth.user.registered.queue, amqp_redelivered=false, __ContentTypeId__=java.lang.Object, amqp_receivedRoutingKey=auth.user.registered, amqp_contentEncoding=UTF-8, __KeyTypeId__=java.lang.Object, amqp_retryCount=0, id=c84b75ec-8261-130d-55fb-9fc7554920da, amqp_consumerTag=amq.ctag-Fvl6oaxvro6LgCau9d_0Vg, amqp_lastInBatch=false, contentType=application/json, __TypeId__=java.util.HashMap, timestamp=1764723223029}]]
2025-12-02T19:53:43.030-05:00  INFO 129267 --- [tenant-service] [org.springframework.amqp.rabbit.RabbitListenerEndpointContainer#0-1] c.s.t.e.l.UserRegisteredListener         : Received auth.user.registered event: {globalRole=USER, eventType=auth.user.registered, userId=9c30c2eb-51ab-4f91-88a9-01c71afc0e40, email=test1@correo.com, timestamp=2025-12-02T19:53:42.925164642}
2025-12-02T19:53:43.030-05:00  INFO 129267 --- [tenant-service] [org.springframework.amqp.rabbit.RabbitListenerEndpointContainer#0-1] c.s.t.e.l.UserRegisteredListener         : Creating tenant for new user: test1@correo.com (9c30c2eb-51ab-4f91-88a9-01c71afc0e40)
2025-12-02T19:53:43.034-05:00  INFO 129267 --- [tenant-service] [org.springframework.amqp.rabbit.RabbitListenerEndpointContainer#0-1] c.s.t.service.impl.TenantServiceImpl     : Auto-creating tenant for new user: 9c30c2eb-51ab-4f91-88a9-01c71afc0e40
2025-12-02T19:53:43.070-05:00 DEBUG 129267 --- [tenant-service] [org.springframework.amqp.rabbit.RabbitListenerEndpointContainer#0-1] org.hibernate.SQL                        : 
    select
        te1_0.id 
    from
        tenants te1_0 
    where
        te1_0.slug=? 
    fetch
        first ? rows only
2025-12-02T19:53:43.090-05:00  INFO 129267 --- [tenant-service] [org.springframework.amqp.rabbit.RabbitListenerEndpointContainer#0-1] c.s.t.service.impl.TenantServiceImpl     : Auto-tenant created with ID: d3bb7b6a-ec40-4b20-a783-706187029575 for user: 9c30c2eb-51ab-4f91-88a9-01c71afc0e40
2025-12-02T19:53:43.090-05:00  INFO 129267 --- [tenant-service] [org.springframework.amqp.rabbit.RabbitListenerEndpointContainer#0-1] c.s.t.events.TenantEventPublisher        : Publishing tenant.created event for tenant: d3bb7b6a-ec40-4b20-a783-706187029575
2025-12-02T19:53:43.098-05:00 DEBUG 129267 --- [tenant-service] [org.springframework.amqp.rabbit.RabbitListenerEndpointContainer#0-1] o.s.a.r.c.CachingConnectionFactory       : Creating cached Rabbit Channel from AMQChannel(amqp://guest@127.0.0.1:5672/,2)
2025-12-02T19:53:43.098-05:00 DEBUG 129267 --- [tenant-service] [org.springframework.amqp.rabbit.RabbitListenerEndpointContainer#0-1] o.s.amqp.rabbit.core.RabbitTemplate      : Executing callback RabbitTemplate$$Lambda/0x00007f2f70bf50a0 on RabbitMQ Channel: Cached Rabbit Channel: AMQChannel(amqp://guest@127.0.0.1:5672/,2), conn: Proxy@57e0bfd6 Shared Rabbit Connection: SimpleConnection@3f1bde96 [delegate=amqp://guest@127.0.0.1:5672/, localPort=44324]
2025-12-02T19:53:43.098-05:00 DEBUG 129267 --- [tenant-service] [org.springframework.amqp.rabbit.RabbitListenerEndpointContainer#0-1] o.s.amqp.rabbit.core.RabbitTemplate      : Publishing message [(Body:'[B@25143b77(byte[434])' MessageProperties [headers={__ContentTypeId__=java.lang.Object, __KeyTypeId__=java.lang.Object, __TypeId__=java.util.HashMap}, contentType=application/json, contentEncoding=UTF-8, contentLength=434, deliveryMode=PERSISTENT, priority=0, deliveryTag=0])] on exchange [tenant-exchange], routingKey = [tenant.created]
2025-12-02T19:53:43.100-05:00 DEBUG 129267 --- [tenant-service] [org.springframework.amqp.rabbit.RabbitListenerEndpointContainer#0-1] c.s.t.events.TenantEventPublisher        : Event published: {eventId=3c6fd0ae-17a2-4b3a-ac77-5307bc9edbcc, metadata={correlationId=a4783939-db20-4ded-8be4-0b40f2c93564, source=tenant-service}, data={tenantId=d3bb7b6a-ec40-4b20-a783-706187029575, name=test1's Workspace, type=PERSONAL, userId=9c30c2eb-51ab-4f91-88a9-01c71afc0e40, plan=FREE, slug=test1s-workspace-9c30c2eb}, eventType=tenant.created, version=1.0, timestamp=2025-12-02T19:53:43.090605618}
2025-12-02T19:53:43.111-05:00 DEBUG 129267 --- [tenant-service] [org.springframework.amqp.rabbit.RabbitListenerEndpointContainer#0-1] org.hibernate.SQL                        : 
    insert 
    into
        tenants
        (blockchain_enabled, business_name, created_at, current_domains, current_projects, current_repos, current_users, max_domains, max_projects, max_repos, max_users, name, next_billing_date, nit, owner_email, owner_id, plan, slug, status, subscription_id, type, updated_at, id) 
    values
        (?, ?, ?, ?, ?, ?, ?, ?, ?, ?, ?, ?, ?, ?, ?, ?, ?, ?, ?, ?, ?, ?, ?)
2025-12-02T19:53:43.116-05:00  INFO 129267 --- [tenant-service] [org.springframework.amqp.rabbit.RabbitListenerEndpointContainer#0-1] c.s.t.e.l.UserRegisteredListener         : Tenant created successfully for user: 9c30c2eb-51ab-4f91-88a9-01c71afc0e40
2025-12-02T19:56:36.475-05:00 DEBUG 129267 --- [tenant-service] [SpringApplicationShutdownHook] o.s.a.r.l.SimpleMessageListenerContainer : Shutting down Rabbit listener container
2025-12-02T19:56:36.476-05:00 DEBUG 129267 --- [tenant-service] [pool-2-thread-5] o.s.a.r.listener.BlockingQueueConsumer   : Received cancelOk for tag amq.ctag-Fvl6oaxvro6LgCau9d_0Vg (auth.user.registered.queue); Consumer@262c75a3: tags=[[amq.ctag-Fvl6oaxvro6LgCau9d_0Vg]], channel=Cached Rabbit Channel: AMQChannel(amqp://guest@127.0.0.1:5672/,1), conn: Proxy@57e0bfd6 Shared Rabbit Connection: SimpleConnection@3f1bde96 [delegate=amqp://guest@127.0.0.1:5672/, localPort=44324], acknowledgeMode=AUTO local queue size=0
2025-12-02T19:56:36.476-05:00  INFO 129267 --- [tenant-service] [org.springframework.amqp.rabbit.RabbitListenerEndpointContainer#0-2] o.s.a.r.l.SimpleMessageListenerContainer : Waiting for workers to finish.
2025-12-02T19:56:37.138-05:00  INFO 129267 --- [tenant-service] [org.springframework.amqp.rabbit.RabbitListenerEndpointContainer#0-2] o.s.a.r.l.SimpleMessageListenerContainer : Successfully waited for workers to finish.
2025-12-02T19:56:37.138-05:00 DEBUG 129267 --- [tenant-service] [org.springframework.amqp.rabbit.RabbitListenerEndpointContainer#0-1] o.s.a.r.l.SimpleMessageListenerContainer : Cancelling Consumer@262c75a3: tags=[[amq.ctag-Fvl6oaxvro6LgCau9d_0Vg]], channel=Cached Rabbit Channel: AMQChannel(amqp://guest@127.0.0.1:5672/,1), conn: Proxy@57e0bfd6 Shared Rabbit Connection: SimpleConnection@3f1bde96 [delegate=amqp://guest@127.0.0.1:5672/, localPort=44324], acknowledgeMode=AUTO local queue size=0
2025-12-02T19:56:37.138-05:00 DEBUG 129267 --- [tenant-service] [org.springframework.amqp.rabbit.RabbitListenerEndpointContainer#0-1] o.s.a.r.listener.BlockingQueueConsumer   : Closing Rabbit Channel: Cached Rabbit Channel: AMQChannel(amqp://guest@127.0.0.1:5672/,1), conn: Proxy@57e0bfd6 Shared Rabbit Connection: SimpleConnection@3f1bde96 [delegate=amqp://guest@127.0.0.1:5672/, localPort=44324]
2025-12-02T19:56:37.138-05:00 DEBUG 129267 --- [tenant-service] [org.springframework.amqp.rabbit.RabbitListenerEndpointContainer#0-1] o.s.a.r.c.CachingConnectionFactory       : Closing cached Channel: AMQChannel(amqp://guest@127.0.0.1:5672/,1)
2025-12-02T19:56:37.138-05:00  INFO 129267 --- [tenant-service] [SpringApplicationShutdownHook] o.s.b.w.e.tomcat.GracefulShutdown        : Commencing graceful shutdown. Waiting for active requests to complete
2025-12-02T19:56:37.140-05:00  INFO 129267 --- [tenant-service] [tomcat-shutdown] o.s.b.w.e.tomcat.GracefulShutdown        : Graceful shutdown complete
2025-12-02T19:56:37.141-05:00 DEBUG 129267 --- [tenant-service] [SpringApplicationShutdownHook] o.s.a.r.c.CachingConnectionFactory       : Closing cached Channel: AMQChannel(amqp://guest@127.0.0.1:5672/,2)
2025-12-02T19:56:37.144-05:00 DEBUG 129267 --- [tenant-service] [SpringApplicationShutdownHook] o.s.a.r.l.SimpleMessageListenerContainer : Shutdown ignored - container is not active already
2025-12-02T19:56:37.145-05:00  INFO 129267 --- [tenant-service] [SpringApplicationShutdownHook] j.LocalContainerEntityManagerFactoryBean : Closing JPA EntityManagerFactory for persistence unit 'default'
2025-12-02T19:56:37.146-05:00  INFO 129267 --- [tenant-service] [SpringApplicationShutdownHook] com.zaxxer.hikari.HikariDataSource       : HikariPool-1 - Shutdown initiated...
2025-12-02T19:56:37.149-05:00  INFO 129267 --- [tenant-service] [SpringApplicationShutdownHook] com.zaxxer.hikari.HikariDataSource       : HikariPool-1 - Shutdown completed.
2025-12-02T19:56:37.680-05:00  INFO 131667 --- [tenant-service] [main] c.s.t.TenantServiceApplication           : Starting TenantServiceApplication using Java 21.0.9 with PID 131667 (/home/samup/Documentos/sentinel/tenant-service/target/classes started by samup in /home/samup/Documentos/sentinel/tenant-service)
2025-12-02T19:56:37.681-05:00 DEBUG 131667 --- [tenant-service] [main] c.s.t.TenantServiceApplication           : Running with Spring Boot v3.5.8, Spring v6.2.14
2025-12-02T19:56:37.681-05:00  INFO 131667 --- [tenant-service] [main] c.s.t.TenantServiceApplication           : No active profile set, falling back to 1 default profile: "default"
2025-12-02T19:56:38.156-05:00  INFO 131667 --- [tenant-service] [main] .s.d.r.c.RepositoryConfigurationDelegate : Bootstrapping Spring Data JPA repositories in DEFAULT mode.
2025-12-02T19:56:38.197-05:00  INFO 131667 --- [tenant-service] [main] .s.d.r.c.RepositoryConfigurationDelegate : Finished Spring Data repository scanning in 35 ms. Found 1 JPA repository interface.
2025-12-02T19:56:38.596-05:00  INFO 131667 --- [tenant-service] [main] o.s.b.w.embedded.tomcat.TomcatWebServer  : Tomcat initialized with port 8082 (http)
2025-12-02T19:56:38.616-05:00  INFO 131667 --- [tenant-service] [main] o.apache.catalina.core.StandardService   : Starting service [Tomcat]
2025-12-02T19:56:38.617-05:00  INFO 131667 --- [tenant-service] [main] o.apache.catalina.core.StandardEngine    : Starting Servlet engine: [Apache Tomcat/10.1.49]
2025-12-02T19:56:38.649-05:00  INFO 131667 --- [tenant-service] [main] o.a.c.c.C.[Tomcat].[localhost].[/]       : Initializing Spring embedded WebApplicationContext
2025-12-02T19:56:38.650-05:00  INFO 131667 --- [tenant-service] [main] w.s.c.ServletWebServerApplicationContext : Root WebApplicationContext: initialization completed in 936 ms
2025-12-02T19:56:38.719-05:00  INFO 131667 --- [tenant-service] [main] com.zaxxer.hikari.HikariDataSource       : HikariPool-1 - Starting...
2025-12-02T19:56:38.926-05:00  INFO 131667 --- [tenant-service] [main] com.zaxxer.hikari.pool.HikariPool        : HikariPool-1 - Added connection org.postgresql.jdbc.PgConnection@2478b629
2025-12-02T19:56:38.927-05:00  INFO 131667 --- [tenant-service] [main] com.zaxxer.hikari.HikariDataSource       : HikariPool-1 - Start completed.
2025-12-02T19:56:38.985-05:00  INFO 131667 --- [tenant-service] [main] o.hibernate.jpa.internal.util.LogHelper  : HHH000204: Processing PersistenceUnitInfo [name: default]
2025-12-02T19:56:39.016-05:00  INFO 131667 --- [tenant-service] [main] org.hibernate.Version                    : HHH000412: Hibernate ORM core version 6.6.36.Final
2025-12-02T19:56:39.040-05:00  INFO 131667 --- [tenant-service] [main] o.h.c.internal.RegionFactoryInitiator    : HHH000026: Second-level cache disabled
2025-12-02T19:56:39.214-05:00  INFO 131667 --- [tenant-service] [main] o.s.o.j.p.SpringPersistenceUnitInfo      : No LoadTimeWeaver setup: ignoring JPA class transformer
2025-12-02T19:56:39.247-05:00  WARN 131667 --- [tenant-service] [main] org.hibernate.orm.deprecation            : HHH90000025: PostgreSQLDialect does not need to be specified explicitly using 'hibernate.dialect' (remove the property setting and it will be selected by default)
2025-12-02T19:56:39.256-05:00  INFO 131667 --- [tenant-service] [main] org.hibernate.orm.connections.pooling    : HHH10001005: Database info:
	Database JDBC URL [Connecting through datasource 'HikariDataSource (HikariPool-1)']
	Database driver: undefined/unknown
	Database version: 16.10
	Autocommit mode: undefined/unknown
	Isolation level: undefined/unknown
	Minimum pool size: undefined/unknown
	Maximum pool size: undefined/unknown
2025-12-02T19:56:39.698-05:00  INFO 131667 --- [tenant-service] [main] o.h.e.t.j.p.i.JtaPlatformInitiator       : HHH000489: No JTA platform available (set 'hibernate.transaction.jta.platform' to enable JTA platform integration)
2025-12-02T19:56:39.730-05:00  INFO 131667 --- [tenant-service] [main] j.LocalContainerEntityManagerFactoryBean : Initialized JPA EntityManagerFactory for persistence unit 'default'
2025-12-02T19:56:39.911-05:00  INFO 131667 --- [tenant-service] [main] o.s.d.j.r.query.QueryEnhancerFactory     : Hibernate is in classpath; If applicable, HQL parser will be used.
2025-12-02T19:56:40.342-05:00  WARN 131667 --- [tenant-service] [main] JpaBaseConfiguration$JpaWebConfiguration : spring.jpa.open-in-view is enabled by default. Therefore, database queries may be performed during view rendering. Explicitly configure spring.jpa.open-in-view to disable this warning
2025-12-02T19:56:40.369-05:00  WARN 131667 --- [tenant-service] [main] .s.s.UserDetailsServiceAutoConfiguration : 

Using generated security password: 485c5816-1388-41bf-a9dd-4881b7e3ab90

This generated password is for development use only. Your security configuration must be updated before running your application in production.

2025-12-02T19:56:40.376-05:00  INFO 131667 --- [tenant-service] [main] r$InitializeUserDetailsManagerConfigurer : Global AuthenticationManager configured with UserDetailsService bean with name inMemoryUserDetailsManager
2025-12-02T19:56:40.725-05:00 DEBUG 131667 --- [tenant-service] [main] .a.r.l.a.MessagingMessageListenerAdapter : Inferred argument type for public void com.sentinel.tenant_service.events.listeners.UserRegisteredListener.handleUserRegistered(java.util.Map) is java.util.Map<java.lang.String, java.lang.Object>
2025-12-02T19:56:40.732-05:00 DEBUG 131667 --- [tenant-service] [main] o.s.a.r.l.SimpleMessageListenerContainer : No global properties bean
2025-12-02T19:56:40.742-05:00  INFO 131667 --- [tenant-service] [main] o.s.b.w.embedded.tomcat.TomcatWebServer  : Tomcat started on port 8082 (http) with context path '/'
2025-12-02T19:56:40.743-05:00 DEBUG 131667 --- [tenant-service] [main] o.s.a.r.l.SimpleMessageListenerContainer : Starting Rabbit listener container.
2025-12-02T19:56:40.747-05:00  INFO 131667 --- [tenant-service] [main] o.s.a.r.c.CachingConnectionFactory       : Attempting to connect to: [localhost:5672]
2025-12-02T19:56:40.775-05:00  INFO 131667 --- [tenant-service] [main] o.s.a.r.c.CachingConnectionFactory       : Created new connection: rabbitConnectionFactory#488bf7cd:0/SimpleConnection@1df1bd44 [delegate=amqp://guest@127.0.0.1:5672/, localPort=48828]
2025-12-02T19:56:40.777-05:00 DEBUG 131667 --- [tenant-service] [main] o.s.amqp.rabbit.core.RabbitAdmin         : Initializing declarations
2025-12-02T19:56:40.786-05:00 DEBUG 131667 --- [tenant-service] [main] o.s.a.r.c.CachingConnectionFactory       : Creating cached Rabbit Channel from AMQChannel(amqp://guest@127.0.0.1:5672/,1)
2025-12-02T19:56:40.792-05:00 DEBUG 131667 --- [tenant-service] [main] o.s.amqp.rabbit.core.RabbitTemplate      : Executing callback RabbitAdmin$$Lambda/0x00007e4230b544a8 on RabbitMQ Channel: Cached Rabbit Channel: AMQChannel(amqp://guest@127.0.0.1:5672/,1), conn: Proxy@df80af2 Shared Rabbit Connection: SimpleConnection@1df1bd44 [delegate=amqp://guest@127.0.0.1:5672/, localPort=48828]
2025-12-02T19:56:40.793-05:00 DEBUG 131667 --- [tenant-service] [main] o.s.amqp.rabbit.core.RabbitAdmin         : declaring Exchange 'tenant-exchange'
2025-12-02T19:56:40.796-05:00 DEBUG 131667 --- [tenant-service] [main] o.s.amqp.rabbit.core.RabbitAdmin         : declaring Exchange 'auth-exchange'
2025-12-02T19:56:40.797-05:00 DEBUG 131667 --- [tenant-service] [main] o.s.amqp.rabbit.core.RabbitAdmin         : declaring Queue 'tenant.created.queue'
2025-12-02T19:56:40.800-05:00 DEBUG 131667 --- [tenant-service] [main] o.s.amqp.rabbit.core.RabbitAdmin         : declaring Queue 'tenant.upgraded.queue'
2025-12-02T19:56:40.802-05:00 DEBUG 131667 --- [tenant-service] [main] o.s.amqp.rabbit.core.RabbitAdmin         : declaring Queue 'auth.user.registered.queue'
2025-12-02T19:56:40.804-05:00 DEBUG 131667 --- [tenant-service] [main] o.s.amqp.rabbit.core.RabbitAdmin         : Binding destination [tenant.created.queue (QUEUE)] to exchange [tenant-exchange] with routing key [tenant.created]
2025-12-02T19:56:40.806-05:00 DEBUG 131667 --- [tenant-service] [main] o.s.amqp.rabbit.core.RabbitAdmin         : Binding destination [tenant.upgraded.queue (QUEUE)] to exchange [tenant-exchange] with routing key [tenant.plan.upgraded]
2025-12-02T19:56:40.807-05:00 DEBUG 131667 --- [tenant-service] [main] o.s.amqp.rabbit.core.RabbitAdmin         : Binding destination [auth.user.registered.queue (QUEUE)] to exchange [auth-exchange] with routing key [auth.user.registered]
2025-12-02T19:56:40.809-05:00 DEBUG 131667 --- [tenant-service] [main] o.s.amqp.rabbit.core.RabbitAdmin         : Declarations finished
2025-12-02T19:56:40.815-05:00 DEBUG 131667 --- [tenant-service] [org.springframework.amqp.rabbit.RabbitListenerEndpointContainer#0-1] o.s.amqp.rabbit.core.RabbitTemplate      : Executing callback RabbitAdmin$$Lambda/0x00007e4230b5e8e0 on RabbitMQ Channel: Cached Rabbit Channel: AMQChannel(amqp://guest@127.0.0.1:5672/,1), conn: Proxy@df80af2 Shared Rabbit Connection: SimpleConnection@1df1bd44 [delegate=amqp://guest@127.0.0.1:5672/, localPort=48828]
2025-12-02T19:56:40.819-05:00 DEBUG 131667 --- [tenant-service] [org.springframework.amqp.rabbit.RabbitListenerEndpointContainer#0-1] o.s.a.r.listener.BlockingQueueConsumer   : Starting consumer Consumer@7db4c883: tags=[[]], channel=null, acknowledgeMode=AUTO local queue size=0
2025-12-02T19:56:40.827-05:00 DEBUG 131667 --- [tenant-service] [pool-2-thread-3] o.s.a.r.listener.BlockingQueueConsumer   : ConsumeOK: Consumer@7db4c883: tags=[[amq.ctag-SOKWgjft_lKeqb12A1e0pg]], channel=Cached Rabbit Channel: AMQChannel(amqp://guest@127.0.0.1:5672/,1), conn: Proxy@df80af2 Shared Rabbit Connection: SimpleConnection@1df1bd44 [delegate=amqp://guest@127.0.0.1:5672/, localPort=48828], acknowledgeMode=AUTO local queue size=0
2025-12-02T19:56:40.827-05:00 DEBUG 131667 --- [tenant-service] [org.springframework.amqp.rabbit.RabbitListenerEndpointContainer#0-1] o.s.a.r.listener.BlockingQueueConsumer   : Started on queue 'auth.user.registered.queue' with tag amq.ctag-SOKWgjft_lKeqb12A1e0pg: Consumer@7db4c883: tags=[[]], channel=Cached Rabbit Channel: AMQChannel(amqp://guest@127.0.0.1:5672/,1), conn: Proxy@df80af2 Shared Rabbit Connection: SimpleConnection@1df1bd44 [delegate=amqp://guest@127.0.0.1:5672/, localPort=48828], acknowledgeMode=AUTO local queue size=0
2025-12-02T19:56:40.835-05:00  INFO 131667 --- [tenant-service] [main] c.s.t.TenantServiceApplication           : Started TenantServiceApplication in 3.455 seconds (process running for 3.645)
2025-12-02T19:56:55.707-05:00  INFO 131667 --- [tenant-service] [http-nio-8082-exec-2] o.a.c.c.C.[Tomcat].[localhost].[/]       : Initializing Spring DispatcherServlet 'dispatcherServlet'
2025-12-02T19:56:55.707-05:00  INFO 131667 --- [tenant-service] [http-nio-8082-exec-2] o.s.web.servlet.DispatcherServlet        : Initializing Servlet 'dispatcherServlet'
2025-12-02T19:56:55.708-05:00  INFO 131667 --- [tenant-service] [http-nio-8082-exec-2] o.s.web.servlet.DispatcherServlet        : Completed initialization in 1 ms
2025-12-02T19:59:05.270-05:00 DEBUG 131667 --- [tenant-service] [pool-2-thread-4] o.s.a.r.listener.BlockingQueueConsumer   : Storing delivery for consumerTag: 'amq.ctag-SOKWgjft_lKeqb12A1e0pg' with deliveryTag: '1' in Consumer@7db4c883: tags=[[amq.ctag-SOKWgjft_lKeqb12A1e0pg]], channel=Cached Rabbit Channel: AMQChannel(amqp://guest@127.0.0.1:5672/,1), conn: Proxy@df80af2 Shared Rabbit Connection: SimpleConnection@1df1bd44 [delegate=amqp://guest@127.0.0.1:5672/, localPort=48828], acknowledgeMode=AUTO local queue size=0
2025-12-02T19:59:05.289-05:00 DEBUG 131667 --- [tenant-service] [org.springframework.amqp.rabbit.RabbitListenerEndpointContainer#0-1] o.s.a.r.listener.BlockingQueueConsumer   : Received message: (Body:'[B@70a5354a(byte[175])' MessageProperties [headers={__ContentTypeId__=java.lang.Object, __KeyTypeId__=java.lang.Object, __TypeId__=java.util.HashMap}, contentType=application/json, contentEncoding=UTF-8, contentLength=0, receivedDeliveryMode=PERSISTENT, priority=0, redelivered=false, receivedExchange=auth-exchange, receivedRoutingKey=auth.user.registered, deliveryTag=1, consumerTag=amq.ctag-SOKWgjft_lKeqb12A1e0pg, consumerQueue=auth.user.registered.queue])
2025-12-02T19:59:05.321-05:00 DEBUG 131667 --- [tenant-service] [org.springframework.amqp.rabbit.RabbitListenerEndpointContainer#0-1] .a.r.l.a.MessagingMessageListenerAdapter : Processing [GenericMessage [payload={globalRole=USER, eventType=auth.user.registered, userId=b5ce4c9d-4b9d-4f4a-b355-dde1738cac57, email=test2@correo.com, timestamp=2025-12-02T19:59:05.267844779}, headers={amqp_receivedDeliveryMode=PERSISTENT, amqp_receivedExchange=auth-exchange, amqp_deliveryTag=1, amqp_consumerQueue=auth.user.registered.queue, amqp_redelivered=false, __ContentTypeId__=java.lang.Object, amqp_receivedRoutingKey=auth.user.registered, amqp_contentEncoding=UTF-8, __KeyTypeId__=java.lang.Object, amqp_retryCount=0, id=aff5d4a3-1680-3cac-0ee6-b3e7b36fab32, amqp_consumerTag=amq.ctag-SOKWgjft_lKeqb12A1e0pg, amqp_lastInBatch=false, contentType=application/json, __TypeId__=java.util.HashMap, timestamp=1764723545321}]]
2025-12-02T19:59:05.322-05:00  INFO 131667 --- [tenant-service] [org.springframework.amqp.rabbit.RabbitListenerEndpointContainer#0-1] c.s.t.e.l.UserRegisteredListener         : Received auth.user.registered event: {globalRole=USER, eventType=auth.user.registered, userId=b5ce4c9d-4b9d-4f4a-b355-dde1738cac57, email=test2@correo.com, timestamp=2025-12-02T19:59:05.267844779}
2025-12-02T19:59:05.322-05:00  INFO 131667 --- [tenant-service] [org.springframework.amqp.rabbit.RabbitListenerEndpointContainer#0-1] c.s.t.e.l.UserRegisteredListener         : Creating tenant for new user: test2@correo.com (b5ce4c9d-4b9d-4f4a-b355-dde1738cac57)
2025-12-02T19:59:05.327-05:00  INFO 131667 --- [tenant-service] [org.springframework.amqp.rabbit.RabbitListenerEndpointContainer#0-1] c.s.t.service.impl.TenantServiceImpl     : Auto-creating tenant for new user: b5ce4c9d-4b9d-4f4a-b355-dde1738cac57
2025-12-02T19:59:05.370-05:00 DEBUG 131667 --- [tenant-service] [org.springframework.amqp.rabbit.RabbitListenerEndpointContainer#0-1] org.hibernate.SQL                        : 
    select
        te1_0.id 
    from
        tenants te1_0 
    where
        te1_0.slug=? 
    fetch
        first ? rows only
2025-12-02T19:59:05.393-05:00  INFO 131667 --- [tenant-service] [org.springframework.amqp.rabbit.RabbitListenerEndpointContainer#0-1] c.s.t.service.impl.TenantServiceImpl     : Auto-tenant created with ID: a9493487-00eb-4847-834d-499fee22abee for user: b5ce4c9d-4b9d-4f4a-b355-dde1738cac57
2025-12-02T19:59:05.394-05:00  INFO 131667 --- [tenant-service] [org.springframework.amqp.rabbit.RabbitListenerEndpointContainer#0-1] c.s.t.events.TenantEventPublisher        : Publishing tenant.created event for tenant: a9493487-00eb-4847-834d-499fee22abee
2025-12-02T19:59:05.403-05:00 DEBUG 131667 --- [tenant-service] [org.springframework.amqp.rabbit.RabbitListenerEndpointContainer#0-1] o.s.a.r.c.CachingConnectionFactory       : Creating cached Rabbit Channel from AMQChannel(amqp://guest@127.0.0.1:5672/,2)
2025-12-02T19:59:05.404-05:00 DEBUG 131667 --- [tenant-service] [org.springframework.amqp.rabbit.RabbitListenerEndpointContainer#0-1] o.s.amqp.rabbit.core.RabbitTemplate      : Executing callback RabbitTemplate$$Lambda/0x00007e4230bf1db8 on RabbitMQ Channel: Cached Rabbit Channel: AMQChannel(amqp://guest@127.0.0.1:5672/,2), conn: Proxy@df80af2 Shared Rabbit Connection: SimpleConnection@1df1bd44 [delegate=amqp://guest@127.0.0.1:5672/, localPort=48828]
2025-12-02T19:59:05.404-05:00 DEBUG 131667 --- [tenant-service] [org.springframework.amqp.rabbit.RabbitListenerEndpointContainer#0-1] o.s.amqp.rabbit.core.RabbitTemplate      : Publishing message [(Body:'[B@96d5061(byte[434])' MessageProperties [headers={__ContentTypeId__=java.lang.Object, __KeyTypeId__=java.lang.Object, __TypeId__=java.util.HashMap}, contentType=application/json, contentEncoding=UTF-8, contentLength=434, deliveryMode=PERSISTENT, priority=0, deliveryTag=0])] on exchange [tenant-exchange], routingKey = [tenant.created]
2025-12-02T19:59:05.406-05:00 DEBUG 131667 --- [tenant-service] [org.springframework.amqp.rabbit.RabbitListenerEndpointContainer#0-1] c.s.t.events.TenantEventPublisher        : Event published: {eventId=586c4980-e1f1-4bb7-8f00-1d3c74bd4b87, metadata={correlationId=0e628d3a-901a-47a8-9e62-b2811a88cdab, source=tenant-service}, data={tenantId=a9493487-00eb-4847-834d-499fee22abee, name=test2's Workspace, type=PERSONAL, userId=b5ce4c9d-4b9d-4f4a-b355-dde1738cac57, plan=FREE, slug=test2s-workspace-b5ce4c9d}, eventType=tenant.created, version=1.0, timestamp=2025-12-02T19:59:05.394323376}
2025-12-02T19:59:05.417-05:00 DEBUG 131667 --- [tenant-service] [org.springframework.amqp.rabbit.RabbitListenerEndpointContainer#0-1] org.hibernate.SQL                        : 
    insert 
    into
        tenants
        (blockchain_enabled, business_name, created_at, current_domains, current_projects, current_repos, current_users, max_domains, max_projects, max_repos, max_users, name, next_billing_date, nit, owner_email, owner_id, plan, slug, status, subscription_id, type, updated_at, id) 
    values
        (?, ?, ?, ?, ?, ?, ?, ?, ?, ?, ?, ?, ?, ?, ?, ?, ?, ?, ?, ?, ?, ?, ?)
2025-12-02T19:59:05.423-05:00  INFO 131667 --- [tenant-service] [org.springframework.amqp.rabbit.RabbitListenerEndpointContainer#0-1] c.s.t.e.l.UserRegisteredListener         : Tenant created successfully for user: b5ce4c9d-4b9d-4f4a-b355-dde1738cac57
2025-12-02T20:00:30.256-05:00 DEBUG 131667 --- [tenant-service] [SpringApplicationShutdownHook] o.s.a.r.l.SimpleMessageListenerContainer : Shutting down Rabbit listener container
2025-12-02T20:00:30.257-05:00  INFO 131667 --- [tenant-service] [org.springframework.amqp.rabbit.RabbitListenerEndpointContainer#0-2] o.s.a.r.l.SimpleMessageListenerContainer : Waiting for workers to finish.
2025-12-02T20:00:30.257-05:00 DEBUG 131667 --- [tenant-service] [pool-2-thread-5] o.s.a.r.listener.BlockingQueueConsumer   : Received cancelOk for tag amq.ctag-SOKWgjft_lKeqb12A1e0pg (auth.user.registered.queue); Consumer@7db4c883: tags=[[amq.ctag-SOKWgjft_lKeqb12A1e0pg]], channel=Cached Rabbit Channel: AMQChannel(amqp://guest@127.0.0.1:5672/,1), conn: Proxy@df80af2 Shared Rabbit Connection: SimpleConnection@1df1bd44 [delegate=amqp://guest@127.0.0.1:5672/, localPort=48828], acknowledgeMode=AUTO local queue size=0
2025-12-02T20:00:30.437-05:00  INFO 131667 --- [tenant-service] [org.springframework.amqp.rabbit.RabbitListenerEndpointContainer#0-2] o.s.a.r.l.SimpleMessageListenerContainer : Successfully waited for workers to finish.
2025-12-02T20:00:30.437-05:00 DEBUG 131667 --- [tenant-service] [org.springframework.amqp.rabbit.RabbitListenerEndpointContainer#0-1] o.s.a.r.l.SimpleMessageListenerContainer : Cancelling Consumer@7db4c883: tags=[[amq.ctag-SOKWgjft_lKeqb12A1e0pg]], channel=Cached Rabbit Channel: AMQChannel(amqp://guest@127.0.0.1:5672/,1), conn: Proxy@df80af2 Shared Rabbit Connection: SimpleConnection@1df1bd44 [delegate=amqp://guest@127.0.0.1:5672/, localPort=48828], acknowledgeMode=AUTO local queue size=0
2025-12-02T20:00:30.437-05:00 DEBUG 131667 --- [tenant-service] [org.springframework.amqp.rabbit.RabbitListenerEndpointContainer#0-1] o.s.a.r.listener.BlockingQueueConsumer   : Closing Rabbit Channel: Cached Rabbit Channel: AMQChannel(amqp://guest@127.0.0.1:5672/,1), conn: Proxy@df80af2 Shared Rabbit Connection: SimpleConnection@1df1bd44 [delegate=amqp://guest@127.0.0.1:5672/, localPort=48828]
2025-12-02T20:00:30.437-05:00 DEBUG 131667 --- [tenant-service] [org.springframework.amqp.rabbit.RabbitListenerEndpointContainer#0-1] o.s.a.r.c.CachingConnectionFactory       : Closing cached Channel: AMQChannel(amqp://guest@127.0.0.1:5672/,1)
2025-12-02T20:00:30.437-05:00  INFO 131667 --- [tenant-service] [SpringApplicationShutdownHook] o.s.b.w.e.tomcat.GracefulShutdown        : Commencing graceful shutdown. Waiting for active requests to complete
2025-12-02T20:00:30.439-05:00  INFO 131667 --- [tenant-service] [tomcat-shutdown] o.s.b.w.e.tomcat.GracefulShutdown        : Graceful shutdown complete
2025-12-02T20:00:30.440-05:00 DEBUG 131667 --- [tenant-service] [SpringApplicationShutdownHook] o.s.a.r.c.CachingConnectionFactory       : Closing cached Channel: AMQChannel(amqp://guest@127.0.0.1:5672/,2)
2025-12-02T20:00:30.442-05:00 DEBUG 131667 --- [tenant-service] [SpringApplicationShutdownHook] o.s.a.r.l.SimpleMessageListenerContainer : Shutdown ignored - container is not active already
2025-12-02T20:00:30.444-05:00  INFO 131667 --- [tenant-service] [SpringApplicationShutdownHook] j.LocalContainerEntityManagerFactoryBean : Closing JPA EntityManagerFactory for persistence unit 'default'
2025-12-02T20:00:30.445-05:00  INFO 131667 --- [tenant-service] [SpringApplicationShutdownHook] com.zaxxer.hikari.HikariDataSource       : HikariPool-1 - Shutdown initiated...
2025-12-02T20:00:30.447-05:00  INFO 131667 --- [tenant-service] [SpringApplicationShutdownHook] com.zaxxer.hikari.HikariDataSource       : HikariPool-1 - Shutdown completed.
2025-12-02T20:00:38.973-05:00  INFO 133549 --- [tenant-service] [main] c.s.t.TenantServiceApplication           : Starting TenantServiceApplication using Java 21.0.9 with PID 133549 (/home/samup/Documentos/sentinel/tenant-service/target/classes started by samup in /home/samup/Documentos/sentinel/tenant-service)
2025-12-02T20:00:38.974-05:00 DEBUG 133549 --- [tenant-service] [main] c.s.t.TenantServiceApplication           : Running with Spring Boot v3.5.8, Spring v6.2.14
2025-12-02T20:00:38.975-05:00  INFO 133549 --- [tenant-service] [main] c.s.t.TenantServiceApplication           : No active profile set, falling back to 1 default profile: "default"
2025-12-02T20:00:39.310-05:00  WARN 133549 --- [tenant-service] [main] ConfigServletWebServerApplicationContext : Exception encountered during context initialization - cancelling refresh attempt: org.springframework.beans.factory.support.BeanDefinitionOverrideException: Invalid bean definition with name 'securityFilterChain' defined in class path resource [com/sentinel/tenant_service/config/SecurityConfig.class]: Cannot register bean definition [Root bean: class=null; scope=; abstract=false; lazyInit=null; autowireMode=3; dependencyCheck=0; autowireCandidate=true; primary=false; fallback=false; factoryBeanName=securityConfig; factoryMethodName=securityFilterChain; initMethodNames=null; destroyMethodNames=[(inferred)]; defined in class path resource [com/sentinel/tenant_service/config/SecurityConfig.class]] for bean 'securityFilterChain' since there is already [Root bean: class=null; scope=; abstract=false; lazyInit=null; autowireMode=3; dependencyCheck=0; autowireCandidate=true; primary=false; fallback=false; factoryBeanName=corsConfig; factoryMethodName=securityFilterChain; initMethodNames=null; destroyMethodNames=[(inferred)]; defined in class path resource [com/sentinel/tenant_service/config/CorsConfig.class]] bound.
2025-12-02T20:00:39.316-05:00  INFO 133549 --- [tenant-service] [main] .s.b.a.l.ConditionEvaluationReportLogger : 

Error starting ApplicationContext. To display the condition evaluation report re-run your application with 'debug' enabled.
2025-12-02T20:00:39.328-05:00 ERROR 133549 --- [tenant-service] [main] o.s.b.d.LoggingFailureAnalysisReporter   : 

***************************
APPLICATION FAILED TO START
***************************

Description:

The bean 'securityFilterChain', defined in class path resource [com/sentinel/tenant_service/config/SecurityConfig.class], could not be registered. A bean with that name has already been defined in class path resource [com/sentinel/tenant_service/config/CorsConfig.class] and overriding is disabled.

Action:

Consider renaming one of the beans or enabling overriding by setting spring.main.allow-bean-definition-overriding=true

2025-12-02T20:02:14.420-05:00  INFO 134436 --- [tenant-service] [main] c.s.t.TenantServiceApplication           : Starting TenantServiceApplication using Java 21.0.9 with PID 134436 (/home/samup/Documentos/sentinel/tenant-service/target/classes started by samup in /home/samup/Documentos/sentinel/tenant-service)
2025-12-02T20:02:14.421-05:00 DEBUG 134436 --- [tenant-service] [main] c.s.t.TenantServiceApplication           : Running with Spring Boot v3.5.8, Spring v6.2.14
2025-12-02T20:02:14.421-05:00  INFO 134436 --- [tenant-service] [main] c.s.t.TenantServiceApplication           : No active profile set, falling back to 1 default profile: "default"
2025-12-02T20:02:14.740-05:00  WARN 134436 --- [tenant-service] [main] ConfigServletWebServerApplicationContext : Exception encountered during context initialization - cancelling refresh attempt: org.springframework.beans.factory.support.BeanDefinitionOverrideException: Invalid bean definition with name 'securityFilterChain' defined in class path resource [com/sentinel/tenant_service/config/SecurityConfig.class]: Cannot register bean definition [Root bean: class=null; scope=; abstract=false; lazyInit=null; autowireMode=3; dependencyCheck=0; autowireCandidate=true; primary=false; fallback=false; factoryBeanName=securityConfig; factoryMethodName=securityFilterChain; initMethodNames=null; destroyMethodNames=[(inferred)]; defined in class path resource [com/sentinel/tenant_service/config/SecurityConfig.class]] for bean 'securityFilterChain' since there is already [Root bean: class=null; scope=; abstract=false; lazyInit=null; autowireMode=3; dependencyCheck=0; autowireCandidate=true; primary=false; fallback=false; factoryBeanName=corsConfig; factoryMethodName=securityFilterChain; initMethodNames=null; destroyMethodNames=[(inferred)]; defined in class path resource [com/sentinel/tenant_service/config/CorsConfig.class]] bound.
2025-12-02T20:02:14.746-05:00  INFO 134436 --- [tenant-service] [main] .s.b.a.l.ConditionEvaluationReportLogger : 

Error starting ApplicationContext. To display the condition evaluation report re-run your application with 'debug' enabled.
2025-12-02T20:02:14.756-05:00 ERROR 134436 --- [tenant-service] [main] o.s.b.d.LoggingFailureAnalysisReporter   : 

***************************
APPLICATION FAILED TO START
***************************

Description:

The bean 'securityFilterChain', defined in class path resource [com/sentinel/tenant_service/config/SecurityConfig.class], could not be registered. A bean with that name has already been defined in class path resource [com/sentinel/tenant_service/config/CorsConfig.class] and overriding is disabled.

Action:

Consider renaming one of the beans or enabling overriding by setting spring.main.allow-bean-definition-overriding=true

2025-12-02T20:04:12.810-05:00  INFO 135318 --- [tenant-service] [main] c.s.t.TenantServiceApplication           : Starting TenantServiceApplication using Java 21.0.9 with PID 135318 (/home/samup/Documentos/sentinel/tenant-service/target/classes started by samup in /home/samup/Documentos/sentinel/tenant-service)
2025-12-02T20:04:12.811-05:00 DEBUG 135318 --- [tenant-service] [main] c.s.t.TenantServiceApplication           : Running with Spring Boot v3.5.8, Spring v6.2.14
2025-12-02T20:04:12.812-05:00  INFO 135318 --- [tenant-service] [main] c.s.t.TenantServiceApplication           : No active profile set, falling back to 1 default profile: "default"
2025-12-02T20:04:13.281-05:00  INFO 135318 --- [tenant-service] [main] .s.d.r.c.RepositoryConfigurationDelegate : Bootstrapping Spring Data JPA repositories in DEFAULT mode.
2025-12-02T20:04:13.324-05:00  INFO 135318 --- [tenant-service] [main] .s.d.r.c.RepositoryConfigurationDelegate : Finished Spring Data repository scanning in 37 ms. Found 1 JPA repository interface.
2025-12-02T20:04:13.701-05:00  INFO 135318 --- [tenant-service] [main] o.s.b.w.embedded.tomcat.TomcatWebServer  : Tomcat initialized with port 8082 (http)
2025-12-02T20:04:13.710-05:00  INFO 135318 --- [tenant-service] [main] o.apache.catalina.core.StandardService   : Starting service [Tomcat]
2025-12-02T20:04:13.710-05:00  INFO 135318 --- [tenant-service] [main] o.apache.catalina.core.StandardEngine    : Starting Servlet engine: [Apache Tomcat/10.1.49]
2025-12-02T20:04:13.751-05:00  INFO 135318 --- [tenant-service] [main] o.a.c.c.C.[Tomcat].[localhost].[/]       : Initializing Spring embedded WebApplicationContext
2025-12-02T20:04:13.752-05:00  INFO 135318 --- [tenant-service] [main] w.s.c.ServletWebServerApplicationContext : Root WebApplicationContext: initialization completed in 915 ms
2025-12-02T20:04:13.824-05:00  INFO 135318 --- [tenant-service] [main] com.zaxxer.hikari.HikariDataSource       : HikariPool-1 - Starting...
2025-12-02T20:04:14.037-05:00  INFO 135318 --- [tenant-service] [main] com.zaxxer.hikari.pool.HikariPool        : HikariPool-1 - Added connection org.postgresql.jdbc.PgConnection@2c6c302f
2025-12-02T20:04:14.038-05:00  INFO 135318 --- [tenant-service] [main] com.zaxxer.hikari.HikariDataSource       : HikariPool-1 - Start completed.
2025-12-02T20:04:14.091-05:00  INFO 135318 --- [tenant-service] [main] o.hibernate.jpa.internal.util.LogHelper  : HHH000204: Processing PersistenceUnitInfo [name: default]
2025-12-02T20:04:14.121-05:00  INFO 135318 --- [tenant-service] [main] org.hibernate.Version                    : HHH000412: Hibernate ORM core version 6.6.36.Final
2025-12-02T20:04:14.140-05:00  INFO 135318 --- [tenant-service] [main] o.h.c.internal.RegionFactoryInitiator    : HHH000026: Second-level cache disabled
2025-12-02T20:04:14.292-05:00  INFO 135318 --- [tenant-service] [main] o.s.o.j.p.SpringPersistenceUnitInfo      : No LoadTimeWeaver setup: ignoring JPA class transformer
2025-12-02T20:04:14.328-05:00  WARN 135318 --- [tenant-service] [main] org.hibernate.orm.deprecation            : HHH90000025: PostgreSQLDialect does not need to be specified explicitly using 'hibernate.dialect' (remove the property setting and it will be selected by default)
2025-12-02T20:04:14.340-05:00  INFO 135318 --- [tenant-service] [main] org.hibernate.orm.connections.pooling    : HHH10001005: Database info:
	Database JDBC URL [Connecting through datasource 'HikariDataSource (HikariPool-1)']
	Database driver: undefined/unknown
	Database version: 16.10
	Autocommit mode: undefined/unknown
	Isolation level: undefined/unknown
	Minimum pool size: undefined/unknown
	Maximum pool size: undefined/unknown
2025-12-02T20:04:14.811-05:00  INFO 135318 --- [tenant-service] [main] o.h.e.t.j.p.i.JtaPlatformInitiator       : HHH000489: No JTA platform available (set 'hibernate.transaction.jta.platform' to enable JTA platform integration)
2025-12-02T20:04:14.844-05:00  INFO 135318 --- [tenant-service] [main] j.LocalContainerEntityManagerFactoryBean : Initialized JPA EntityManagerFactory for persistence unit 'default'
2025-12-02T20:04:15.025-05:00  INFO 135318 --- [tenant-service] [main] o.s.d.j.r.query.QueryEnhancerFactory     : Hibernate is in classpath; If applicable, HQL parser will be used.
2025-12-02T20:04:15.395-05:00  WARN 135318 --- [tenant-service] [main] JpaBaseConfiguration$JpaWebConfiguration : spring.jpa.open-in-view is enabled by default. Therefore, database queries may be performed during view rendering. Explicitly configure spring.jpa.open-in-view to disable this warning
2025-12-02T20:04:15.419-05:00  WARN 135318 --- [tenant-service] [main] .s.s.UserDetailsServiceAutoConfiguration : 

Using generated security password: d1bb63ab-3292-48ff-b57d-6a84dbd2a395

This generated password is for development use only. Your security configuration must be updated before running your application in production.

2025-12-02T20:04:15.424-05:00  INFO 135318 --- [tenant-service] [main] r$InitializeUserDetailsManagerConfigurer : Global AuthenticationManager configured with UserDetailsService bean with name inMemoryUserDetailsManager
2025-12-02T20:04:15.734-05:00 DEBUG 135318 --- [tenant-service] [main] .a.r.l.a.MessagingMessageListenerAdapter : Inferred argument type for public void com.sentinel.tenant_service.events.listeners.UserRegisteredListener.handleUserRegistered(java.util.Map) is java.util.Map<java.lang.String, java.lang.Object>
2025-12-02T20:04:15.739-05:00 DEBUG 135318 --- [tenant-service] [main] o.s.a.r.l.SimpleMessageListenerContainer : No global properties bean
2025-12-02T20:04:15.752-05:00  INFO 135318 --- [tenant-service] [main] o.s.b.w.embedded.tomcat.TomcatWebServer  : Tomcat started on port 8082 (http) with context path '/'
2025-12-02T20:04:15.753-05:00 DEBUG 135318 --- [tenant-service] [main] o.s.a.r.l.SimpleMessageListenerContainer : Starting Rabbit listener container.
2025-12-02T20:04:15.756-05:00  INFO 135318 --- [tenant-service] [main] o.s.a.r.c.CachingConnectionFactory       : Attempting to connect to: [localhost:5672]
2025-12-02T20:04:15.782-05:00  INFO 135318 --- [tenant-service] [main] o.s.a.r.c.CachingConnectionFactory       : Created new connection: rabbitConnectionFactory#4e92c6c2:0/SimpleConnection@35e55afa [delegate=amqp://guest@127.0.0.1:5672/, localPort=37384]
2025-12-02T20:04:15.784-05:00 DEBUG 135318 --- [tenant-service] [main] o.s.amqp.rabbit.core.RabbitAdmin         : Initializing declarations
2025-12-02T20:04:15.793-05:00 DEBUG 135318 --- [tenant-service] [main] o.s.a.r.c.CachingConnectionFactory       : Creating cached Rabbit Channel from AMQChannel(amqp://guest@127.0.0.1:5672/,1)
2025-12-02T20:04:15.801-05:00 DEBUG 135318 --- [tenant-service] [main] o.s.amqp.rabbit.core.RabbitTemplate      : Executing callback RabbitAdmin$$Lambda/0x00007a221cb548f8 on RabbitMQ Channel: Cached Rabbit Channel: AMQChannel(amqp://guest@127.0.0.1:5672/,1), conn: Proxy@179806f3 Shared Rabbit Connection: SimpleConnection@35e55afa [delegate=amqp://guest@127.0.0.1:5672/, localPort=37384]
2025-12-02T20:04:15.802-05:00 DEBUG 135318 --- [tenant-service] [main] o.s.amqp.rabbit.core.RabbitAdmin         : declaring Exchange 'tenant-exchange'
2025-12-02T20:04:15.804-05:00 DEBUG 135318 --- [tenant-service] [main] o.s.amqp.rabbit.core.RabbitAdmin         : declaring Exchange 'auth-exchange'
2025-12-02T20:04:15.805-05:00 DEBUG 135318 --- [tenant-service] [main] o.s.amqp.rabbit.core.RabbitAdmin         : declaring Queue 'tenant.created.queue'
2025-12-02T20:04:15.808-05:00 DEBUG 135318 --- [tenant-service] [main] o.s.amqp.rabbit.core.RabbitAdmin         : declaring Queue 'tenant.upgraded.queue'
2025-12-02T20:04:15.808-05:00 DEBUG 135318 --- [tenant-service] [main] o.s.amqp.rabbit.core.RabbitAdmin         : declaring Queue 'auth.user.registered.queue'
2025-12-02T20:04:15.809-05:00 DEBUG 135318 --- [tenant-service] [main] o.s.amqp.rabbit.core.RabbitAdmin         : Binding destination [tenant.created.queue (QUEUE)] to exchange [tenant-exchange] with routing key [tenant.created]
2025-12-02T20:04:15.813-05:00 DEBUG 135318 --- [tenant-service] [main] o.s.amqp.rabbit.core.RabbitAdmin         : Binding destination [tenant.upgraded.queue (QUEUE)] to exchange [tenant-exchange] with routing key [tenant.plan.upgraded]
2025-12-02T20:04:15.814-05:00 DEBUG 135318 --- [tenant-service] [main] o.s.amqp.rabbit.core.RabbitAdmin         : Binding destination [auth.user.registered.queue (QUEUE)] to exchange [auth-exchange] with routing key [auth.user.registered]
2025-12-02T20:04:15.816-05:00 DEBUG 135318 --- [tenant-service] [main] o.s.amqp.rabbit.core.RabbitAdmin         : Declarations finished
2025-12-02T20:04:15.821-05:00 DEBUG 135318 --- [tenant-service] [org.springframework.amqp.rabbit.RabbitListenerEndpointContainer#0-1] o.s.amqp.rabbit.core.RabbitTemplate      : Executing callback RabbitAdmin$$Lambda/0x00007a221cb5ad88 on RabbitMQ Channel: Cached Rabbit Channel: AMQChannel(amqp://guest@127.0.0.1:5672/,1), conn: Proxy@179806f3 Shared Rabbit Connection: SimpleConnection@35e55afa [delegate=amqp://guest@127.0.0.1:5672/, localPort=37384]
2025-12-02T20:04:15.823-05:00 DEBUG 135318 --- [tenant-service] [org.springframework.amqp.rabbit.RabbitListenerEndpointContainer#0-1] o.s.a.r.listener.BlockingQueueConsumer   : Starting consumer Consumer@57a815a: tags=[[]], channel=null, acknowledgeMode=AUTO local queue size=0
2025-12-02T20:04:15.831-05:00 DEBUG 135318 --- [tenant-service] [pool-2-thread-3] o.s.a.r.listener.BlockingQueueConsumer   : ConsumeOK: Consumer@57a815a: tags=[[amq.ctag-oiWdBo_IBygkRdKMUgIV_A]], channel=Cached Rabbit Channel: AMQChannel(amqp://guest@127.0.0.1:5672/,1), conn: Proxy@179806f3 Shared Rabbit Connection: SimpleConnection@35e55afa [delegate=amqp://guest@127.0.0.1:5672/, localPort=37384], acknowledgeMode=AUTO local queue size=0
2025-12-02T20:04:15.831-05:00 DEBUG 135318 --- [tenant-service] [org.springframework.amqp.rabbit.RabbitListenerEndpointContainer#0-1] o.s.a.r.listener.BlockingQueueConsumer   : Started on queue 'auth.user.registered.queue' with tag amq.ctag-oiWdBo_IBygkRdKMUgIV_A: Consumer@57a815a: tags=[[]], channel=Cached Rabbit Channel: AMQChannel(amqp://guest@127.0.0.1:5672/,1), conn: Proxy@179806f3 Shared Rabbit Connection: SimpleConnection@35e55afa [delegate=amqp://guest@127.0.0.1:5672/, localPort=37384], acknowledgeMode=AUTO local queue size=0
2025-12-02T20:04:15.839-05:00  INFO 135318 --- [tenant-service] [main] c.s.t.TenantServiceApplication           : Started TenantServiceApplication in 3.325 seconds (process running for 3.523)
2025-12-02T20:04:28.646-05:00  INFO 135318 --- [tenant-service] [http-nio-8082-exec-2] o.a.c.c.C.[Tomcat].[localhost].[/]       : Initializing Spring DispatcherServlet 'dispatcherServlet'
2025-12-02T20:04:28.646-05:00  INFO 135318 --- [tenant-service] [http-nio-8082-exec-2] o.s.web.servlet.DispatcherServlet        : Initializing Servlet 'dispatcherServlet'
2025-12-02T20:04:28.647-05:00  INFO 135318 --- [tenant-service] [http-nio-8082-exec-2] o.s.web.servlet.DispatcherServlet        : Completed initialization in 1 ms
2025-12-02T20:20:12.794-05:00 DEBUG 135318 --- [tenant-service] [pool-2-thread-4] o.s.a.r.listener.BlockingQueueConsumer   : Storing delivery for consumerTag: 'amq.ctag-oiWdBo_IBygkRdKMUgIV_A' with deliveryTag: '1' in Consumer@57a815a: tags=[[amq.ctag-oiWdBo_IBygkRdKMUgIV_A]], channel=Cached Rabbit Channel: AMQChannel(amqp://guest@127.0.0.1:5672/,1), conn: Proxy@179806f3 Shared Rabbit Connection: SimpleConnection@35e55afa [delegate=amqp://guest@127.0.0.1:5672/, localPort=37384], acknowledgeMode=AUTO local queue size=0
2025-12-02T20:20:12.809-05:00 DEBUG 135318 --- [tenant-service] [org.springframework.amqp.rabbit.RabbitListenerEndpointContainer#0-1] o.s.a.r.listener.BlockingQueueConsumer   : Received message: (Body:'[B@543f2dc8(byte[175])' MessageProperties [headers={__ContentTypeId__=java.lang.Object, __KeyTypeId__=java.lang.Object, __TypeId__=java.util.HashMap}, contentType=application/json, contentEncoding=UTF-8, contentLength=0, receivedDeliveryMode=PERSISTENT, priority=0, redelivered=false, receivedExchange=auth-exchange, receivedRoutingKey=auth.user.registered, deliveryTag=1, consumerTag=amq.ctag-oiWdBo_IBygkRdKMUgIV_A, consumerQueue=auth.user.registered.queue])
2025-12-02T20:20:12.835-05:00 DEBUG 135318 --- [tenant-service] [org.springframework.amqp.rabbit.RabbitListenerEndpointContainer#0-1] .a.r.l.a.MessagingMessageListenerAdapter : Processing [GenericMessage [payload={globalRole=USER, eventType=auth.user.registered, userId=728e9adc-6621-417b-b692-4975936f865e, email=test3@correo.com, timestamp=2025-12-02T20:20:12.644393472}, headers={amqp_receivedDeliveryMode=PERSISTENT, amqp_receivedExchange=auth-exchange, amqp_deliveryTag=1, amqp_consumerQueue=auth.user.registered.queue, amqp_redelivered=false, __ContentTypeId__=java.lang.Object, amqp_receivedRoutingKey=auth.user.registered, amqp_contentEncoding=UTF-8, __KeyTypeId__=java.lang.Object, amqp_retryCount=0, id=584fc197-0957-c45a-b84b-5f7feb6e5d1e, amqp_consumerTag=amq.ctag-oiWdBo_IBygkRdKMUgIV_A, amqp_lastInBatch=false, contentType=application/json, __TypeId__=java.util.HashMap, timestamp=1764724812834}]]
2025-12-02T20:20:12.837-05:00  INFO 135318 --- [tenant-service] [org.springframework.amqp.rabbit.RabbitListenerEndpointContainer#0-1] c.s.t.e.l.UserRegisteredListener         : Received auth.user.registered event: {globalRole=USER, eventType=auth.user.registered, userId=728e9adc-6621-417b-b692-4975936f865e, email=test3@correo.com, timestamp=2025-12-02T20:20:12.644393472}
2025-12-02T20:20:12.838-05:00  INFO 135318 --- [tenant-service] [org.springframework.amqp.rabbit.RabbitListenerEndpointContainer#0-1] c.s.t.e.l.UserRegisteredListener         : Creating tenant for new user: test3@correo.com (728e9adc-6621-417b-b692-4975936f865e)
2025-12-02T20:20:12.846-05:00  INFO 135318 --- [tenant-service] [org.springframework.amqp.rabbit.RabbitListenerEndpointContainer#0-1] c.s.t.service.impl.TenantServiceImpl     : Auto-creating tenant for new user: 728e9adc-6621-417b-b692-4975936f865e
2025-12-02T20:20:12.909-05:00 DEBUG 135318 --- [tenant-service] [org.springframework.amqp.rabbit.RabbitListenerEndpointContainer#0-1] org.hibernate.SQL                        : 
    select
        te1_0.id 
    from
        tenants te1_0 
    where
        te1_0.slug=? 
    fetch
        first ? rows only
2025-12-02T20:20:12.933-05:00  INFO 135318 --- [tenant-service] [org.springframework.amqp.rabbit.RabbitListenerEndpointContainer#0-1] c.s.t.service.impl.TenantServiceImpl     : Auto-tenant created with ID: 88daf2d1-1edf-4a52-83de-e380835cf6a5 for user: 728e9adc-6621-417b-b692-4975936f865e
2025-12-02T20:20:12.933-05:00  INFO 135318 --- [tenant-service] [org.springframework.amqp.rabbit.RabbitListenerEndpointContainer#0-1] c.s.t.events.TenantEventPublisher        : Publishing tenant.created event for tenant: 88daf2d1-1edf-4a52-83de-e380835cf6a5
2025-12-02T20:20:12.935-05:00 DEBUG 135318 --- [tenant-service] [org.springframework.amqp.rabbit.RabbitListenerEndpointContainer#0-1] o.s.a.r.c.CachingConnectionFactory       : Creating cached Rabbit Channel from AMQChannel(amqp://guest@127.0.0.1:5672/,2)
2025-12-02T20:20:12.936-05:00 DEBUG 135318 --- [tenant-service] [org.springframework.amqp.rabbit.RabbitListenerEndpointContainer#0-1] o.s.amqp.rabbit.core.RabbitTemplate      : Executing callback RabbitTemplate$$Lambda/0x00007a221cc09ab0 on RabbitMQ Channel: Cached Rabbit Channel: AMQChannel(amqp://guest@127.0.0.1:5672/,2), conn: Proxy@179806f3 Shared Rabbit Connection: SimpleConnection@35e55afa [delegate=amqp://guest@127.0.0.1:5672/, localPort=37384]
2025-12-02T20:20:12.936-05:00 DEBUG 135318 --- [tenant-service] [org.springframework.amqp.rabbit.RabbitListenerEndpointContainer#0-1] o.s.amqp.rabbit.core.RabbitTemplate      : Publishing message [(Body:'[B@3af15efc(byte[434])' MessageProperties [headers={__ContentTypeId__=java.lang.Object, __KeyTypeId__=java.lang.Object, __TypeId__=java.util.HashMap}, contentType=application/json, contentEncoding=UTF-8, contentLength=434, deliveryMode=PERSISTENT, priority=0, deliveryTag=0])] on exchange [tenant-exchange], routingKey = [tenant.created]
2025-12-02T20:20:12.940-05:00 DEBUG 135318 --- [tenant-service] [org.springframework.amqp.rabbit.RabbitListenerEndpointContainer#0-1] c.s.t.events.TenantEventPublisher        : Event published: {eventId=db2667d9-64ed-4c16-a836-bd610ba23900, metadata={correlationId=205014b0-80e9-4426-8d9a-8836e4e0d0cd, source=tenant-service}, data={tenantId=88daf2d1-1edf-4a52-83de-e380835cf6a5, name=test3's Workspace, type=PERSONAL, userId=728e9adc-6621-417b-b692-4975936f865e, plan=FREE, slug=test3s-workspace-728e9adc}, eventType=tenant.created, version=1.0, timestamp=2025-12-02T20:20:12.933674565}
2025-12-02T20:20:12.951-05:00 DEBUG 135318 --- [tenant-service] [org.springframework.amqp.rabbit.RabbitListenerEndpointContainer#0-1] org.hibernate.SQL                        : 
    insert 
    into
        tenants
        (blockchain_enabled, business_name, created_at, current_domains, current_projects, current_repos, current_users, max_domains, max_projects, max_repos, max_users, name, next_billing_date, nit, owner_email, owner_id, plan, slug, status, subscription_id, type, updated_at, id) 
    values
        (?, ?, ?, ?, ?, ?, ?, ?, ?, ?, ?, ?, ?, ?, ?, ?, ?, ?, ?, ?, ?, ?, ?)
2025-12-02T20:20:12.957-05:00  INFO 135318 --- [tenant-service] [org.springframework.amqp.rabbit.RabbitListenerEndpointContainer#0-1] c.s.t.e.l.UserRegisteredListener         : Tenant created successfully for user: 728e9adc-6621-417b-b692-4975936f865e
2025-12-02T20:50:02.961-05:00 DEBUG 135318 --- [tenant-service] [pool-2-thread-5] o.s.a.r.listener.BlockingQueueConsumer   : Storing delivery for consumerTag: 'amq.ctag-oiWdBo_IBygkRdKMUgIV_A' with deliveryTag: '2' in Consumer@57a815a: tags=[[amq.ctag-oiWdBo_IBygkRdKMUgIV_A]], channel=Cached Rabbit Channel: AMQChannel(amqp://guest@127.0.0.1:5672/,1), conn: Proxy@179806f3 Shared Rabbit Connection: SimpleConnection@35e55afa [delegate=amqp://guest@127.0.0.1:5672/, localPort=37384], acknowledgeMode=AUTO local queue size=0
2025-12-02T20:50:02.961-05:00 DEBUG 135318 --- [tenant-service] [org.springframework.amqp.rabbit.RabbitListenerEndpointContainer#0-1] o.s.a.r.listener.BlockingQueueConsumer   : Received message: (Body:'[B@2d9a3707(byte[175])' MessageProperties [headers={__ContentTypeId__=java.lang.Object, __KeyTypeId__=java.lang.Object, __TypeId__=java.util.HashMap}, contentType=application/json, contentEncoding=UTF-8, contentLength=0, receivedDeliveryMode=PERSISTENT, priority=0, redelivered=false, receivedExchange=auth-exchange, receivedRoutingKey=auth.user.registered, deliveryTag=2, consumerTag=amq.ctag-oiWdBo_IBygkRdKMUgIV_A, consumerQueue=auth.user.registered.queue])
2025-12-02T20:50:02.962-05:00 DEBUG 135318 --- [tenant-service] [org.springframework.amqp.rabbit.RabbitListenerEndpointContainer#0-1] .a.r.l.a.MessagingMessageListenerAdapter : Processing [GenericMessage [payload={globalRole=USER, eventType=auth.user.registered, userId=02c37b3b-9661-4186-8373-0f25224d4856, email=test5@correo.com, timestamp=2025-12-02T20:50:02.888249394}, headers={amqp_receivedDeliveryMode=PERSISTENT, amqp_receivedExchange=auth-exchange, amqp_deliveryTag=2, amqp_consumerQueue=auth.user.registered.queue, amqp_redelivered=false, __ContentTypeId__=java.lang.Object, amqp_receivedRoutingKey=auth.user.registered, amqp_contentEncoding=UTF-8, __KeyTypeId__=java.lang.Object, amqp_retryCount=0, id=8a3f98b7-fa2f-de3f-8ecf-a2be18cc8219, amqp_consumerTag=amq.ctag-oiWdBo_IBygkRdKMUgIV_A, amqp_lastInBatch=false, contentType=application/json, __TypeId__=java.util.HashMap, timestamp=1764726602961}]]
2025-12-02T20:50:02.962-05:00  INFO 135318 --- [tenant-service] [org.springframework.amqp.rabbit.RabbitListenerEndpointContainer#0-1] c.s.t.e.l.UserRegisteredListener         : Received auth.user.registered event: {globalRole=USER, eventType=auth.user.registered, userId=02c37b3b-9661-4186-8373-0f25224d4856, email=test5@correo.com, timestamp=2025-12-02T20:50:02.888249394}
2025-12-02T20:50:02.962-05:00  INFO 135318 --- [tenant-service] [org.springframework.amqp.rabbit.RabbitListenerEndpointContainer#0-1] c.s.t.e.l.UserRegisteredListener         : Creating tenant for new user: test5@correo.com (02c37b3b-9661-4186-8373-0f25224d4856)
2025-12-02T20:50:02.963-05:00  INFO 135318 --- [tenant-service] [org.springframework.amqp.rabbit.RabbitListenerEndpointContainer#0-1] c.s.t.service.impl.TenantServiceImpl     : Auto-creating tenant for new user: 02c37b3b-9661-4186-8373-0f25224d4856
2025-12-02T20:50:02.964-05:00 DEBUG 135318 --- [tenant-service] [org.springframework.amqp.rabbit.RabbitListenerEndpointContainer#0-1] org.hibernate.SQL                        : 
    select
        te1_0.id 
    from
        tenants te1_0 
    where
        te1_0.slug=? 
    fetch
        first ? rows only
2025-12-02T20:50:02.966-05:00  INFO 135318 --- [tenant-service] [org.springframework.amqp.rabbit.RabbitListenerEndpointContainer#0-1] c.s.t.service.impl.TenantServiceImpl     : Auto-tenant created with ID: 18e5886e-9907-44e9-9964-e7db3a09538f for user: 02c37b3b-9661-4186-8373-0f25224d4856
2025-12-02T20:50:02.966-05:00  INFO 135318 --- [tenant-service] [org.springframework.amqp.rabbit.RabbitListenerEndpointContainer#0-1] c.s.t.events.TenantEventPublisher        : Publishing tenant.created event for tenant: 18e5886e-9907-44e9-9964-e7db3a09538f
2025-12-02T20:50:02.967-05:00 DEBUG 135318 --- [tenant-service] [org.springframework.amqp.rabbit.RabbitListenerEndpointContainer#0-1] o.s.amqp.rabbit.core.RabbitTemplate      : Executing callback RabbitTemplate$$Lambda/0x00007a221cc09ab0 on RabbitMQ Channel: Cached Rabbit Channel: AMQChannel(amqp://guest@127.0.0.1:5672/,2), conn: Proxy@179806f3 Shared Rabbit Connection: SimpleConnection@35e55afa [delegate=amqp://guest@127.0.0.1:5672/, localPort=37384]
2025-12-02T20:50:02.967-05:00 DEBUG 135318 --- [tenant-service] [org.springframework.amqp.rabbit.RabbitListenerEndpointContainer#0-1] o.s.amqp.rabbit.core.RabbitTemplate      : Publishing message [(Body:'[B@60775f74(byte[434])' MessageProperties [headers={__ContentTypeId__=java.lang.Object, __KeyTypeId__=java.lang.Object, __TypeId__=java.util.HashMap}, contentType=application/json, contentEncoding=UTF-8, contentLength=434, deliveryMode=PERSISTENT, priority=0, deliveryTag=0])] on exchange [tenant-exchange], routingKey = [tenant.created]
2025-12-02T20:50:02.967-05:00 DEBUG 135318 --- [tenant-service] [org.springframework.amqp.rabbit.RabbitListenerEndpointContainer#0-1] c.s.t.events.TenantEventPublisher        : Event published: {eventId=1748b28e-5cc6-47a7-987d-85213c56bb56, metadata={correlationId=8f16eb6a-69f5-4052-8248-fcb200578acb, source=tenant-service}, data={tenantId=18e5886e-9907-44e9-9964-e7db3a09538f, name=test5's Workspace, type=PERSONAL, userId=02c37b3b-9661-4186-8373-0f25224d4856, plan=FREE, slug=test5s-workspace-02c37b3b}, eventType=tenant.created, version=1.0, timestamp=2025-12-02T20:50:02.966979162}
2025-12-02T20:50:02.968-05:00 DEBUG 135318 --- [tenant-service] [org.springframework.amqp.rabbit.RabbitListenerEndpointContainer#0-1] org.hibernate.SQL                        : 
    insert 
    into
        tenants
        (blockchain_enabled, business_name, created_at, current_domains, current_projects, current_repos, current_users, max_domains, max_projects, max_repos, max_users, name, next_billing_date, nit, owner_email, owner_id, plan, slug, status, subscription_id, type, updated_at, id) 
    values
        (?, ?, ?, ?, ?, ?, ?, ?, ?, ?, ?, ?, ?, ?, ?, ?, ?, ?, ?, ?, ?, ?, ?)
2025-12-02T20:50:02.972-05:00  INFO 135318 --- [tenant-service] [org.springframework.amqp.rabbit.RabbitListenerEndpointContainer#0-1] c.s.t.e.l.UserRegisteredListener         : Tenant created successfully for user: 02c37b3b-9661-4186-8373-0f25224d4856
2025-12-02T21:05:06.103-05:00 DEBUG 135318 --- [tenant-service] [SpringApplicationShutdownHook] o.s.a.r.l.SimpleMessageListenerContainer : Shutting down Rabbit listener container
2025-12-02T21:05:06.106-05:00 DEBUG 135318 --- [tenant-service] [pool-2-thread-6] o.s.a.r.listener.BlockingQueueConsumer   : Received cancelOk for tag amq.ctag-oiWdBo_IBygkRdKMUgIV_A (auth.user.registered.queue); Consumer@57a815a: tags=[[amq.ctag-oiWdBo_IBygkRdKMUgIV_A]], channel=Cached Rabbit Channel: AMQChannel(amqp://guest@127.0.0.1:5672/,1), conn: Proxy@179806f3 Shared Rabbit Connection: SimpleConnection@35e55afa [delegate=amqp://guest@127.0.0.1:5672/, localPort=37384], acknowledgeMode=AUTO local queue size=0
2025-12-02T21:05:06.106-05:00  INFO 135318 --- [tenant-service] [org.springframework.amqp.rabbit.RabbitListenerEndpointContainer#0-2] o.s.a.r.l.SimpleMessageListenerContainer : Waiting for workers to finish.
2025-12-02T21:05:07.082-05:00  INFO 135318 --- [tenant-service] [org.springframework.amqp.rabbit.RabbitListenerEndpointContainer#0-2] o.s.a.r.l.SimpleMessageListenerContainer : Successfully waited for workers to finish.
2025-12-02T21:05:07.082-05:00 DEBUG 135318 --- [tenant-service] [org.springframework.amqp.rabbit.RabbitListenerEndpointContainer#0-1] o.s.a.r.l.SimpleMessageListenerContainer : Cancelling Consumer@57a815a: tags=[[amq.ctag-oiWdBo_IBygkRdKMUgIV_A]], channel=Cached Rabbit Channel: AMQChannel(amqp://guest@127.0.0.1:5672/,1), conn: Proxy@179806f3 Shared Rabbit Connection: SimpleConnection@35e55afa [delegate=amqp://guest@127.0.0.1:5672/, localPort=37384], acknowledgeMode=AUTO local queue size=0
2025-12-02T21:05:07.082-05:00 DEBUG 135318 --- [tenant-service] [org.springframework.amqp.rabbit.RabbitListenerEndpointContainer#0-1] o.s.a.r.listener.BlockingQueueConsumer   : Closing Rabbit Channel: Cached Rabbit Channel: AMQChannel(amqp://guest@127.0.0.1:5672/,1), conn: Proxy@179806f3 Shared Rabbit Connection: SimpleConnection@35e55afa [delegate=amqp://guest@127.0.0.1:5672/, localPort=37384]
2025-12-02T21:05:07.083-05:00 DEBUG 135318 --- [tenant-service] [org.springframework.amqp.rabbit.RabbitListenerEndpointContainer#0-1] o.s.a.r.c.CachingConnectionFactory       : Closing cached Channel: AMQChannel(amqp://guest@127.0.0.1:5672/,1)
2025-12-02T21:05:07.083-05:00  INFO 135318 --- [tenant-service] [SpringApplicationShutdownHook] o.s.b.w.e.tomcat.GracefulShutdown        : Commencing graceful shutdown. Waiting for active requests to complete
2025-12-02T21:05:07.085-05:00  INFO 135318 --- [tenant-service] [tomcat-shutdown] o.s.b.w.e.tomcat.GracefulShutdown        : Graceful shutdown complete
2025-12-02T21:05:07.087-05:00 DEBUG 135318 --- [tenant-service] [SpringApplicationShutdownHook] o.s.a.r.c.CachingConnectionFactory       : Closing cached Channel: AMQChannel(amqp://guest@127.0.0.1:5672/,2)
2025-12-02T21:05:07.092-05:00 DEBUG 135318 --- [tenant-service] [SpringApplicationShutdownHook] o.s.a.r.l.SimpleMessageListenerContainer : Shutdown ignored - container is not active already
2025-12-02T21:05:07.096-05:00  INFO 135318 --- [tenant-service] [SpringApplicationShutdownHook] j.LocalContainerEntityManagerFactoryBean : Closing JPA EntityManagerFactory for persistence unit 'default'
2025-12-02T21:05:07.099-05:00  INFO 135318 --- [tenant-service] [SpringApplicationShutdownHook] com.zaxxer.hikari.HikariDataSource       : HikariPool-1 - Shutdown initiated...
2025-12-02T21:05:07.110-05:00  INFO 135318 --- [tenant-service] [SpringApplicationShutdownHook] com.zaxxer.hikari.HikariDataSource       : HikariPool-1 - Shutdown completed.
2025-12-02T21:05:16.764-05:00  INFO 157849 --- [tenant-service] [main] c.s.t.TenantServiceApplication           : Starting TenantServiceApplication using Java 21.0.9 with PID 157849 (/home/samup/Documentos/sentinel/tenant-service/target/classes started by samup in /home/samup/Documentos/sentinel/tenant-service)
2025-12-02T21:05:16.765-05:00 DEBUG 157849 --- [tenant-service] [main] c.s.t.TenantServiceApplication           : Running with Spring Boot v3.5.8, Spring v6.2.14
2025-12-02T21:05:16.766-05:00  INFO 157849 --- [tenant-service] [main] c.s.t.TenantServiceApplication           : No active profile set, falling back to 1 default profile: "default"
2025-12-02T21:05:17.278-05:00  INFO 157849 --- [tenant-service] [main] .s.d.r.c.RepositoryConfigurationDelegate : Bootstrapping Spring Data JPA repositories in DEFAULT mode.
2025-12-02T21:05:17.327-05:00  INFO 157849 --- [tenant-service] [main] .s.d.r.c.RepositoryConfigurationDelegate : Finished Spring Data repository scanning in 43 ms. Found 1 JPA repository interface.
2025-12-02T21:05:17.691-05:00  INFO 157849 --- [tenant-service] [main] o.s.b.w.embedded.tomcat.TomcatWebServer  : Tomcat initialized with port 8082 (http)
2025-12-02T21:05:17.701-05:00  INFO 157849 --- [tenant-service] [main] o.apache.catalina.core.StandardService   : Starting service [Tomcat]
2025-12-02T21:05:17.701-05:00  INFO 157849 --- [tenant-service] [main] o.apache.catalina.core.StandardEngine    : Starting Servlet engine: [Apache Tomcat/10.1.49]
2025-12-02T21:05:17.731-05:00  INFO 157849 --- [tenant-service] [main] o.a.c.c.C.[Tomcat].[localhost].[/]       : Initializing Spring embedded WebApplicationContext
2025-12-02T21:05:17.731-05:00  INFO 157849 --- [tenant-service] [main] w.s.c.ServletWebServerApplicationContext : Root WebApplicationContext: initialization completed in 939 ms
2025-12-02T21:05:17.816-05:00  INFO 157849 --- [tenant-service] [main] com.zaxxer.hikari.HikariDataSource       : HikariPool-1 - Starting...
2025-12-02T21:05:18.029-05:00  INFO 157849 --- [tenant-service] [main] com.zaxxer.hikari.pool.HikariPool        : HikariPool-1 - Added connection org.postgresql.jdbc.PgConnection@299b9851
2025-12-02T21:05:18.030-05:00  INFO 157849 --- [tenant-service] [main] com.zaxxer.hikari.HikariDataSource       : HikariPool-1 - Start completed.
2025-12-02T21:05:18.092-05:00  INFO 157849 --- [tenant-service] [main] o.hibernate.jpa.internal.util.LogHelper  : HHH000204: Processing PersistenceUnitInfo [name: default]
2025-12-02T21:05:18.121-05:00  INFO 157849 --- [tenant-service] [main] org.hibernate.Version                    : HHH000412: Hibernate ORM core version 6.6.36.Final
2025-12-02T21:05:18.149-05:00  INFO 157849 --- [tenant-service] [main] o.h.c.internal.RegionFactoryInitiator    : HHH000026: Second-level cache disabled
2025-12-02T21:05:18.302-05:00  INFO 157849 --- [tenant-service] [main] o.s.o.j.p.SpringPersistenceUnitInfo      : No LoadTimeWeaver setup: ignoring JPA class transformer
2025-12-02T21:05:18.338-05:00  WARN 157849 --- [tenant-service] [main] org.hibernate.orm.deprecation            : HHH90000025: PostgreSQLDialect does not need to be specified explicitly using 'hibernate.dialect' (remove the property setting and it will be selected by default)
2025-12-02T21:05:18.349-05:00  INFO 157849 --- [tenant-service] [main] org.hibernate.orm.connections.pooling    : HHH10001005: Database info:
	Database JDBC URL [Connecting through datasource 'HikariDataSource (HikariPool-1)']
	Database driver: undefined/unknown
	Database version: 16.10
	Autocommit mode: undefined/unknown
	Isolation level: undefined/unknown
	Minimum pool size: undefined/unknown
	Maximum pool size: undefined/unknown
2025-12-02T21:05:18.793-05:00  INFO 157849 --- [tenant-service] [main] o.h.e.t.j.p.i.JtaPlatformInitiator       : HHH000489: No JTA platform available (set 'hibernate.transaction.jta.platform' to enable JTA platform integration)
2025-12-02T21:05:18.826-05:00  INFO 157849 --- [tenant-service] [main] j.LocalContainerEntityManagerFactoryBean : Initialized JPA EntityManagerFactory for persistence unit 'default'
2025-12-02T21:05:19.023-05:00  INFO 157849 --- [tenant-service] [main] o.s.d.j.r.query.QueryEnhancerFactory     : Hibernate is in classpath; If applicable, HQL parser will be used.
2025-12-02T21:05:19.386-05:00  WARN 157849 --- [tenant-service] [main] JpaBaseConfiguration$JpaWebConfiguration : spring.jpa.open-in-view is enabled by default. Therefore, database queries may be performed during view rendering. Explicitly configure spring.jpa.open-in-view to disable this warning
2025-12-02T21:05:19.413-05:00  WARN 157849 --- [tenant-service] [main] .s.s.UserDetailsServiceAutoConfiguration : 

Using generated security password: 97a92f80-a0d0-4a1d-b4ea-b2c2d753ddf9

This generated password is for development use only. Your security configuration must be updated before running your application in production.

2025-12-02T21:05:19.418-05:00  INFO 157849 --- [tenant-service] [main] r$InitializeUserDetailsManagerConfigurer : Global AuthenticationManager configured with UserDetailsService bean with name inMemoryUserDetailsManager
2025-12-02T21:05:19.757-05:00 DEBUG 157849 --- [tenant-service] [main] .a.r.l.a.MessagingMessageListenerAdapter : Inferred argument type for public void com.sentinel.tenant_service.events.listeners.UserRegisteredListener.handleUserRegistered(java.util.Map) is java.util.Map<java.lang.String, java.lang.Object>
2025-12-02T21:05:19.763-05:00 DEBUG 157849 --- [tenant-service] [main] o.s.a.r.l.SimpleMessageListenerContainer : No global properties bean
2025-12-02T21:05:19.781-05:00  INFO 157849 --- [tenant-service] [main] o.s.b.w.embedded.tomcat.TomcatWebServer  : Tomcat started on port 8082 (http) with context path '/'
2025-12-02T21:05:19.783-05:00 DEBUG 157849 --- [tenant-service] [main] o.s.a.r.l.SimpleMessageListenerContainer : Starting Rabbit listener container.
2025-12-02T21:05:19.785-05:00  INFO 157849 --- [tenant-service] [main] o.s.a.r.c.CachingConnectionFactory       : Attempting to connect to: [localhost:5672]
2025-12-02T21:05:19.810-05:00  INFO 157849 --- [tenant-service] [main] o.s.a.r.c.CachingConnectionFactory       : Created new connection: rabbitConnectionFactory#4ab8c3c0:0/SimpleConnection@329cdafa [delegate=amqp://guest@127.0.0.1:5672/, localPort=33874]
2025-12-02T21:05:19.813-05:00 DEBUG 157849 --- [tenant-service] [main] o.s.amqp.rabbit.core.RabbitAdmin         : Initializing declarations
2025-12-02T21:05:19.821-05:00 DEBUG 157849 --- [tenant-service] [main] o.s.a.r.c.CachingConnectionFactory       : Creating cached Rabbit Channel from AMQChannel(amqp://guest@127.0.0.1:5672/,1)
2025-12-02T21:05:19.827-05:00 DEBUG 157849 --- [tenant-service] [main] o.s.amqp.rabbit.core.RabbitTemplate      : Executing callback RabbitAdmin$$Lambda/0x0000737f88b50928 on RabbitMQ Channel: Cached Rabbit Channel: AMQChannel(amqp://guest@127.0.0.1:5672/,1), conn: Proxy@72cbe3b6 Shared Rabbit Connection: SimpleConnection@329cdafa [delegate=amqp://guest@127.0.0.1:5672/, localPort=33874]
2025-12-02T21:05:19.827-05:00 DEBUG 157849 --- [tenant-service] [main] o.s.amqp.rabbit.core.RabbitAdmin         : declaring Exchange 'tenant-exchange'
2025-12-02T21:05:19.829-05:00 DEBUG 157849 --- [tenant-service] [main] o.s.amqp.rabbit.core.RabbitAdmin         : declaring Exchange 'auth-exchange'
2025-12-02T21:05:19.830-05:00 DEBUG 157849 --- [tenant-service] [main] o.s.amqp.rabbit.core.RabbitAdmin         : declaring Queue 'tenant.created.queue'
2025-12-02T21:05:19.833-05:00 DEBUG 157849 --- [tenant-service] [main] o.s.amqp.rabbit.core.RabbitAdmin         : declaring Queue 'tenant.upgraded.queue'
2025-12-02T21:05:19.834-05:00 DEBUG 157849 --- [tenant-service] [main] o.s.amqp.rabbit.core.RabbitAdmin         : declaring Queue 'auth.user.registered.queue'
2025-12-02T21:05:19.835-05:00 DEBUG 157849 --- [tenant-service] [main] o.s.amqp.rabbit.core.RabbitAdmin         : Binding destination [tenant.created.queue (QUEUE)] to exchange [tenant-exchange] with routing key [tenant.created]
2025-12-02T21:05:19.838-05:00 DEBUG 157849 --- [tenant-service] [main] o.s.amqp.rabbit.core.RabbitAdmin         : Binding destination [tenant.upgraded.queue (QUEUE)] to exchange [tenant-exchange] with routing key [tenant.plan.upgraded]
2025-12-02T21:05:19.839-05:00 DEBUG 157849 --- [tenant-service] [main] o.s.amqp.rabbit.core.RabbitAdmin         : Binding destination [auth.user.registered.queue (QUEUE)] to exchange [auth-exchange] with routing key [auth.user.registered]
2025-12-02T21:05:19.841-05:00 DEBUG 157849 --- [tenant-service] [main] o.s.amqp.rabbit.core.RabbitAdmin         : Declarations finished
2025-12-02T21:05:19.847-05:00 DEBUG 157849 --- [tenant-service] [org.springframework.amqp.rabbit.RabbitListenerEndpointContainer#0-1] o.s.amqp.rabbit.core.RabbitTemplate      : Executing callback RabbitAdmin$$Lambda/0x0000737f88b56c58 on RabbitMQ Channel: Cached Rabbit Channel: AMQChannel(amqp://guest@127.0.0.1:5672/,1), conn: Proxy@72cbe3b6 Shared Rabbit Connection: SimpleConnection@329cdafa [delegate=amqp://guest@127.0.0.1:5672/, localPort=33874]
2025-12-02T21:05:19.853-05:00 DEBUG 157849 --- [tenant-service] [org.springframework.amqp.rabbit.RabbitListenerEndpointContainer#0-1] o.s.a.r.listener.BlockingQueueConsumer   : Starting consumer Consumer@a6a7c4f: tags=[[]], channel=null, acknowledgeMode=AUTO local queue size=0
2025-12-02T21:05:19.860-05:00 DEBUG 157849 --- [tenant-service] [pool-2-thread-3] o.s.a.r.listener.BlockingQueueConsumer   : ConsumeOK: Consumer@a6a7c4f: tags=[[amq.ctag-YpJcU0NpqjR5OJUXjT2Dew]], channel=Cached Rabbit Channel: AMQChannel(amqp://guest@127.0.0.1:5672/,1), conn: Proxy@72cbe3b6 Shared Rabbit Connection: SimpleConnection@329cdafa [delegate=amqp://guest@127.0.0.1:5672/, localPort=33874], acknowledgeMode=AUTO local queue size=0
2025-12-02T21:05:19.860-05:00 DEBUG 157849 --- [tenant-service] [org.springframework.amqp.rabbit.RabbitListenerEndpointContainer#0-1] o.s.a.r.listener.BlockingQueueConsumer   : Started on queue 'auth.user.registered.queue' with tag amq.ctag-YpJcU0NpqjR5OJUXjT2Dew: Consumer@a6a7c4f: tags=[[]], channel=Cached Rabbit Channel: AMQChannel(amqp://guest@127.0.0.1:5672/,1), conn: Proxy@72cbe3b6 Shared Rabbit Connection: SimpleConnection@329cdafa [delegate=amqp://guest@127.0.0.1:5672/, localPort=33874], acknowledgeMode=AUTO local queue size=0
2025-12-02T21:05:19.867-05:00  INFO 157849 --- [tenant-service] [main] c.s.t.TenantServiceApplication           : Started TenantServiceApplication in 3.393 seconds (process running for 3.616)
2025-12-02T21:06:52.765-05:00 DEBUG 157849 --- [tenant-service] [pool-2-thread-4] o.s.a.r.listener.BlockingQueueConsumer   : Storing delivery for consumerTag: 'amq.ctag-YpJcU0NpqjR5OJUXjT2Dew' with deliveryTag: '1' in Consumer@a6a7c4f: tags=[[amq.ctag-YpJcU0NpqjR5OJUXjT2Dew]], channel=Cached Rabbit Channel: AMQChannel(amqp://guest@127.0.0.1:5672/,1), conn: Proxy@72cbe3b6 Shared Rabbit Connection: SimpleConnection@329cdafa [delegate=amqp://guest@127.0.0.1:5672/, localPort=33874], acknowledgeMode=AUTO local queue size=0
2025-12-02T21:06:52.776-05:00 DEBUG 157849 --- [tenant-service] [org.springframework.amqp.rabbit.RabbitListenerEndpointContainer#0-1] o.s.a.r.listener.BlockingQueueConsumer   : Received message: (Body:'[B@72131638(byte[175])' MessageProperties [headers={__ContentTypeId__=java.lang.Object, __KeyTypeId__=java.lang.Object, __TypeId__=java.util.HashMap}, contentType=application/json, contentEncoding=UTF-8, contentLength=0, receivedDeliveryMode=PERSISTENT, priority=0, redelivered=false, receivedExchange=auth-exchange, receivedRoutingKey=auth.user.registered, deliveryTag=1, consumerTag=amq.ctag-YpJcU0NpqjR5OJUXjT2Dew, consumerQueue=auth.user.registered.queue])
2025-12-02T21:06:52.808-05:00 DEBUG 157849 --- [tenant-service] [org.springframework.amqp.rabbit.RabbitListenerEndpointContainer#0-1] .a.r.l.a.MessagingMessageListenerAdapter : Processing [GenericMessage [payload={globalRole=USER, eventType=auth.user.registered, userId=3fa51fa4-e885-4a79-aa3e-7e4336dbebbd, email=test6@correo.com, timestamp=2025-12-02T21:06:52.694922946}, headers={amqp_receivedDeliveryMode=PERSISTENT, amqp_receivedExchange=auth-exchange, amqp_deliveryTag=1, amqp_consumerQueue=auth.user.registered.queue, amqp_redelivered=false, __ContentTypeId__=java.lang.Object, amqp_receivedRoutingKey=auth.user.registered, amqp_contentEncoding=UTF-8, __KeyTypeId__=java.lang.Object, amqp_retryCount=0, id=3f803bee-0ead-3e86-a970-3bf8e0b0cef7, amqp_consumerTag=amq.ctag-YpJcU0NpqjR5OJUXjT2Dew, amqp_lastInBatch=false, contentType=application/json, __TypeId__=java.util.HashMap, timestamp=1764727612807}]]
2025-12-02T21:06:52.809-05:00  INFO 157849 --- [tenant-service] [org.springframework.amqp.rabbit.RabbitListenerEndpointContainer#0-1] c.s.t.e.l.UserRegisteredListener         : Received auth.user.registered event: {globalRole=USER, eventType=auth.user.registered, userId=3fa51fa4-e885-4a79-aa3e-7e4336dbebbd, email=test6@correo.com, timestamp=2025-12-02T21:06:52.694922946}
2025-12-02T21:06:52.809-05:00  INFO 157849 --- [tenant-service] [org.springframework.amqp.rabbit.RabbitListenerEndpointContainer#0-1] c.s.t.e.l.UserRegisteredListener         : Creating tenant for new user: test6@correo.com (3fa51fa4-e885-4a79-aa3e-7e4336dbebbd)
2025-12-02T21:06:52.816-05:00  INFO 157849 --- [tenant-service] [org.springframework.amqp.rabbit.RabbitListenerEndpointContainer#0-1] c.s.t.service.impl.TenantServiceImpl     : Auto-creating tenant for new user: 3fa51fa4-e885-4a79-aa3e-7e4336dbebbd
2025-12-02T21:06:52.866-05:00 DEBUG 157849 --- [tenant-service] [org.springframework.amqp.rabbit.RabbitListenerEndpointContainer#0-1] org.hibernate.SQL                        : 
    select
        te1_0.id 
    from
        tenants te1_0 
    where
        te1_0.slug=? 
    fetch
        first ? rows only
2025-12-02T21:06:52.887-05:00  INFO 157849 --- [tenant-service] [org.springframework.amqp.rabbit.RabbitListenerEndpointContainer#0-1] c.s.t.service.impl.TenantServiceImpl     : Auto-tenant created with ID: 00b93923-4c4f-4a50-b38e-0c24087c10a1 for user: 3fa51fa4-e885-4a79-aa3e-7e4336dbebbd
2025-12-02T21:06:52.887-05:00  INFO 157849 --- [tenant-service] [org.springframework.amqp.rabbit.RabbitListenerEndpointContainer#0-1] c.s.t.events.TenantEventPublisher        : Publishing tenant.created event for tenant: 00b93923-4c4f-4a50-b38e-0c24087c10a1
2025-12-02T21:06:52.901-05:00 DEBUG 157849 --- [tenant-service] [org.springframework.amqp.rabbit.RabbitListenerEndpointContainer#0-1] o.s.a.r.c.CachingConnectionFactory       : Creating cached Rabbit Channel from AMQChannel(amqp://guest@127.0.0.1:5672/,2)
2025-12-02T21:06:52.901-05:00 DEBUG 157849 --- [tenant-service] [org.springframework.amqp.rabbit.RabbitListenerEndpointContainer#0-1] o.s.amqp.rabbit.core.RabbitTemplate      : Executing callback RabbitTemplate$$Lambda/0x0000737f88bc3010 on RabbitMQ Channel: Cached Rabbit Channel: AMQChannel(amqp://guest@127.0.0.1:5672/,2), conn: Proxy@72cbe3b6 Shared Rabbit Connection: SimpleConnection@329cdafa [delegate=amqp://guest@127.0.0.1:5672/, localPort=33874]
2025-12-02T21:06:52.901-05:00 DEBUG 157849 --- [tenant-service] [org.springframework.amqp.rabbit.RabbitListenerEndpointContainer#0-1] o.s.amqp.rabbit.core.RabbitTemplate      : Publishing message [(Body:'[B@5ca3d709(byte[434])' MessageProperties [headers={__ContentTypeId__=java.lang.Object, __KeyTypeId__=java.lang.Object, __TypeId__=java.util.HashMap}, contentType=application/json, contentEncoding=UTF-8, contentLength=434, deliveryMode=PERSISTENT, priority=0, deliveryTag=0])] on exchange [tenant-exchange], routingKey = [tenant.created]
2025-12-02T21:06:52.904-05:00 DEBUG 157849 --- [tenant-service] [org.springframework.amqp.rabbit.RabbitListenerEndpointContainer#0-1] c.s.t.events.TenantEventPublisher        : Event published: {eventId=f823fde4-e4f4-4c15-a184-fa51fc8a5397, metadata={correlationId=bd789b9a-adc2-4a44-bdc0-c3c2428e66af, source=tenant-service}, data={tenantId=00b93923-4c4f-4a50-b38e-0c24087c10a1, name=test6's Workspace, type=PERSONAL, userId=3fa51fa4-e885-4a79-aa3e-7e4336dbebbd, plan=FREE, slug=test6s-workspace-3fa51fa4}, eventType=tenant.created, version=1.0, timestamp=2025-12-02T21:06:52.887863091}
2025-12-02T21:06:52.912-05:00 DEBUG 157849 --- [tenant-service] [org.springframework.amqp.rabbit.RabbitListenerEndpointContainer#0-1] org.hibernate.SQL                        : 
    insert 
    into
        tenants
        (blockchain_enabled, business_name, created_at, current_domains, current_projects, current_repos, current_users, max_domains, max_projects, max_repos, max_users, name, next_billing_date, nit, owner_email, owner_id, plan, slug, status, subscription_id, type, updated_at, id) 
    values
        (?, ?, ?, ?, ?, ?, ?, ?, ?, ?, ?, ?, ?, ?, ?, ?, ?, ?, ?, ?, ?, ?, ?)
2025-12-02T21:06:52.920-05:00  INFO 157849 --- [tenant-service] [org.springframework.amqp.rabbit.RabbitListenerEndpointContainer#0-1] c.s.t.e.l.UserRegisteredListener         : Tenant created successfully for user: 3fa51fa4-e885-4a79-aa3e-7e4336dbebbd
2025-12-02T21:18:33.543-05:00 DEBUG 157849 --- [tenant-service] [SpringApplicationShutdownHook] o.s.a.r.l.SimpleMessageListenerContainer : Shutting down Rabbit listener container
2025-12-02T21:18:33.545-05:00 DEBUG 157849 --- [tenant-service] [pool-2-thread-5] o.s.a.r.listener.BlockingQueueConsumer   : Received cancelOk for tag amq.ctag-YpJcU0NpqjR5OJUXjT2Dew (auth.user.registered.queue); Consumer@a6a7c4f: tags=[[amq.ctag-YpJcU0NpqjR5OJUXjT2Dew]], channel=Cached Rabbit Channel: AMQChannel(amqp://guest@127.0.0.1:5672/,1), conn: Proxy@72cbe3b6 Shared Rabbit Connection: SimpleConnection@329cdafa [delegate=amqp://guest@127.0.0.1:5672/, localPort=33874], acknowledgeMode=AUTO local queue size=0
2025-12-02T21:18:33.545-05:00  INFO 157849 --- [tenant-service] [org.springframework.amqp.rabbit.RabbitListenerEndpointContainer#0-2] o.s.a.r.l.SimpleMessageListenerContainer : Waiting for workers to finish.
2025-12-02T21:18:34.008-05:00  INFO 157849 --- [tenant-service] [org.springframework.amqp.rabbit.RabbitListenerEndpointContainer#0-2] o.s.a.r.l.SimpleMessageListenerContainer : Successfully waited for workers to finish.
2025-12-02T21:18:34.009-05:00 DEBUG 157849 --- [tenant-service] [org.springframework.amqp.rabbit.RabbitListenerEndpointContainer#0-1] o.s.a.r.l.SimpleMessageListenerContainer : Cancelling Consumer@a6a7c4f: tags=[[amq.ctag-YpJcU0NpqjR5OJUXjT2Dew]], channel=Cached Rabbit Channel: AMQChannel(amqp://guest@127.0.0.1:5672/,1), conn: Proxy@72cbe3b6 Shared Rabbit Connection: SimpleConnection@329cdafa [delegate=amqp://guest@127.0.0.1:5672/, localPort=33874], acknowledgeMode=AUTO local queue size=0
2025-12-02T21:18:34.009-05:00 DEBUG 157849 --- [tenant-service] [org.springframework.amqp.rabbit.RabbitListenerEndpointContainer#0-1] o.s.a.r.listener.BlockingQueueConsumer   : Closing Rabbit Channel: Cached Rabbit Channel: AMQChannel(amqp://guest@127.0.0.1:5672/,1), conn: Proxy@72cbe3b6 Shared Rabbit Connection: SimpleConnection@329cdafa [delegate=amqp://guest@127.0.0.1:5672/, localPort=33874]
2025-12-02T21:18:34.009-05:00 DEBUG 157849 --- [tenant-service] [org.springframework.amqp.rabbit.RabbitListenerEndpointContainer#0-1] o.s.a.r.c.CachingConnectionFactory       : Closing cached Channel: AMQChannel(amqp://guest@127.0.0.1:5672/,1)
2025-12-02T21:18:34.009-05:00  INFO 157849 --- [tenant-service] [SpringApplicationShutdownHook] o.s.b.w.e.tomcat.GracefulShutdown        : Commencing graceful shutdown. Waiting for active requests to complete
2025-12-02T21:18:34.011-05:00  INFO 157849 --- [tenant-service] [tomcat-shutdown] o.s.b.w.e.tomcat.GracefulShutdown        : Graceful shutdown complete
2025-12-02T21:18:34.012-05:00 DEBUG 157849 --- [tenant-service] [SpringApplicationShutdownHook] o.s.a.r.c.CachingConnectionFactory       : Closing cached Channel: AMQChannel(amqp://guest@127.0.0.1:5672/,2)
2025-12-02T21:18:34.016-05:00 DEBUG 157849 --- [tenant-service] [SpringApplicationShutdownHook] o.s.a.r.l.SimpleMessageListenerContainer : Shutdown ignored - container is not active already
2025-12-02T21:18:34.018-05:00  INFO 157849 --- [tenant-service] [SpringApplicationShutdownHook] j.LocalContainerEntityManagerFactoryBean : Closing JPA EntityManagerFactory for persistence unit 'default'
2025-12-02T21:18:34.019-05:00  INFO 157849 --- [tenant-service] [SpringApplicationShutdownHook] com.zaxxer.hikari.HikariDataSource       : HikariPool-1 - Shutdown initiated...
2025-12-02T21:18:34.030-05:00  INFO 157849 --- [tenant-service] [SpringApplicationShutdownHook] com.zaxxer.hikari.HikariDataSource       : HikariPool-1 - Shutdown completed.
