2025-12-05T20:53:53.713-05:00  INFO 368892 --- [user-management-service] [main] c.s.u.UserManagementServiceApplication   : Starting UserManagementServiceApplication v0.0.1-SNAPSHOT using Java 21.0.9 with PID 368892 (/home/samup/Documentos/sentinel/user-management-service/target/user-management-service-0.0.1-SNAPSHOT.jar started by samup in /home/samup/Documentos/sentinel/tenant-service)
2025-12-05T20:53:53.728-05:00  INFO 368892 --- [user-management-service] [main] c.s.u.UserManagementServiceApplication   : No active profile set, falling back to 1 default profile: "default"
2025-12-05T20:53:57.467-05:00  INFO 368892 --- [user-management-service] [main] .s.d.r.c.RepositoryConfigurationDelegate : Bootstrapping Spring Data JPA repositories in DEFAULT mode.
2025-12-05T20:53:57.694-05:00  INFO 368892 --- [user-management-service] [main] .s.d.r.c.RepositoryConfigurationDelegate : Finished Spring Data repository scanning in 193 ms. Found 4 JPA repository interfaces.
2025-12-05T20:53:58.875-05:00  INFO 368892 --- [user-management-service] [main] o.s.cloud.context.scope.GenericScope     : BeanFactory id=39fe63af-e915-347b-a9af-a2a0032c0d99
2025-12-05T20:54:01.653-05:00  INFO 368892 --- [user-management-service] [main] o.s.b.w.embedded.tomcat.TomcatWebServer  : Tomcat initialized with port 8083 (http)
2025-12-05T20:54:01.678-05:00  INFO 368892 --- [user-management-service] [main] o.apache.catalina.core.StandardService   : Starting service [Tomcat]
2025-12-05T20:54:01.679-05:00  INFO 368892 --- [user-management-service] [main] o.apache.catalina.core.StandardEngine    : Starting Servlet engine: [Apache Tomcat/10.1.36]
2025-12-05T20:54:01.807-05:00  INFO 368892 --- [user-management-service] [main] o.a.c.c.C.[Tomcat].[localhost].[/]       : Initializing Spring embedded WebApplicationContext
2025-12-05T20:54:01.811-05:00  INFO 368892 --- [user-management-service] [main] w.s.c.ServletWebServerApplicationContext : Root WebApplicationContext: initialization completed in 7912 ms
2025-12-05T20:54:03.044-05:00  INFO 368892 --- [user-management-service] [main] com.zaxxer.hikari.HikariDataSource       : HikariPool-1 - Starting...
2025-12-05T20:54:03.946-05:00  INFO 368892 --- [user-management-service] [main] com.zaxxer.hikari.pool.HikariPool        : HikariPool-1 - Added connection org.postgresql.jdbc.PgConnection@1df9f7c6
2025-12-05T20:54:03.949-05:00  INFO 368892 --- [user-management-service] [main] com.zaxxer.hikari.HikariDataSource       : HikariPool-1 - Start completed.
2025-12-05T20:54:04.430-05:00  INFO 368892 --- [user-management-service] [main] o.hibernate.jpa.internal.util.LogHelper  : HHH000204: Processing PersistenceUnitInfo [name: default]
2025-12-05T20:54:04.547-05:00  INFO 368892 --- [user-management-service] [main] org.hibernate.Version                    : HHH000412: Hibernate ORM core version 6.6.8.Final
2025-12-05T20:54:04.619-05:00  INFO 368892 --- [user-management-service] [main] o.h.c.internal.RegionFactoryInitiator    : HHH000026: Second-level cache disabled
2025-12-05T20:54:05.150-05:00  INFO 368892 --- [user-management-service] [main] o.s.o.j.p.SpringPersistenceUnitInfo      : No LoadTimeWeaver setup: ignoring JPA class transformer
2025-12-05T20:54:05.241-05:00  WARN 368892 --- [user-management-service] [main] org.hibernate.orm.deprecation            : HHH90000025: PostgreSQLDialect does not need to be specified explicitly using 'hibernate.dialect' (remove the property setting and it will be selected by default)
2025-12-05T20:54:05.276-05:00  INFO 368892 --- [user-management-service] [main] org.hibernate.orm.connections.pooling    : HHH10001005: Database info:
	Database JDBC URL [Connecting through datasource 'HikariDataSource (HikariPool-1)']
	Database driver: undefined/unknown
	Database version: 16.10
	Autocommit mode: undefined/unknown
	Isolation level: undefined/unknown
	Minimum pool size: undefined/unknown
	Maximum pool size: undefined/unknown
2025-12-05T20:54:07.377-05:00  INFO 368892 --- [user-management-service] [main] o.h.e.t.j.p.i.JtaPlatformInitiator       : HHH000489: No JTA platform available (set 'hibernate.transaction.jta.platform' to enable JTA platform integration)
2025-12-05T20:54:07.641-05:00  INFO 368892 --- [user-management-service] [main] j.LocalContainerEntityManagerFactoryBean : Initialized JPA EntityManagerFactory for persistence unit 'default'
2025-12-05T20:54:09.030-05:00  INFO 368892 --- [user-management-service] [main] o.s.d.j.r.query.QueryEnhancerFactory     : Hibernate is in classpath; If applicable, HQL parser will be used.
2025-12-05T20:54:10.977-05:00  WARN 368892 --- [user-management-service] [main] JpaBaseConfiguration$JpaWebConfiguration : spring.jpa.open-in-view is enabled by default. Therefore, database queries may be performed during view rendering. Explicitly configure spring.jpa.open-in-view to disable this warning
2025-12-05T20:54:13.716-05:00  WARN 368892 --- [user-management-service] [main] .s.s.UserDetailsServiceAutoConfiguration : 

Using generated security password: 50dbf0f4-9ec3-4b30-8782-df0fd579897b

This generated password is for development use only. Your security configuration must be updated before running your application in production.

2025-12-05T20:54:13.774-05:00  INFO 368892 --- [user-management-service] [main] r$InitializeUserDetailsManagerConfigurer : Global AuthenticationManager configured with UserDetailsService bean with name inMemoryUserDetailsManager
2025-12-05T20:54:15.748-05:00  INFO 368892 --- [user-management-service] [main] o.s.b.a.e.web.EndpointLinksResolver      : Exposing 3 endpoints beneath base path '/actuator'
2025-12-05T20:54:17.579-05:00 DEBUG 368892 --- [user-management-service] [main] .a.r.l.a.MessagingMessageListenerAdapter : Inferred argument type for public void com.sentinel.user_management_service.events.UserManagementEventListener.handleUserRegistered(java.util.Map) is java.util.Map<java.lang.String, java.lang.Object>
2025-12-05T20:54:17.586-05:00 DEBUG 368892 --- [user-management-service] [main] o.s.a.r.l.SimpleMessageListenerContainer : No global properties bean
2025-12-05T20:54:17.587-05:00 DEBUG 368892 --- [user-management-service] [main] .a.r.l.a.MessagingMessageListenerAdapter : Inferred argument type for public void com.sentinel.user_management_service.events.listeners.ProjectCreatedListener.handleProjectCreated(java.util.Map) is java.util.Map<java.lang.String, java.lang.Object>
2025-12-05T20:54:17.588-05:00 DEBUG 368892 --- [user-management-service] [main] o.s.a.r.l.SimpleMessageListenerContainer : No global properties bean
2025-12-05T20:54:17.588-05:00 DEBUG 368892 --- [user-management-service] [main] .a.r.l.a.MessagingMessageListenerAdapter : Inferred argument type for public void com.sentinel.user_management_service.events.listeners.TenantCreatedListener.handleTenantCreated(java.util.Map) is java.util.Map<java.lang.String, java.lang.Object>
2025-12-05T20:54:17.589-05:00 DEBUG 368892 --- [user-management-service] [main] o.s.a.r.l.SimpleMessageListenerContainer : No global properties bean
2025-12-05T20:54:17.615-05:00  INFO 368892 --- [user-management-service] [main] o.s.b.w.embedded.tomcat.TomcatWebServer  : Tomcat started on port 8083 (http) with context path '/'
2025-12-05T20:54:17.680-05:00 DEBUG 368892 --- [user-management-service] [main] o.s.a.r.l.SimpleMessageListenerContainer : Starting Rabbit listener container.
2025-12-05T20:54:17.683-05:00  INFO 368892 --- [user-management-service] [main] o.s.a.r.c.CachingConnectionFactory       : Attempting to connect to: [localhost:5672]
2025-12-05T20:54:17.730-05:00  INFO 368892 --- [user-management-service] [main] o.s.a.r.c.CachingConnectionFactory       : Created new connection: rabbitConnectionFactory#2de1a93d:0/SimpleConnection@5f1f59e3 [delegate=amqp://guest@127.0.0.1:5672/, localPort=38260]
2025-12-05T20:54:17.735-05:00 DEBUG 368892 --- [user-management-service] [main] o.s.amqp.rabbit.core.RabbitAdmin         : Initializing declarations
2025-12-05T20:54:17.752-05:00 DEBUG 368892 --- [user-management-service] [main] o.s.a.r.c.CachingConnectionFactory       : Creating cached Rabbit Channel from AMQChannel(amqp://guest@127.0.0.1:5672/,1)
2025-12-05T20:54:17.765-05:00 DEBUG 368892 --- [user-management-service] [main] o.s.amqp.rabbit.core.RabbitTemplate      : Executing callback RabbitAdmin$$Lambda/0x00007b1890d13160 on RabbitMQ Channel: Cached Rabbit Channel: AMQChannel(amqp://guest@127.0.0.1:5672/,1), conn: Proxy@5c32f8af Shared Rabbit Connection: SimpleConnection@5f1f59e3 [delegate=amqp://guest@127.0.0.1:5672/, localPort=38260]
2025-12-05T20:54:17.765-05:00 DEBUG 368892 --- [user-management-service] [main] o.s.amqp.rabbit.core.RabbitAdmin         : declaring Exchange 'user_mgmt_exchange'
2025-12-05T20:54:17.775-05:00 DEBUG 368892 --- [user-management-service] [main] o.s.amqp.rabbit.core.RabbitAdmin         : declaring Exchange 'auth_exchange'
2025-12-05T20:54:17.776-05:00 DEBUG 368892 --- [user-management-service] [main] o.s.amqp.rabbit.core.RabbitAdmin         : declaring Exchange 'tenant-exchange'
2025-12-05T20:54:17.780-05:00 DEBUG 368892 --- [user-management-service] [main] o.s.amqp.rabbit.core.RabbitAdmin         : declaring Exchange 'project-exchange'
2025-12-05T20:54:17.781-05:00 DEBUG 368892 --- [user-management-service] [main] o.s.amqp.rabbit.core.RabbitAdmin         : declaring Queue 'user_mgmt.user.registered.queue'
2025-12-05T20:54:17.788-05:00 DEBUG 368892 --- [user-management-service] [main] o.s.amqp.rabbit.core.RabbitAdmin         : declaring Queue 'user_mgmt.tenant.created.queue'
2025-12-05T20:54:17.789-05:00 DEBUG 368892 --- [user-management-service] [main] o.s.amqp.rabbit.core.RabbitAdmin         : declaring Queue 'user_mgmt.project.created.queue'
2025-12-05T20:54:17.791-05:00 DEBUG 368892 --- [user-management-service] [main] o.s.amqp.rabbit.core.RabbitAdmin         : Binding destination [user_mgmt.user.registered.queue (QUEUE)] to exchange [auth_exchange] with routing key [auth.user.registered]
2025-12-05T20:54:17.795-05:00 DEBUG 368892 --- [user-management-service] [main] o.s.amqp.rabbit.core.RabbitAdmin         : Binding destination [user_mgmt.tenant.created.queue (QUEUE)] to exchange [tenant-exchange] with routing key [tenant.created]
2025-12-05T20:54:17.797-05:00 DEBUG 368892 --- [user-management-service] [main] o.s.amqp.rabbit.core.RabbitAdmin         : Binding destination [user_mgmt.project.created.queue (QUEUE)] to exchange [project-exchange] with routing key [project.created]
2025-12-05T20:54:17.803-05:00 DEBUG 368892 --- [user-management-service] [main] o.s.amqp.rabbit.core.RabbitAdmin         : Declarations finished
2025-12-05T20:54:17.818-05:00 DEBUG 368892 --- [user-management-service] [org.springframework.amqp.rabbit.RabbitListenerEndpointContainer#0-1] o.s.amqp.rabbit.core.RabbitTemplate      : Executing callback RabbitAdmin$$Lambda/0x00007b1890d1f8e8 on RabbitMQ Channel: Cached Rabbit Channel: AMQChannel(amqp://guest@127.0.0.1:5672/,1), conn: Proxy@5c32f8af Shared Rabbit Connection: SimpleConnection@5f1f59e3 [delegate=amqp://guest@127.0.0.1:5672/, localPort=38260]
2025-12-05T20:54:17.824-05:00 DEBUG 368892 --- [user-management-service] [org.springframework.amqp.rabbit.RabbitListenerEndpointContainer#0-1] o.s.a.r.listener.BlockingQueueConsumer   : Starting consumer Consumer@1002a151: tags=[[]], channel=null, acknowledgeMode=AUTO local queue size=0
2025-12-05T20:54:17.839-05:00 DEBUG 368892 --- [user-management-service] [pool-3-thread-3] o.s.a.r.listener.BlockingQueueConsumer   : ConsumeOK: Consumer@1002a151: tags=[[]], channel=Cached Rabbit Channel: AMQChannel(amqp://guest@127.0.0.1:5672/,1), conn: Proxy@5c32f8af Shared Rabbit Connection: SimpleConnection@5f1f59e3 [delegate=amqp://guest@127.0.0.1:5672/, localPort=38260], acknowledgeMode=AUTO local queue size=0
2025-12-05T20:54:17.840-05:00 DEBUG 368892 --- [user-management-service] [org.springframework.amqp.rabbit.RabbitListenerEndpointContainer#0-1] o.s.a.r.listener.BlockingQueueConsumer   : Started on queue 'user_mgmt.user.registered.queue' with tag amq.ctag-foTU_U1qXxQRcy7njEOC2g: Consumer@1002a151: tags=[[amq.ctag-foTU_U1qXxQRcy7njEOC2g]], channel=Cached Rabbit Channel: AMQChannel(amqp://guest@127.0.0.1:5672/,1), conn: Proxy@5c32f8af Shared Rabbit Connection: SimpleConnection@5f1f59e3 [delegate=amqp://guest@127.0.0.1:5672/, localPort=38260], acknowledgeMode=AUTO local queue size=0
2025-12-05T20:54:17.841-05:00 DEBUG 368892 --- [user-management-service] [main] o.s.a.r.l.SimpleMessageListenerContainer : Starting Rabbit listener container.
2025-12-05T20:54:17.852-05:00 DEBUG 368892 --- [user-management-service] [org.springframework.amqp.rabbit.RabbitListenerEndpointContainer#1-1] o.s.a.r.c.CachingConnectionFactory       : Creating cached Rabbit Channel from AMQChannel(amqp://guest@127.0.0.1:5672/,2)
2025-12-05T20:54:17.852-05:00 DEBUG 368892 --- [user-management-service] [org.springframework.amqp.rabbit.RabbitListenerEndpointContainer#1-1] o.s.amqp.rabbit.core.RabbitTemplate      : Executing callback RabbitAdmin$$Lambda/0x00007b1890d1f8e8 on RabbitMQ Channel: Cached Rabbit Channel: AMQChannel(amqp://guest@127.0.0.1:5672/,2), conn: Proxy@5c32f8af Shared Rabbit Connection: SimpleConnection@5f1f59e3 [delegate=amqp://guest@127.0.0.1:5672/, localPort=38260]
2025-12-05T20:54:17.853-05:00 DEBUG 368892 --- [user-management-service] [org.springframework.amqp.rabbit.RabbitListenerEndpointContainer#1-1] o.s.a.r.listener.BlockingQueueConsumer   : Starting consumer Consumer@739ceb17: tags=[[]], channel=null, acknowledgeMode=AUTO local queue size=0
2025-12-05T20:54:17.855-05:00 DEBUG 368892 --- [user-management-service] [pool-3-thread-4] o.s.a.r.listener.BlockingQueueConsumer   : ConsumeOK: Consumer@739ceb17: tags=[[]], channel=Cached Rabbit Channel: AMQChannel(amqp://guest@127.0.0.1:5672/,2), conn: Proxy@5c32f8af Shared Rabbit Connection: SimpleConnection@5f1f59e3 [delegate=amqp://guest@127.0.0.1:5672/, localPort=38260], acknowledgeMode=AUTO local queue size=0
2025-12-05T20:54:17.856-05:00 DEBUG 368892 --- [user-management-service] [org.springframework.amqp.rabbit.RabbitListenerEndpointContainer#1-1] o.s.a.r.listener.BlockingQueueConsumer   : Started on queue 'user_mgmt.project.created.queue' with tag amq.ctag-fBdw8T99z2wRL9ZcSU9jdA: Consumer@739ceb17: tags=[[amq.ctag-fBdw8T99z2wRL9ZcSU9jdA]], channel=Cached Rabbit Channel: AMQChannel(amqp://guest@127.0.0.1:5672/,2), conn: Proxy@5c32f8af Shared Rabbit Connection: SimpleConnection@5f1f59e3 [delegate=amqp://guest@127.0.0.1:5672/, localPort=38260], acknowledgeMode=AUTO local queue size=0
2025-12-05T20:54:17.857-05:00 DEBUG 368892 --- [user-management-service] [main] o.s.a.r.l.SimpleMessageListenerContainer : Starting Rabbit listener container.
2025-12-05T20:54:17.867-05:00 DEBUG 368892 --- [user-management-service] [org.springframework.amqp.rabbit.RabbitListenerEndpointContainer#2-1] o.s.a.r.c.CachingConnectionFactory       : Creating cached Rabbit Channel from AMQChannel(amqp://guest@127.0.0.1:5672/,3)
2025-12-05T20:54:17.867-05:00 DEBUG 368892 --- [user-management-service] [org.springframework.amqp.rabbit.RabbitListenerEndpointContainer#2-1] o.s.amqp.rabbit.core.RabbitTemplate      : Executing callback RabbitAdmin$$Lambda/0x00007b1890d1f8e8 on RabbitMQ Channel: Cached Rabbit Channel: AMQChannel(amqp://guest@127.0.0.1:5672/,3), conn: Proxy@5c32f8af Shared Rabbit Connection: SimpleConnection@5f1f59e3 [delegate=amqp://guest@127.0.0.1:5672/, localPort=38260]
2025-12-05T20:54:17.870-05:00 DEBUG 368892 --- [user-management-service] [org.springframework.amqp.rabbit.RabbitListenerEndpointContainer#2-1] o.s.a.r.listener.BlockingQueueConsumer   : Starting consumer Consumer@16b6e5e: tags=[[]], channel=null, acknowledgeMode=AUTO local queue size=0
2025-12-05T20:54:17.873-05:00 DEBUG 368892 --- [user-management-service] [org.springframework.amqp.rabbit.RabbitListenerEndpointContainer#2-1] o.s.a.r.listener.BlockingQueueConsumer   : Started on queue 'user_mgmt.tenant.created.queue' with tag amq.ctag-ZTokAL_jpEHWjJRXncuchA: Consumer@16b6e5e: tags=[[]], channel=Cached Rabbit Channel: AMQChannel(amqp://guest@127.0.0.1:5672/,3), conn: Proxy@5c32f8af Shared Rabbit Connection: SimpleConnection@5f1f59e3 [delegate=amqp://guest@127.0.0.1:5672/, localPort=38260], acknowledgeMode=AUTO local queue size=0
2025-12-05T20:54:17.874-05:00 DEBUG 368892 --- [user-management-service] [pool-3-thread-5] o.s.a.r.listener.BlockingQueueConsumer   : ConsumeOK: Consumer@16b6e5e: tags=[[amq.ctag-ZTokAL_jpEHWjJRXncuchA]], channel=Cached Rabbit Channel: AMQChannel(amqp://guest@127.0.0.1:5672/,3), conn: Proxy@5c32f8af Shared Rabbit Connection: SimpleConnection@5f1f59e3 [delegate=amqp://guest@127.0.0.1:5672/, localPort=38260], acknowledgeMode=AUTO local queue size=0
2025-12-05T20:54:17.910-05:00  INFO 368892 --- [user-management-service] [main] c.s.u.UserManagementServiceApplication   : Started UserManagementServiceApplication in 25.283 seconds (process running for 26.315)
2025-12-05T20:54:41.063-05:00  INFO 368892 --- [user-management-service] [http-nio-8083-exec-1] o.a.c.c.C.[Tomcat].[localhost].[/]       : Initializing Spring DispatcherServlet 'dispatcherServlet'
2025-12-05T20:54:41.063-05:00  INFO 368892 --- [user-management-service] [http-nio-8083-exec-1] o.s.web.servlet.DispatcherServlet        : Initializing Servlet 'dispatcherServlet'
2025-12-05T20:54:41.064-05:00  INFO 368892 --- [user-management-service] [http-nio-8083-exec-1] o.s.web.servlet.DispatcherServlet        : Completed initialization in 1 ms
2025-12-05T20:54:41.111-05:00 DEBUG 368892 --- [user-management-service] [http-nio-8083-exec-1] o.s.a.r.c.CachingConnectionFactory       : Creating cached Rabbit Channel from AMQChannel(amqp://guest@127.0.0.1:5672/,4)
2025-12-05T20:54:41.111-05:00 DEBUG 368892 --- [user-management-service] [http-nio-8083-exec-1] o.s.amqp.rabbit.core.RabbitTemplate      : Executing callback RabbitHealthIndicator$$Lambda/0x00007b1890da6d98 on RabbitMQ Channel: Cached Rabbit Channel: AMQChannel(amqp://guest@127.0.0.1:5672/,4), conn: Proxy@5c32f8af Shared Rabbit Connection: SimpleConnection@5f1f59e3 [delegate=amqp://guest@127.0.0.1:5672/, localPort=38260]
2025-12-05T20:54:41.135-05:00  WARN 368892 --- [user-management-service] [http-nio-8083-exec-1] o.s.b.actuate.mail.MailHealthIndicator   : Mail health check failed

org.eclipse.angus.mail.util.MailConnectException: Couldn't connect to host, port: localhost, 1025; timeout -1
	at org.eclipse.angus.mail.smtp.SMTPTransport.openServer(SMTPTransport.java:2243) ~[jakarta.mail-2.0.3.jar!/:na]
	at org.eclipse.angus.mail.smtp.SMTPTransport.protocolConnect(SMTPTransport.java:729) ~[jakarta.mail-2.0.3.jar!/:na]
	at jakarta.mail.Service.connect(Service.java:345) ~[jakarta.mail-2.0.3.jar!/:na]
	at org.springframework.mail.javamail.JavaMailSenderImpl.connectTransport(JavaMailSenderImpl.java:480) ~[spring-context-support-6.2.3.jar!/:6.2.3]
	at org.springframework.mail.javamail.JavaMailSenderImpl.testConnection(JavaMailSenderImpl.java:360) ~[spring-context-support-6.2.3.jar!/:6.2.3]
	at org.springframework.boot.actuate.mail.MailHealthIndicator.doHealthCheck(MailHealthIndicator.java:52) ~[spring-boot-actuator-3.4.3.jar!/:3.4.3]
	at org.springframework.boot.actuate.health.AbstractHealthIndicator.health(AbstractHealthIndicator.java:82) ~[spring-boot-actuator-3.4.3.jar!/:3.4.3]
	at org.springframework.boot.actuate.health.HealthIndicator.getHealth(HealthIndicator.java:37) ~[spring-boot-actuator-3.4.3.jar!/:3.4.3]
	at org.springframework.boot.actuate.health.HealthEndpointWebExtension.getHealth(HealthEndpointWebExtension.java:94) ~[spring-boot-actuator-3.4.3.jar!/:3.4.3]
	at org.springframework.boot.actuate.health.HealthEndpointWebExtension.getHealth(HealthEndpointWebExtension.java:47) ~[spring-boot-actuator-3.4.3.jar!/:3.4.3]
	at org.springframework.boot.actuate.health.HealthEndpointSupport.getLoggedHealth(HealthEndpointSupport.java:172) ~[spring-boot-actuator-3.4.3.jar!/:3.4.3]
	at org.springframework.boot.actuate.health.HealthEndpointSupport.getContribution(HealthEndpointSupport.java:145) ~[spring-boot-actuator-3.4.3.jar!/:3.4.3]
	at org.springframework.boot.actuate.health.HealthEndpointSupport.getAggregateContribution(HealthEndpointSupport.java:156) ~[spring-boot-actuator-3.4.3.jar!/:3.4.3]
	at org.springframework.boot.actuate.health.HealthEndpointSupport.getContribution(HealthEndpointSupport.java:141) ~[spring-boot-actuator-3.4.3.jar!/:3.4.3]
	at org.springframework.boot.actuate.health.HealthEndpointSupport.getHealth(HealthEndpointSupport.java:110) ~[spring-boot-actuator-3.4.3.jar!/:3.4.3]
	at org.springframework.boot.actuate.health.HealthEndpointSupport.getHealth(HealthEndpointSupport.java:81) ~[spring-boot-actuator-3.4.3.jar!/:3.4.3]
	at org.springframework.boot.actuate.health.HealthEndpointWebExtension.health(HealthEndpointWebExtension.java:80) ~[spring-boot-actuator-3.4.3.jar!/:3.4.3]
	at org.springframework.boot.actuate.health.HealthEndpointWebExtension.health(HealthEndpointWebExtension.java:69) ~[spring-boot-actuator-3.4.3.jar!/:3.4.3]
	at java.base/jdk.internal.reflect.DirectMethodHandleAccessor.invoke(DirectMethodHandleAccessor.java:103) ~[na:na]
	at java.base/java.lang.reflect.Method.invoke(Method.java:580) ~[na:na]
	at org.springframework.util.ReflectionUtils.invokeMethod(ReflectionUtils.java:281) ~[spring-core-6.2.3.jar!/:6.2.3]
	at org.springframework.boot.actuate.endpoint.invoke.reflect.ReflectiveOperationInvoker.invoke(ReflectiveOperationInvoker.java:74) ~[spring-boot-actuator-3.4.3.jar!/:3.4.3]
	at org.springframework.boot.actuate.endpoint.annotation.AbstractDiscoveredOperation.invoke(AbstractDiscoveredOperation.java:60) ~[spring-boot-actuator-3.4.3.jar!/:3.4.3]
	at org.springframework.boot.actuate.endpoint.web.servlet.AbstractWebMvcEndpointHandlerMapping$ServletWebOperationAdapter.handle(AbstractWebMvcEndpointHandlerMapping.java:327) ~[spring-boot-actuator-3.4.3.jar!/:3.4.3]
	at org.springframework.boot.actuate.endpoint.web.servlet.AbstractWebMvcEndpointHandlerMapping$OperationHandler.handle(AbstractWebMvcEndpointHandlerMapping.java:434) ~[spring-boot-actuator-3.4.3.jar!/:3.4.3]
	at java.base/jdk.internal.reflect.DirectMethodHandleAccessor.invoke(DirectMethodHandleAccessor.java:103) ~[na:na]
	at java.base/java.lang.reflect.Method.invoke(Method.java:580) ~[na:na]
	at org.springframework.web.method.support.InvocableHandlerMethod.doInvoke(InvocableHandlerMethod.java:257) ~[spring-web-6.2.3.jar!/:6.2.3]
	at org.springframework.web.method.support.InvocableHandlerMethod.invokeForRequest(InvocableHandlerMethod.java:190) ~[spring-web-6.2.3.jar!/:6.2.3]
	at org.springframework.web.servlet.mvc.method.annotation.ServletInvocableHandlerMethod.invokeAndHandle(ServletInvocableHandlerMethod.java:118) ~[spring-webmvc-6.2.3.jar!/:6.2.3]
	at org.springframework.web.servlet.mvc.method.annotation.RequestMappingHandlerAdapter.invokeHandlerMethod(RequestMappingHandlerAdapter.java:986) ~[spring-webmvc-6.2.3.jar!/:6.2.3]
	at org.springframework.web.servlet.mvc.method.annotation.RequestMappingHandlerAdapter.handleInternal(RequestMappingHandlerAdapter.java:891) ~[spring-webmvc-6.2.3.jar!/:6.2.3]
	at org.springframework.web.servlet.mvc.method.AbstractHandlerMethodAdapter.handle(AbstractHandlerMethodAdapter.java:87) ~[spring-webmvc-6.2.3.jar!/:6.2.3]
	at org.springframework.web.servlet.DispatcherServlet.doDispatch(DispatcherServlet.java:1088) ~[spring-webmvc-6.2.3.jar!/:6.2.3]
	at org.springframework.web.servlet.DispatcherServlet.doService(DispatcherServlet.java:978) ~[spring-webmvc-6.2.3.jar!/:6.2.3]
	at org.springframework.web.servlet.FrameworkServlet.processRequest(FrameworkServlet.java:1014) ~[spring-webmvc-6.2.3.jar!/:6.2.3]
	at org.springframework.web.servlet.FrameworkServlet.doGet(FrameworkServlet.java:903) ~[spring-webmvc-6.2.3.jar!/:6.2.3]
	at jakarta.servlet.http.HttpServlet.service(HttpServlet.java:564) ~[tomcat-embed-core-10.1.36.jar!/:na]
	at org.springframework.web.servlet.FrameworkServlet.service(FrameworkServlet.java:885) ~[spring-webmvc-6.2.3.jar!/:6.2.3]
	at jakarta.servlet.http.HttpServlet.service(HttpServlet.java:658) ~[tomcat-embed-core-10.1.36.jar!/:na]
	at org.apache.catalina.core.ApplicationFilterChain.internalDoFilter(ApplicationFilterChain.java:195) ~[tomcat-embed-core-10.1.36.jar!/:na]
	at org.apache.catalina.core.ApplicationFilterChain.doFilter(ApplicationFilterChain.java:140) ~[tomcat-embed-core-10.1.36.jar!/:na]
	at org.apache.tomcat.websocket.server.WsFilter.doFilter(WsFilter.java:51) ~[tomcat-embed-websocket-10.1.36.jar!/:na]
	at org.apache.catalina.core.ApplicationFilterChain.internalDoFilter(ApplicationFilterChain.java:164) ~[tomcat-embed-core-10.1.36.jar!/:na]
	at org.apache.catalina.core.ApplicationFilterChain.doFilter(ApplicationFilterChain.java:140) ~[tomcat-embed-core-10.1.36.jar!/:na]
	at org.springframework.web.filter.CompositeFilter$VirtualFilterChain.doFilter(CompositeFilter.java:108) ~[spring-web-6.2.3.jar!/:6.2.3]
	at org.springframework.security.web.FilterChainProxy.lambda$doFilterInternal$3(FilterChainProxy.java:231) ~[spring-security-web-6.4.3.jar!/:6.4.3]
	at org.springframework.security.web.ObservationFilterChainDecorator$FilterObservation$SimpleFilterObservation.lambda$wrap$1(ObservationFilterChainDecorator.java:479) ~[spring-security-web-6.4.3.jar!/:6.4.3]
	at org.springframework.security.web.ObservationFilterChainDecorator$AroundFilterObservation$SimpleAroundFilterObservation.lambda$wrap$1(ObservationFilterChainDecorator.java:340) ~[spring-security-web-6.4.3.jar!/:6.4.3]
	at org.springframework.security.web.ObservationFilterChainDecorator.lambda$wrapSecured$0(ObservationFilterChainDecorator.java:82) ~[spring-security-web-6.4.3.jar!/:6.4.3]
	at org.springframework.security.web.ObservationFilterChainDecorator$VirtualFilterChain.doFilter(ObservationFilterChainDecorator.java:128) ~[spring-security-web-6.4.3.jar!/:6.4.3]
	at org.springframework.security.web.access.intercept.AuthorizationFilter.doFilter(AuthorizationFilter.java:101) ~[spring-security-web-6.4.3.jar!/:6.4.3]
	at org.springframework.security.web.ObservationFilterChainDecorator$ObservationFilter.wrapFilter(ObservationFilterChainDecorator.java:240) ~[spring-security-web-6.4.3.jar!/:6.4.3]
	at org.springframework.security.web.ObservationFilterChainDecorator$ObservationFilter.doFilter(ObservationFilterChainDecorator.java:227) ~[spring-security-web-6.4.3.jar!/:6.4.3]
	at org.springframework.security.web.ObservationFilterChainDecorator$VirtualFilterChain.doFilter(ObservationFilterChainDecorator.java:137) ~[spring-security-web-6.4.3.jar!/:6.4.3]
	at org.springframework.security.web.access.ExceptionTranslationFilter.doFilter(ExceptionTranslationFilter.java:126) ~[spring-security-web-6.4.3.jar!/:6.4.3]
	at org.springframework.security.web.access.ExceptionTranslationFilter.doFilter(ExceptionTranslationFilter.java:120) ~[spring-security-web-6.4.3.jar!/:6.4.3]
	at org.springframework.security.web.ObservationFilterChainDecorator$ObservationFilter.wrapFilter(ObservationFilterChainDecorator.java:240) ~[spring-security-web-6.4.3.jar!/:6.4.3]
	at org.springframework.security.web.ObservationFilterChainDecorator$ObservationFilter.doFilter(ObservationFilterChainDecorator.java:227) ~[spring-security-web-6.4.3.jar!/:6.4.3]
	at org.springframework.security.web.ObservationFilterChainDecorator$VirtualFilterChain.doFilter(ObservationFilterChainDecorator.java:137) ~[spring-security-web-6.4.3.jar!/:6.4.3]
	at org.springframework.security.web.authentication.AnonymousAuthenticationFilter.doFilter(AnonymousAuthenticationFilter.java:100) ~[spring-security-web-6.4.3.jar!/:6.4.3]
	at org.springframework.security.web.ObservationFilterChainDecorator$ObservationFilter.wrapFilter(ObservationFilterChainDecorator.java:240) ~[spring-security-web-6.4.3.jar!/:6.4.3]
	at org.springframework.security.web.ObservationFilterChainDecorator$ObservationFilter.doFilter(ObservationFilterChainDecorator.java:227) ~[spring-security-web-6.4.3.jar!/:6.4.3]
	at org.springframework.security.web.ObservationFilterChainDecorator$VirtualFilterChain.doFilter(ObservationFilterChainDecorator.java:137) ~[spring-security-web-6.4.3.jar!/:6.4.3]
	at org.springframework.security.web.servletapi.SecurityContextHolderAwareRequestFilter.doFilter(SecurityContextHolderAwareRequestFilter.java:179) ~[spring-security-web-6.4.3.jar!/:6.4.3]
	at org.springframework.security.web.ObservationFilterChainDecorator$ObservationFilter.wrapFilter(ObservationFilterChainDecorator.java:240) ~[spring-security-web-6.4.3.jar!/:6.4.3]
	at org.springframework.security.web.ObservationFilterChainDecorator$ObservationFilter.doFilter(ObservationFilterChainDecorator.java:227) ~[spring-security-web-6.4.3.jar!/:6.4.3]
	at org.springframework.security.web.ObservationFilterChainDecorator$VirtualFilterChain.doFilter(ObservationFilterChainDecorator.java:137) ~[spring-security-web-6.4.3.jar!/:6.4.3]
	at org.springframework.security.web.savedrequest.RequestCacheAwareFilter.doFilter(RequestCacheAwareFilter.java:63) ~[spring-security-web-6.4.3.jar!/:6.4.3]
	at org.springframework.security.web.ObservationFilterChainDecorator$ObservationFilter.wrapFilter(ObservationFilterChainDecorator.java:240) ~[spring-security-web-6.4.3.jar!/:6.4.3]
	at org.springframework.security.web.ObservationFilterChainDecorator$ObservationFilter.doFilter(ObservationFilterChainDecorator.java:227) ~[spring-security-web-6.4.3.jar!/:6.4.3]
	at org.springframework.security.web.ObservationFilterChainDecorator$VirtualFilterChain.doFilter(ObservationFilterChainDecorator.java:137) ~[spring-security-web-6.4.3.jar!/:6.4.3]
	at org.springframework.security.web.authentication.logout.LogoutFilter.doFilter(LogoutFilter.java:107) ~[spring-security-web-6.4.3.jar!/:6.4.3]
	at org.springframework.security.web.authentication.logout.LogoutFilter.doFilter(LogoutFilter.java:93) ~[spring-security-web-6.4.3.jar!/:6.4.3]
	at org.springframework.security.web.ObservationFilterChainDecorator$ObservationFilter.wrapFilter(ObservationFilterChainDecorator.java:240) ~[spring-security-web-6.4.3.jar!/:6.4.3]
	at org.springframework.security.web.ObservationFilterChainDecorator$ObservationFilter.doFilter(ObservationFilterChainDecorator.java:227) ~[spring-security-web-6.4.3.jar!/:6.4.3]
	at org.springframework.security.web.ObservationFilterChainDecorator$VirtualFilterChain.doFilter(ObservationFilterChainDecorator.java:137) ~[spring-security-web-6.4.3.jar!/:6.4.3]
	at org.springframework.web.filter.CorsFilter.doFilterInternal(CorsFilter.java:91) ~[spring-web-6.2.3.jar!/:6.2.3]
	at org.springframework.web.filter.OncePerRequestFilter.doFilter(OncePerRequestFilter.java:116) ~[spring-web-6.2.3.jar!/:6.2.3]
	at org.springframework.security.web.ObservationFilterChainDecorator$ObservationFilter.wrapFilter(ObservationFilterChainDecorator.java:240) ~[spring-security-web-6.4.3.jar!/:6.4.3]
	at org.springframework.security.web.ObservationFilterChainDecorator$ObservationFilter.doFilter(ObservationFilterChainDecorator.java:227) ~[spring-security-web-6.4.3.jar!/:6.4.3]
	at org.springframework.security.web.ObservationFilterChainDecorator$VirtualFilterChain.doFilter(ObservationFilterChainDecorator.java:137) ~[spring-security-web-6.4.3.jar!/:6.4.3]
	at org.springframework.security.web.header.HeaderWriterFilter.doHeadersAfter(HeaderWriterFilter.java:90) ~[spring-security-web-6.4.3.jar!/:6.4.3]
	at org.springframework.security.web.header.HeaderWriterFilter.doFilterInternal(HeaderWriterFilter.java:75) ~[spring-security-web-6.4.3.jar!/:6.4.3]
	at org.springframework.web.filter.OncePerRequestFilter.doFilter(OncePerRequestFilter.java:116) ~[spring-web-6.2.3.jar!/:6.2.3]
	at org.springframework.security.web.ObservationFilterChainDecorator$ObservationFilter.wrapFilter(ObservationFilterChainDecorator.java:240) ~[spring-security-web-6.4.3.jar!/:6.4.3]
	at org.springframework.security.web.ObservationFilterChainDecorator$ObservationFilter.doFilter(ObservationFilterChainDecorator.java:227) ~[spring-security-web-6.4.3.jar!/:6.4.3]
	at org.springframework.security.web.ObservationFilterChainDecorator$VirtualFilterChain.doFilter(ObservationFilterChainDecorator.java:137) ~[spring-security-web-6.4.3.jar!/:6.4.3]
	at org.springframework.security.web.context.SecurityContextHolderFilter.doFilter(SecurityContextHolderFilter.java:82) ~[spring-security-web-6.4.3.jar!/:6.4.3]
	at org.springframework.security.web.context.SecurityContextHolderFilter.doFilter(SecurityContextHolderFilter.java:69) ~[spring-security-web-6.4.3.jar!/:6.4.3]
	at org.springframework.security.web.ObservationFilterChainDecorator$ObservationFilter.wrapFilter(ObservationFilterChainDecorator.java:240) ~[spring-security-web-6.4.3.jar!/:6.4.3]
	at org.springframework.security.web.ObservationFilterChainDecorator$ObservationFilter.doFilter(ObservationFilterChainDecorator.java:227) ~[spring-security-web-6.4.3.jar!/:6.4.3]
	at org.springframework.security.web.ObservationFilterChainDecorator$VirtualFilterChain.doFilter(ObservationFilterChainDecorator.java:137) ~[spring-security-web-6.4.3.jar!/:6.4.3]
	at org.springframework.security.web.context.request.async.WebAsyncManagerIntegrationFilter.doFilterInternal(WebAsyncManagerIntegrationFilter.java:62) ~[spring-security-web-6.4.3.jar!/:6.4.3]
	at org.springframework.web.filter.OncePerRequestFilter.doFilter(OncePerRequestFilter.java:116) ~[spring-web-6.2.3.jar!/:6.2.3]
	at org.springframework.security.web.ObservationFilterChainDecorator$ObservationFilter.wrapFilter(ObservationFilterChainDecorator.java:240) ~[spring-security-web-6.4.3.jar!/:6.4.3]
	at org.springframework.security.web.ObservationFilterChainDecorator$ObservationFilter.doFilter(ObservationFilterChainDecorator.java:227) ~[spring-security-web-6.4.3.jar!/:6.4.3]
	at org.springframework.security.web.ObservationFilterChainDecorator$VirtualFilterChain.doFilter(ObservationFilterChainDecorator.java:137) ~[spring-security-web-6.4.3.jar!/:6.4.3]
	at org.springframework.security.web.session.DisableEncodeUrlFilter.doFilterInternal(DisableEncodeUrlFilter.java:42) ~[spring-security-web-6.4.3.jar!/:6.4.3]
	at org.springframework.web.filter.OncePerRequestFilter.doFilter(OncePerRequestFilter.java:116) ~[spring-web-6.2.3.jar!/:6.2.3]
	at org.springframework.security.web.ObservationFilterChainDecorator$ObservationFilter.wrapFilter(ObservationFilterChainDecorator.java:240) ~[spring-security-web-6.4.3.jar!/:6.4.3]
	at org.springframework.security.web.ObservationFilterChainDecorator$AroundFilterObservation$SimpleAroundFilterObservation.lambda$wrap$0(ObservationFilterChainDecorator.java:323) ~[spring-security-web-6.4.3.jar!/:6.4.3]
	at org.springframework.security.web.ObservationFilterChainDecorator$ObservationFilter.doFilter(ObservationFilterChainDecorator.java:224) ~[spring-security-web-6.4.3.jar!/:6.4.3]
	at org.springframework.security.web.ObservationFilterChainDecorator$VirtualFilterChain.doFilter(ObservationFilterChainDecorator.java:137) ~[spring-security-web-6.4.3.jar!/:6.4.3]
	at org.springframework.security.web.FilterChainProxy.doFilterInternal(FilterChainProxy.java:233) ~[spring-security-web-6.4.3.jar!/:6.4.3]
	at org.springframework.security.web.FilterChainProxy.doFilter(FilterChainProxy.java:191) ~[spring-security-web-6.4.3.jar!/:6.4.3]
	at org.springframework.web.filter.CompositeFilter$VirtualFilterChain.doFilter(CompositeFilter.java:113) ~[spring-web-6.2.3.jar!/:6.2.3]
	at org.springframework.web.servlet.handler.HandlerMappingIntrospector.lambda$createCacheFilter$3(HandlerMappingIntrospector.java:243) ~[spring-webmvc-6.2.3.jar!/:6.2.3]
	at org.springframework.web.filter.CompositeFilter$VirtualFilterChain.doFilter(CompositeFilter.java:113) ~[spring-web-6.2.3.jar!/:6.2.3]
	at org.springframework.web.filter.CompositeFilter.doFilter(CompositeFilter.java:74) ~[spring-web-6.2.3.jar!/:6.2.3]
	at org.springframework.security.config.annotation.web.configuration.WebMvcSecurityConfiguration$CompositeFilterChainProxy.doFilter(WebMvcSecurityConfiguration.java:238) ~[spring-security-config-6.4.3.jar!/:6.4.3]
	at org.springframework.web.filter.DelegatingFilterProxy.invokeDelegate(DelegatingFilterProxy.java:362) ~[spring-web-6.2.3.jar!/:6.2.3]
	at org.springframework.web.filter.DelegatingFilterProxy.doFilter(DelegatingFilterProxy.java:278) ~[spring-web-6.2.3.jar!/:6.2.3]
	at org.apache.catalina.core.ApplicationFilterChain.internalDoFilter(ApplicationFilterChain.java:164) ~[tomcat-embed-core-10.1.36.jar!/:na]
	at org.apache.catalina.core.ApplicationFilterChain.doFilter(ApplicationFilterChain.java:140) ~[tomcat-embed-core-10.1.36.jar!/:na]
	at org.springframework.web.filter.RequestContextFilter.doFilterInternal(RequestContextFilter.java:100) ~[spring-web-6.2.3.jar!/:6.2.3]
	at org.springframework.web.filter.OncePerRequestFilter.doFilter(OncePerRequestFilter.java:116) ~[spring-web-6.2.3.jar!/:6.2.3]
	at org.apache.catalina.core.ApplicationFilterChain.internalDoFilter(ApplicationFilterChain.java:164) ~[tomcat-embed-core-10.1.36.jar!/:na]
	at org.apache.catalina.core.ApplicationFilterChain.doFilter(ApplicationFilterChain.java:140) ~[tomcat-embed-core-10.1.36.jar!/:na]
	at org.springframework.web.filter.FormContentFilter.doFilterInternal(FormContentFilter.java:93) ~[spring-web-6.2.3.jar!/:6.2.3]
	at org.springframework.web.filter.OncePerRequestFilter.doFilter(OncePerRequestFilter.java:116) ~[spring-web-6.2.3.jar!/:6.2.3]
	at org.apache.catalina.core.ApplicationFilterChain.internalDoFilter(ApplicationFilterChain.java:164) ~[tomcat-embed-core-10.1.36.jar!/:na]
	at org.apache.catalina.core.ApplicationFilterChain.doFilter(ApplicationFilterChain.java:140) ~[tomcat-embed-core-10.1.36.jar!/:na]
	at org.springframework.web.filter.ServerHttpObservationFilter.doFilterInternal(ServerHttpObservationFilter.java:114) ~[spring-web-6.2.3.jar!/:6.2.3]
	at org.springframework.web.filter.OncePerRequestFilter.doFilter(OncePerRequestFilter.java:116) ~[spring-web-6.2.3.jar!/:6.2.3]
	at org.apache.catalina.core.ApplicationFilterChain.internalDoFilter(ApplicationFilterChain.java:164) ~[tomcat-embed-core-10.1.36.jar!/:na]
	at org.apache.catalina.core.ApplicationFilterChain.doFilter(ApplicationFilterChain.java:140) ~[tomcat-embed-core-10.1.36.jar!/:na]
	at org.springframework.web.filter.CharacterEncodingFilter.doFilterInternal(CharacterEncodingFilter.java:201) ~[spring-web-6.2.3.jar!/:6.2.3]
	at org.springframework.web.filter.OncePerRequestFilter.doFilter(OncePerRequestFilter.java:116) ~[spring-web-6.2.3.jar!/:6.2.3]
	at org.apache.catalina.core.ApplicationFilterChain.internalDoFilter(ApplicationFilterChain.java:164) ~[tomcat-embed-core-10.1.36.jar!/:na]
	at org.apache.catalina.core.ApplicationFilterChain.doFilter(ApplicationFilterChain.java:140) ~[tomcat-embed-core-10.1.36.jar!/:na]
	at org.apache.catalina.core.StandardWrapperValve.invoke(StandardWrapperValve.java:167) ~[tomcat-embed-core-10.1.36.jar!/:na]
	at org.apache.catalina.core.StandardContextValve.invoke(StandardContextValve.java:90) ~[tomcat-embed-core-10.1.36.jar!/:na]
	at org.apache.catalina.authenticator.AuthenticatorBase.invoke(AuthenticatorBase.java:483) ~[tomcat-embed-core-10.1.36.jar!/:na]
	at org.apache.catalina.core.StandardHostValve.invoke(StandardHostValve.java:115) ~[tomcat-embed-core-10.1.36.jar!/:na]
	at org.apache.catalina.valves.ErrorReportValve.invoke(ErrorReportValve.java:93) ~[tomcat-embed-core-10.1.36.jar!/:na]
	at org.apache.catalina.core.StandardEngineValve.invoke(StandardEngineValve.java:74) ~[tomcat-embed-core-10.1.36.jar!/:na]
	at org.apache.catalina.connector.CoyoteAdapter.service(CoyoteAdapter.java:344) ~[tomcat-embed-core-10.1.36.jar!/:na]
	at org.apache.coyote.http11.Http11Processor.service(Http11Processor.java:397) ~[tomcat-embed-core-10.1.36.jar!/:na]
	at org.apache.coyote.AbstractProcessorLight.process(AbstractProcessorLight.java:63) ~[tomcat-embed-core-10.1.36.jar!/:na]
	at org.apache.coyote.AbstractProtocol$ConnectionHandler.process(AbstractProtocol.java:905) ~[tomcat-embed-core-10.1.36.jar!/:na]
	at org.apache.tomcat.util.net.NioEndpoint$SocketProcessor.doRun(NioEndpoint.java:1743) ~[tomcat-embed-core-10.1.36.jar!/:na]
	at org.apache.tomcat.util.net.SocketProcessorBase.run(SocketProcessorBase.java:52) ~[tomcat-embed-core-10.1.36.jar!/:na]
	at org.apache.tomcat.util.threads.ThreadPoolExecutor.runWorker(ThreadPoolExecutor.java:1190) ~[tomcat-embed-core-10.1.36.jar!/:na]
	at org.apache.tomcat.util.threads.ThreadPoolExecutor$Worker.run(ThreadPoolExecutor.java:659) ~[tomcat-embed-core-10.1.36.jar!/:na]
	at org.apache.tomcat.util.threads.TaskThread$WrappingRunnable.run(TaskThread.java:63) ~[tomcat-embed-core-10.1.36.jar!/:na]
	at java.base/java.lang.Thread.run(Thread.java:1583) ~[na:na]
Caused by: java.net.ConnectException: Conexión rehusada
	at java.base/sun.nio.ch.Net.connect0(Native Method) ~[na:na]
	at java.base/sun.nio.ch.Net.connect(Net.java:589) ~[na:na]
	at java.base/sun.nio.ch.Net.connect(Net.java:578) ~[na:na]
	at java.base/sun.nio.ch.NioSocketImpl.connect(NioSocketImpl.java:583) ~[na:na]
	at java.base/java.net.SocksSocketImpl.connect(SocksSocketImpl.java:327) ~[na:na]
	at java.base/java.net.Socket.connect(Socket.java:751) ~[na:na]
	at java.base/java.net.Socket.connect(Socket.java:686) ~[na:na]
	at org.eclipse.angus.mail.util.SocketFetcher.createSocket(SocketFetcher.java:368) ~[jakarta.mail-2.0.3.jar!/:na]
	at org.eclipse.angus.mail.util.SocketFetcher.getSocket(SocketFetcher.java:243) ~[jakarta.mail-2.0.3.jar!/:na]
	at org.eclipse.angus.mail.smtp.SMTPTransport.openServer(SMTPTransport.java:2193) ~[jakarta.mail-2.0.3.jar!/:na]
	... 146 common frames omitted

2025-12-05T20:55:04.996-05:00 DEBUG 368892 --- [user-management-service] [http-nio-8083-exec-2] o.s.amqp.rabbit.core.RabbitTemplate      : Executing callback RabbitHealthIndicator$$Lambda/0x00007b1890da6d98 on RabbitMQ Channel: Cached Rabbit Channel: AMQChannel(amqp://guest@127.0.0.1:5672/,4), conn: Proxy@5c32f8af Shared Rabbit Connection: SimpleConnection@5f1f59e3 [delegate=amqp://guest@127.0.0.1:5672/, localPort=38260]
2025-12-05T20:55:04.997-05:00  WARN 368892 --- [user-management-service] [http-nio-8083-exec-2] o.s.b.actuate.mail.MailHealthIndicator   : Mail health check failed

org.eclipse.angus.mail.util.MailConnectException: Couldn't connect to host, port: localhost, 1025; timeout -1
	at org.eclipse.angus.mail.smtp.SMTPTransport.openServer(SMTPTransport.java:2243) ~[jakarta.mail-2.0.3.jar!/:na]
	at org.eclipse.angus.mail.smtp.SMTPTransport.protocolConnect(SMTPTransport.java:729) ~[jakarta.mail-2.0.3.jar!/:na]
	at jakarta.mail.Service.connect(Service.java:345) ~[jakarta.mail-2.0.3.jar!/:na]
	at org.springframework.mail.javamail.JavaMailSenderImpl.connectTransport(JavaMailSenderImpl.java:480) ~[spring-context-support-6.2.3.jar!/:6.2.3]
	at org.springframework.mail.javamail.JavaMailSenderImpl.testConnection(JavaMailSenderImpl.java:360) ~[spring-context-support-6.2.3.jar!/:6.2.3]
	at org.springframework.boot.actuate.mail.MailHealthIndicator.doHealthCheck(MailHealthIndicator.java:52) ~[spring-boot-actuator-3.4.3.jar!/:3.4.3]
	at org.springframework.boot.actuate.health.AbstractHealthIndicator.health(AbstractHealthIndicator.java:82) ~[spring-boot-actuator-3.4.3.jar!/:3.4.3]
	at org.springframework.boot.actuate.health.HealthIndicator.getHealth(HealthIndicator.java:37) ~[spring-boot-actuator-3.4.3.jar!/:3.4.3]
	at org.springframework.boot.actuate.health.HealthEndpointWebExtension.getHealth(HealthEndpointWebExtension.java:94) ~[spring-boot-actuator-3.4.3.jar!/:3.4.3]
	at org.springframework.boot.actuate.health.HealthEndpointWebExtension.getHealth(HealthEndpointWebExtension.java:47) ~[spring-boot-actuator-3.4.3.jar!/:3.4.3]
	at org.springframework.boot.actuate.health.HealthEndpointSupport.getLoggedHealth(HealthEndpointSupport.java:172) ~[spring-boot-actuator-3.4.3.jar!/:3.4.3]
	at org.springframework.boot.actuate.health.HealthEndpointSupport.getContribution(HealthEndpointSupport.java:145) ~[spring-boot-actuator-3.4.3.jar!/:3.4.3]
	at org.springframework.boot.actuate.health.HealthEndpointSupport.getAggregateContribution(HealthEndpointSupport.java:156) ~[spring-boot-actuator-3.4.3.jar!/:3.4.3]
	at org.springframework.boot.actuate.health.HealthEndpointSupport.getContribution(HealthEndpointSupport.java:141) ~[spring-boot-actuator-3.4.3.jar!/:3.4.3]
	at org.springframework.boot.actuate.health.HealthEndpointSupport.getHealth(HealthEndpointSupport.java:110) ~[spring-boot-actuator-3.4.3.jar!/:3.4.3]
	at org.springframework.boot.actuate.health.HealthEndpointSupport.getHealth(HealthEndpointSupport.java:81) ~[spring-boot-actuator-3.4.3.jar!/:3.4.3]
	at org.springframework.boot.actuate.health.HealthEndpointWebExtension.health(HealthEndpointWebExtension.java:80) ~[spring-boot-actuator-3.4.3.jar!/:3.4.3]
	at org.springframework.boot.actuate.health.HealthEndpointWebExtension.health(HealthEndpointWebExtension.java:69) ~[spring-boot-actuator-3.4.3.jar!/:3.4.3]
	at java.base/jdk.internal.reflect.DirectMethodHandleAccessor.invoke(DirectMethodHandleAccessor.java:103) ~[na:na]
	at java.base/java.lang.reflect.Method.invoke(Method.java:580) ~[na:na]
	at org.springframework.util.ReflectionUtils.invokeMethod(ReflectionUtils.java:281) ~[spring-core-6.2.3.jar!/:6.2.3]
	at org.springframework.boot.actuate.endpoint.invoke.reflect.ReflectiveOperationInvoker.invoke(ReflectiveOperationInvoker.java:74) ~[spring-boot-actuator-3.4.3.jar!/:3.4.3]
	at org.springframework.boot.actuate.endpoint.annotation.AbstractDiscoveredOperation.invoke(AbstractDiscoveredOperation.java:60) ~[spring-boot-actuator-3.4.3.jar!/:3.4.3]
	at org.springframework.boot.actuate.endpoint.web.servlet.AbstractWebMvcEndpointHandlerMapping$ServletWebOperationAdapter.handle(AbstractWebMvcEndpointHandlerMapping.java:327) ~[spring-boot-actuator-3.4.3.jar!/:3.4.3]
	at org.springframework.boot.actuate.endpoint.web.servlet.AbstractWebMvcEndpointHandlerMapping$OperationHandler.handle(AbstractWebMvcEndpointHandlerMapping.java:434) ~[spring-boot-actuator-3.4.3.jar!/:3.4.3]
	at java.base/jdk.internal.reflect.DirectMethodHandleAccessor.invoke(DirectMethodHandleAccessor.java:103) ~[na:na]
	at java.base/java.lang.reflect.Method.invoke(Method.java:580) ~[na:na]
	at org.springframework.web.method.support.InvocableHandlerMethod.doInvoke(InvocableHandlerMethod.java:257) ~[spring-web-6.2.3.jar!/:6.2.3]
	at org.springframework.web.method.support.InvocableHandlerMethod.invokeForRequest(InvocableHandlerMethod.java:190) ~[spring-web-6.2.3.jar!/:6.2.3]
	at org.springframework.web.servlet.mvc.method.annotation.ServletInvocableHandlerMethod.invokeAndHandle(ServletInvocableHandlerMethod.java:118) ~[spring-webmvc-6.2.3.jar!/:6.2.3]
	at org.springframework.web.servlet.mvc.method.annotation.RequestMappingHandlerAdapter.invokeHandlerMethod(RequestMappingHandlerAdapter.java:986) ~[spring-webmvc-6.2.3.jar!/:6.2.3]
	at org.springframework.web.servlet.mvc.method.annotation.RequestMappingHandlerAdapter.handleInternal(RequestMappingHandlerAdapter.java:891) ~[spring-webmvc-6.2.3.jar!/:6.2.3]
	at org.springframework.web.servlet.mvc.method.AbstractHandlerMethodAdapter.handle(AbstractHandlerMethodAdapter.java:87) ~[spring-webmvc-6.2.3.jar!/:6.2.3]
	at org.springframework.web.servlet.DispatcherServlet.doDispatch(DispatcherServlet.java:1088) ~[spring-webmvc-6.2.3.jar!/:6.2.3]
	at org.springframework.web.servlet.DispatcherServlet.doService(DispatcherServlet.java:978) ~[spring-webmvc-6.2.3.jar!/:6.2.3]
	at org.springframework.web.servlet.FrameworkServlet.processRequest(FrameworkServlet.java:1014) ~[spring-webmvc-6.2.3.jar!/:6.2.3]
	at org.springframework.web.servlet.FrameworkServlet.doGet(FrameworkServlet.java:903) ~[spring-webmvc-6.2.3.jar!/:6.2.3]
	at jakarta.servlet.http.HttpServlet.service(HttpServlet.java:564) ~[tomcat-embed-core-10.1.36.jar!/:na]
	at org.springframework.web.servlet.FrameworkServlet.service(FrameworkServlet.java:885) ~[spring-webmvc-6.2.3.jar!/:6.2.3]
	at jakarta.servlet.http.HttpServlet.service(HttpServlet.java:658) ~[tomcat-embed-core-10.1.36.jar!/:na]
	at org.apache.catalina.core.ApplicationFilterChain.internalDoFilter(ApplicationFilterChain.java:195) ~[tomcat-embed-core-10.1.36.jar!/:na]
	at org.apache.catalina.core.ApplicationFilterChain.doFilter(ApplicationFilterChain.java:140) ~[tomcat-embed-core-10.1.36.jar!/:na]
	at org.apache.tomcat.websocket.server.WsFilter.doFilter(WsFilter.java:51) ~[tomcat-embed-websocket-10.1.36.jar!/:na]
	at org.apache.catalina.core.ApplicationFilterChain.internalDoFilter(ApplicationFilterChain.java:164) ~[tomcat-embed-core-10.1.36.jar!/:na]
	at org.apache.catalina.core.ApplicationFilterChain.doFilter(ApplicationFilterChain.java:140) ~[tomcat-embed-core-10.1.36.jar!/:na]
	at org.springframework.web.filter.CompositeFilter$VirtualFilterChain.doFilter(CompositeFilter.java:108) ~[spring-web-6.2.3.jar!/:6.2.3]
	at org.springframework.security.web.FilterChainProxy.lambda$doFilterInternal$3(FilterChainProxy.java:231) ~[spring-security-web-6.4.3.jar!/:6.4.3]
	at org.springframework.security.web.ObservationFilterChainDecorator$FilterObservation$SimpleFilterObservation.lambda$wrap$1(ObservationFilterChainDecorator.java:479) ~[spring-security-web-6.4.3.jar!/:6.4.3]
	at org.springframework.security.web.ObservationFilterChainDecorator$AroundFilterObservation$SimpleAroundFilterObservation.lambda$wrap$1(ObservationFilterChainDecorator.java:340) ~[spring-security-web-6.4.3.jar!/:6.4.3]
	at org.springframework.security.web.ObservationFilterChainDecorator.lambda$wrapSecured$0(ObservationFilterChainDecorator.java:82) ~[spring-security-web-6.4.3.jar!/:6.4.3]
	at org.springframework.security.web.ObservationFilterChainDecorator$VirtualFilterChain.doFilter(ObservationFilterChainDecorator.java:128) ~[spring-security-web-6.4.3.jar!/:6.4.3]
	at org.springframework.security.web.access.intercept.AuthorizationFilter.doFilter(AuthorizationFilter.java:101) ~[spring-security-web-6.4.3.jar!/:6.4.3]
	at org.springframework.security.web.ObservationFilterChainDecorator$ObservationFilter.wrapFilter(ObservationFilterChainDecorator.java:240) ~[spring-security-web-6.4.3.jar!/:6.4.3]
	at org.springframework.security.web.ObservationFilterChainDecorator$ObservationFilter.doFilter(ObservationFilterChainDecorator.java:227) ~[spring-security-web-6.4.3.jar!/:6.4.3]
	at org.springframework.security.web.ObservationFilterChainDecorator$VirtualFilterChain.doFilter(ObservationFilterChainDecorator.java:137) ~[spring-security-web-6.4.3.jar!/:6.4.3]
	at org.springframework.security.web.access.ExceptionTranslationFilter.doFilter(ExceptionTranslationFilter.java:126) ~[spring-security-web-6.4.3.jar!/:6.4.3]
	at org.springframework.security.web.access.ExceptionTranslationFilter.doFilter(ExceptionTranslationFilter.java:120) ~[spring-security-web-6.4.3.jar!/:6.4.3]
	at org.springframework.security.web.ObservationFilterChainDecorator$ObservationFilter.wrapFilter(ObservationFilterChainDecorator.java:240) ~[spring-security-web-6.4.3.jar!/:6.4.3]
	at org.springframework.security.web.ObservationFilterChainDecorator$ObservationFilter.doFilter(ObservationFilterChainDecorator.java:227) ~[spring-security-web-6.4.3.jar!/:6.4.3]
	at org.springframework.security.web.ObservationFilterChainDecorator$VirtualFilterChain.doFilter(ObservationFilterChainDecorator.java:137) ~[spring-security-web-6.4.3.jar!/:6.4.3]
	at org.springframework.security.web.authentication.AnonymousAuthenticationFilter.doFilter(AnonymousAuthenticationFilter.java:100) ~[spring-security-web-6.4.3.jar!/:6.4.3]
	at org.springframework.security.web.ObservationFilterChainDecorator$ObservationFilter.wrapFilter(ObservationFilterChainDecorator.java:240) ~[spring-security-web-6.4.3.jar!/:6.4.3]
	at org.springframework.security.web.ObservationFilterChainDecorator$ObservationFilter.doFilter(ObservationFilterChainDecorator.java:227) ~[spring-security-web-6.4.3.jar!/:6.4.3]
	at org.springframework.security.web.ObservationFilterChainDecorator$VirtualFilterChain.doFilter(ObservationFilterChainDecorator.java:137) ~[spring-security-web-6.4.3.jar!/:6.4.3]
	at org.springframework.security.web.servletapi.SecurityContextHolderAwareRequestFilter.doFilter(SecurityContextHolderAwareRequestFilter.java:179) ~[spring-security-web-6.4.3.jar!/:6.4.3]
	at org.springframework.security.web.ObservationFilterChainDecorator$ObservationFilter.wrapFilter(ObservationFilterChainDecorator.java:240) ~[spring-security-web-6.4.3.jar!/:6.4.3]
	at org.springframework.security.web.ObservationFilterChainDecorator$ObservationFilter.doFilter(ObservationFilterChainDecorator.java:227) ~[spring-security-web-6.4.3.jar!/:6.4.3]
	at org.springframework.security.web.ObservationFilterChainDecorator$VirtualFilterChain.doFilter(ObservationFilterChainDecorator.java:137) ~[spring-security-web-6.4.3.jar!/:6.4.3]
	at org.springframework.security.web.savedrequest.RequestCacheAwareFilter.doFilter(RequestCacheAwareFilter.java:63) ~[spring-security-web-6.4.3.jar!/:6.4.3]
	at org.springframework.security.web.ObservationFilterChainDecorator$ObservationFilter.wrapFilter(ObservationFilterChainDecorator.java:240) ~[spring-security-web-6.4.3.jar!/:6.4.3]
	at org.springframework.security.web.ObservationFilterChainDecorator$ObservationFilter.doFilter(ObservationFilterChainDecorator.java:227) ~[spring-security-web-6.4.3.jar!/:6.4.3]
	at org.springframework.security.web.ObservationFilterChainDecorator$VirtualFilterChain.doFilter(ObservationFilterChainDecorator.java:137) ~[spring-security-web-6.4.3.jar!/:6.4.3]
	at org.springframework.security.web.authentication.logout.LogoutFilter.doFilter(LogoutFilter.java:107) ~[spring-security-web-6.4.3.jar!/:6.4.3]
	at org.springframework.security.web.authentication.logout.LogoutFilter.doFilter(LogoutFilter.java:93) ~[spring-security-web-6.4.3.jar!/:6.4.3]
	at org.springframework.security.web.ObservationFilterChainDecorator$ObservationFilter.wrapFilter(ObservationFilterChainDecorator.java:240) ~[spring-security-web-6.4.3.jar!/:6.4.3]
	at org.springframework.security.web.ObservationFilterChainDecorator$ObservationFilter.doFilter(ObservationFilterChainDecorator.java:227) ~[spring-security-web-6.4.3.jar!/:6.4.3]
	at org.springframework.security.web.ObservationFilterChainDecorator$VirtualFilterChain.doFilter(ObservationFilterChainDecorator.java:137) ~[spring-security-web-6.4.3.jar!/:6.4.3]
	at org.springframework.web.filter.CorsFilter.doFilterInternal(CorsFilter.java:91) ~[spring-web-6.2.3.jar!/:6.2.3]
	at org.springframework.web.filter.OncePerRequestFilter.doFilter(OncePerRequestFilter.java:116) ~[spring-web-6.2.3.jar!/:6.2.3]
	at org.springframework.security.web.ObservationFilterChainDecorator$ObservationFilter.wrapFilter(ObservationFilterChainDecorator.java:240) ~[spring-security-web-6.4.3.jar!/:6.4.3]
	at org.springframework.security.web.ObservationFilterChainDecorator$ObservationFilter.doFilter(ObservationFilterChainDecorator.java:227) ~[spring-security-web-6.4.3.jar!/:6.4.3]
	at org.springframework.security.web.ObservationFilterChainDecorator$VirtualFilterChain.doFilter(ObservationFilterChainDecorator.java:137) ~[spring-security-web-6.4.3.jar!/:6.4.3]
	at org.springframework.security.web.header.HeaderWriterFilter.doHeadersAfter(HeaderWriterFilter.java:90) ~[spring-security-web-6.4.3.jar!/:6.4.3]
	at org.springframework.security.web.header.HeaderWriterFilter.doFilterInternal(HeaderWriterFilter.java:75) ~[spring-security-web-6.4.3.jar!/:6.4.3]
	at org.springframework.web.filter.OncePerRequestFilter.doFilter(OncePerRequestFilter.java:116) ~[spring-web-6.2.3.jar!/:6.2.3]
	at org.springframework.security.web.ObservationFilterChainDecorator$ObservationFilter.wrapFilter(ObservationFilterChainDecorator.java:240) ~[spring-security-web-6.4.3.jar!/:6.4.3]
	at org.springframework.security.web.ObservationFilterChainDecorator$ObservationFilter.doFilter(ObservationFilterChainDecorator.java:227) ~[spring-security-web-6.4.3.jar!/:6.4.3]
	at org.springframework.security.web.ObservationFilterChainDecorator$VirtualFilterChain.doFilter(ObservationFilterChainDecorator.java:137) ~[spring-security-web-6.4.3.jar!/:6.4.3]
	at org.springframework.security.web.context.SecurityContextHolderFilter.doFilter(SecurityContextHolderFilter.java:82) ~[spring-security-web-6.4.3.jar!/:6.4.3]
	at org.springframework.security.web.context.SecurityContextHolderFilter.doFilter(SecurityContextHolderFilter.java:69) ~[spring-security-web-6.4.3.jar!/:6.4.3]
	at org.springframework.security.web.ObservationFilterChainDecorator$ObservationFilter.wrapFilter(ObservationFilterChainDecorator.java:240) ~[spring-security-web-6.4.3.jar!/:6.4.3]
	at org.springframework.security.web.ObservationFilterChainDecorator$ObservationFilter.doFilter(ObservationFilterChainDecorator.java:227) ~[spring-security-web-6.4.3.jar!/:6.4.3]
	at org.springframework.security.web.ObservationFilterChainDecorator$VirtualFilterChain.doFilter(ObservationFilterChainDecorator.java:137) ~[spring-security-web-6.4.3.jar!/:6.4.3]
	at org.springframework.security.web.context.request.async.WebAsyncManagerIntegrationFilter.doFilterInternal(WebAsyncManagerIntegrationFilter.java:62) ~[spring-security-web-6.4.3.jar!/:6.4.3]
	at org.springframework.web.filter.OncePerRequestFilter.doFilter(OncePerRequestFilter.java:116) ~[spring-web-6.2.3.jar!/:6.2.3]
	at org.springframework.security.web.ObservationFilterChainDecorator$ObservationFilter.wrapFilter(ObservationFilterChainDecorator.java:240) ~[spring-security-web-6.4.3.jar!/:6.4.3]
	at org.springframework.security.web.ObservationFilterChainDecorator$ObservationFilter.doFilter(ObservationFilterChainDecorator.java:227) ~[spring-security-web-6.4.3.jar!/:6.4.3]
	at org.springframework.security.web.ObservationFilterChainDecorator$VirtualFilterChain.doFilter(ObservationFilterChainDecorator.java:137) ~[spring-security-web-6.4.3.jar!/:6.4.3]
	at org.springframework.security.web.session.DisableEncodeUrlFilter.doFilterInternal(DisableEncodeUrlFilter.java:42) ~[spring-security-web-6.4.3.jar!/:6.4.3]
	at org.springframework.web.filter.OncePerRequestFilter.doFilter(OncePerRequestFilter.java:116) ~[spring-web-6.2.3.jar!/:6.2.3]
	at org.springframework.security.web.ObservationFilterChainDecorator$ObservationFilter.wrapFilter(ObservationFilterChainDecorator.java:240) ~[spring-security-web-6.4.3.jar!/:6.4.3]
	at org.springframework.security.web.ObservationFilterChainDecorator$AroundFilterObservation$SimpleAroundFilterObservation.lambda$wrap$0(ObservationFilterChainDecorator.java:323) ~[spring-security-web-6.4.3.jar!/:6.4.3]
	at org.springframework.security.web.ObservationFilterChainDecorator$ObservationFilter.doFilter(ObservationFilterChainDecorator.java:224) ~[spring-security-web-6.4.3.jar!/:6.4.3]
	at org.springframework.security.web.ObservationFilterChainDecorator$VirtualFilterChain.doFilter(ObservationFilterChainDecorator.java:137) ~[spring-security-web-6.4.3.jar!/:6.4.3]
	at org.springframework.security.web.FilterChainProxy.doFilterInternal(FilterChainProxy.java:233) ~[spring-security-web-6.4.3.jar!/:6.4.3]
	at org.springframework.security.web.FilterChainProxy.doFilter(FilterChainProxy.java:191) ~[spring-security-web-6.4.3.jar!/:6.4.3]
	at org.springframework.web.filter.CompositeFilter$VirtualFilterChain.doFilter(CompositeFilter.java:113) ~[spring-web-6.2.3.jar!/:6.2.3]
	at org.springframework.web.servlet.handler.HandlerMappingIntrospector.lambda$createCacheFilter$3(HandlerMappingIntrospector.java:243) ~[spring-webmvc-6.2.3.jar!/:6.2.3]
	at org.springframework.web.filter.CompositeFilter$VirtualFilterChain.doFilter(CompositeFilter.java:113) ~[spring-web-6.2.3.jar!/:6.2.3]
	at org.springframework.web.filter.CompositeFilter.doFilter(CompositeFilter.java:74) ~[spring-web-6.2.3.jar!/:6.2.3]
	at org.springframework.security.config.annotation.web.configuration.WebMvcSecurityConfiguration$CompositeFilterChainProxy.doFilter(WebMvcSecurityConfiguration.java:238) ~[spring-security-config-6.4.3.jar!/:6.4.3]
	at org.springframework.web.filter.DelegatingFilterProxy.invokeDelegate(DelegatingFilterProxy.java:362) ~[spring-web-6.2.3.jar!/:6.2.3]
	at org.springframework.web.filter.DelegatingFilterProxy.doFilter(DelegatingFilterProxy.java:278) ~[spring-web-6.2.3.jar!/:6.2.3]
	at org.apache.catalina.core.ApplicationFilterChain.internalDoFilter(ApplicationFilterChain.java:164) ~[tomcat-embed-core-10.1.36.jar!/:na]
	at org.apache.catalina.core.ApplicationFilterChain.doFilter(ApplicationFilterChain.java:140) ~[tomcat-embed-core-10.1.36.jar!/:na]
	at org.springframework.web.filter.RequestContextFilter.doFilterInternal(RequestContextFilter.java:100) ~[spring-web-6.2.3.jar!/:6.2.3]
	at org.springframework.web.filter.OncePerRequestFilter.doFilter(OncePerRequestFilter.java:116) ~[spring-web-6.2.3.jar!/:6.2.3]
	at org.apache.catalina.core.ApplicationFilterChain.internalDoFilter(ApplicationFilterChain.java:164) ~[tomcat-embed-core-10.1.36.jar!/:na]
	at org.apache.catalina.core.ApplicationFilterChain.doFilter(ApplicationFilterChain.java:140) ~[tomcat-embed-core-10.1.36.jar!/:na]
	at org.springframework.web.filter.FormContentFilter.doFilterInternal(FormContentFilter.java:93) ~[spring-web-6.2.3.jar!/:6.2.3]
	at org.springframework.web.filter.OncePerRequestFilter.doFilter(OncePerRequestFilter.java:116) ~[spring-web-6.2.3.jar!/:6.2.3]
	at org.apache.catalina.core.ApplicationFilterChain.internalDoFilter(ApplicationFilterChain.java:164) ~[tomcat-embed-core-10.1.36.jar!/:na]
	at org.apache.catalina.core.ApplicationFilterChain.doFilter(ApplicationFilterChain.java:140) ~[tomcat-embed-core-10.1.36.jar!/:na]
	at org.springframework.web.filter.ServerHttpObservationFilter.doFilterInternal(ServerHttpObservationFilter.java:114) ~[spring-web-6.2.3.jar!/:6.2.3]
	at org.springframework.web.filter.OncePerRequestFilter.doFilter(OncePerRequestFilter.java:116) ~[spring-web-6.2.3.jar!/:6.2.3]
	at org.apache.catalina.core.ApplicationFilterChain.internalDoFilter(ApplicationFilterChain.java:164) ~[tomcat-embed-core-10.1.36.jar!/:na]
	at org.apache.catalina.core.ApplicationFilterChain.doFilter(ApplicationFilterChain.java:140) ~[tomcat-embed-core-10.1.36.jar!/:na]
	at org.springframework.web.filter.CharacterEncodingFilter.doFilterInternal(CharacterEncodingFilter.java:201) ~[spring-web-6.2.3.jar!/:6.2.3]
	at org.springframework.web.filter.OncePerRequestFilter.doFilter(OncePerRequestFilter.java:116) ~[spring-web-6.2.3.jar!/:6.2.3]
	at org.apache.catalina.core.ApplicationFilterChain.internalDoFilter(ApplicationFilterChain.java:164) ~[tomcat-embed-core-10.1.36.jar!/:na]
	at org.apache.catalina.core.ApplicationFilterChain.doFilter(ApplicationFilterChain.java:140) ~[tomcat-embed-core-10.1.36.jar!/:na]
	at org.apache.catalina.core.StandardWrapperValve.invoke(StandardWrapperValve.java:167) ~[tomcat-embed-core-10.1.36.jar!/:na]
	at org.apache.catalina.core.StandardContextValve.invoke(StandardContextValve.java:90) ~[tomcat-embed-core-10.1.36.jar!/:na]
	at org.apache.catalina.authenticator.AuthenticatorBase.invoke(AuthenticatorBase.java:483) ~[tomcat-embed-core-10.1.36.jar!/:na]
	at org.apache.catalina.core.StandardHostValve.invoke(StandardHostValve.java:115) ~[tomcat-embed-core-10.1.36.jar!/:na]
	at org.apache.catalina.valves.ErrorReportValve.invoke(ErrorReportValve.java:93) ~[tomcat-embed-core-10.1.36.jar!/:na]
	at org.apache.catalina.core.StandardEngineValve.invoke(StandardEngineValve.java:74) ~[tomcat-embed-core-10.1.36.jar!/:na]
	at org.apache.catalina.connector.CoyoteAdapter.service(CoyoteAdapter.java:344) ~[tomcat-embed-core-10.1.36.jar!/:na]
	at org.apache.coyote.http11.Http11Processor.service(Http11Processor.java:397) ~[tomcat-embed-core-10.1.36.jar!/:na]
	at org.apache.coyote.AbstractProcessorLight.process(AbstractProcessorLight.java:63) ~[tomcat-embed-core-10.1.36.jar!/:na]
	at org.apache.coyote.AbstractProtocol$ConnectionHandler.process(AbstractProtocol.java:905) ~[tomcat-embed-core-10.1.36.jar!/:na]
	at org.apache.tomcat.util.net.NioEndpoint$SocketProcessor.doRun(NioEndpoint.java:1743) ~[tomcat-embed-core-10.1.36.jar!/:na]
	at org.apache.tomcat.util.net.SocketProcessorBase.run(SocketProcessorBase.java:52) ~[tomcat-embed-core-10.1.36.jar!/:na]
	at org.apache.tomcat.util.threads.ThreadPoolExecutor.runWorker(ThreadPoolExecutor.java:1190) ~[tomcat-embed-core-10.1.36.jar!/:na]
	at org.apache.tomcat.util.threads.ThreadPoolExecutor$Worker.run(ThreadPoolExecutor.java:659) ~[tomcat-embed-core-10.1.36.jar!/:na]
	at org.apache.tomcat.util.threads.TaskThread$WrappingRunnable.run(TaskThread.java:63) ~[tomcat-embed-core-10.1.36.jar!/:na]
	at java.base/java.lang.Thread.run(Thread.java:1583) ~[na:na]
Caused by: java.net.ConnectException: Conexión rehusada
	at java.base/sun.nio.ch.Net.connect0(Native Method) ~[na:na]
	at java.base/sun.nio.ch.Net.connect(Net.java:589) ~[na:na]
	at java.base/sun.nio.ch.Net.connect(Net.java:578) ~[na:na]
	at java.base/sun.nio.ch.NioSocketImpl.connect(NioSocketImpl.java:583) ~[na:na]
	at java.base/java.net.SocksSocketImpl.connect(SocksSocketImpl.java:327) ~[na:na]
	at java.base/java.net.Socket.connect(Socket.java:751) ~[na:na]
	at java.base/java.net.Socket.connect(Socket.java:686) ~[na:na]
	at org.eclipse.angus.mail.util.SocketFetcher.createSocket(SocketFetcher.java:368) ~[jakarta.mail-2.0.3.jar!/:na]
	at org.eclipse.angus.mail.util.SocketFetcher.getSocket(SocketFetcher.java:243) ~[jakarta.mail-2.0.3.jar!/:na]
	at org.eclipse.angus.mail.smtp.SMTPTransport.openServer(SMTPTransport.java:2193) ~[jakarta.mail-2.0.3.jar!/:na]
	... 146 common frames omitted

2025-12-05T20:55:13.014-05:00  INFO 370351 --- [user-management-service] [main] c.s.u.UserManagementServiceApplication   : Starting UserManagementServiceApplication v0.0.1-SNAPSHOT using Java 21.0.9 with PID 370351 (/home/samup/Documentos/sentinel/user-management-service/target/user-management-service-0.0.1-SNAPSHOT.jar started by samup in /home/samup/Documentos/sentinel/tenant-service)
2025-12-05T20:55:13.016-05:00  INFO 370351 --- [user-management-service] [main] c.s.u.UserManagementServiceApplication   : No active profile set, falling back to 1 default profile: "default"
2025-12-05T20:55:13.885-05:00  INFO 370351 --- [user-management-service] [main] .s.d.r.c.RepositoryConfigurationDelegate : Bootstrapping Spring Data JPA repositories in DEFAULT mode.
2025-12-05T20:55:13.931-05:00  INFO 370351 --- [user-management-service] [main] .s.d.r.c.RepositoryConfigurationDelegate : Finished Spring Data repository scanning in 38 ms. Found 4 JPA repository interfaces.
2025-12-05T20:55:14.224-05:00  INFO 370351 --- [user-management-service] [main] o.s.cloud.context.scope.GenericScope     : BeanFactory id=39fe63af-e915-347b-a9af-a2a0032c0d99
2025-12-05T20:55:14.832-05:00  INFO 370351 --- [user-management-service] [main] o.s.b.w.embedded.tomcat.TomcatWebServer  : Tomcat initialized with port 8083 (http)
2025-12-05T20:55:14.846-05:00  INFO 370351 --- [user-management-service] [main] o.apache.catalina.core.StandardService   : Starting service [Tomcat]
2025-12-05T20:55:14.846-05:00  INFO 370351 --- [user-management-service] [main] o.apache.catalina.core.StandardEngine    : Starting Servlet engine: [Apache Tomcat/10.1.36]
2025-12-05T20:55:14.874-05:00  INFO 370351 --- [user-management-service] [main] o.a.c.c.C.[Tomcat].[localhost].[/]       : Initializing Spring embedded WebApplicationContext
2025-12-05T20:55:14.874-05:00  INFO 370351 --- [user-management-service] [main] w.s.c.ServletWebServerApplicationContext : Root WebApplicationContext: initialization completed in 1824 ms
2025-12-05T20:55:15.157-05:00  INFO 370351 --- [user-management-service] [main] com.zaxxer.hikari.HikariDataSource       : HikariPool-1 - Starting...
2025-12-05T20:55:15.437-05:00  INFO 370351 --- [user-management-service] [main] com.zaxxer.hikari.pool.HikariPool        : HikariPool-1 - Added connection org.postgresql.jdbc.PgConnection@5709e10b
2025-12-05T20:55:15.439-05:00  INFO 370351 --- [user-management-service] [main] com.zaxxer.hikari.HikariDataSource       : HikariPool-1 - Start completed.
2025-12-05T20:55:15.554-05:00  INFO 370351 --- [user-management-service] [main] o.hibernate.jpa.internal.util.LogHelper  : HHH000204: Processing PersistenceUnitInfo [name: default]
2025-12-05T20:55:15.607-05:00  INFO 370351 --- [user-management-service] [main] org.hibernate.Version                    : HHH000412: Hibernate ORM core version 6.6.8.Final
2025-12-05T20:55:15.640-05:00  INFO 370351 --- [user-management-service] [main] o.h.c.internal.RegionFactoryInitiator    : HHH000026: Second-level cache disabled
2025-12-05T20:55:15.844-05:00  INFO 370351 --- [user-management-service] [main] o.s.o.j.p.SpringPersistenceUnitInfo      : No LoadTimeWeaver setup: ignoring JPA class transformer
2025-12-05T20:55:15.884-05:00  WARN 370351 --- [user-management-service] [main] org.hibernate.orm.deprecation            : HHH90000025: PostgreSQLDialect does not need to be specified explicitly using 'hibernate.dialect' (remove the property setting and it will be selected by default)
2025-12-05T20:55:15.895-05:00  INFO 370351 --- [user-management-service] [main] org.hibernate.orm.connections.pooling    : HHH10001005: Database info:
	Database JDBC URL [Connecting through datasource 'HikariDataSource (HikariPool-1)']
	Database driver: undefined/unknown
	Database version: 16.10
	Autocommit mode: undefined/unknown
	Isolation level: undefined/unknown
	Minimum pool size: undefined/unknown
	Maximum pool size: undefined/unknown
2025-12-05T20:55:16.589-05:00  INFO 370351 --- [user-management-service] [main] o.h.e.t.j.p.i.JtaPlatformInitiator       : HHH000489: No JTA platform available (set 'hibernate.transaction.jta.platform' to enable JTA platform integration)
2025-12-05T20:55:16.690-05:00  INFO 370351 --- [user-management-service] [main] j.LocalContainerEntityManagerFactoryBean : Initialized JPA EntityManagerFactory for persistence unit 'default'
2025-12-05T20:55:17.075-05:00  INFO 370351 --- [user-management-service] [main] o.s.d.j.r.query.QueryEnhancerFactory     : Hibernate is in classpath; If applicable, HQL parser will be used.
2025-12-05T20:55:17.632-05:00  WARN 370351 --- [user-management-service] [main] JpaBaseConfiguration$JpaWebConfiguration : spring.jpa.open-in-view is enabled by default. Therefore, database queries may be performed during view rendering. Explicitly configure spring.jpa.open-in-view to disable this warning
2025-12-05T20:55:18.267-05:00  WARN 370351 --- [user-management-service] [main] .s.s.UserDetailsServiceAutoConfiguration : 

Using generated security password: 72934b21-aea0-4cf1-8ab1-4f2390e5587c

This generated password is for development use only. Your security configuration must be updated before running your application in production.

2025-12-05T20:55:18.285-05:00  INFO 370351 --- [user-management-service] [main] r$InitializeUserDetailsManagerConfigurer : Global AuthenticationManager configured with UserDetailsService bean with name inMemoryUserDetailsManager
2025-12-05T20:55:18.815-05:00  INFO 370351 --- [user-management-service] [main] o.s.b.a.e.web.EndpointLinksResolver      : Exposing 3 endpoints beneath base path '/actuator'
2025-12-05T20:55:19.648-05:00 DEBUG 370351 --- [user-management-service] [main] .a.r.l.a.MessagingMessageListenerAdapter : Inferred argument type for public void com.sentinel.user_management_service.events.UserManagementEventListener.handleUserRegistered(java.util.Map) is java.util.Map<java.lang.String, java.lang.Object>
2025-12-05T20:55:19.653-05:00 DEBUG 370351 --- [user-management-service] [main] o.s.a.r.l.SimpleMessageListenerContainer : No global properties bean
2025-12-05T20:55:19.654-05:00 DEBUG 370351 --- [user-management-service] [main] .a.r.l.a.MessagingMessageListenerAdapter : Inferred argument type for public void com.sentinel.user_management_service.events.listeners.ProjectCreatedListener.handleProjectCreated(java.util.Map) is java.util.Map<java.lang.String, java.lang.Object>
2025-12-05T20:55:19.654-05:00 DEBUG 370351 --- [user-management-service] [main] o.s.a.r.l.SimpleMessageListenerContainer : No global properties bean
2025-12-05T20:55:19.654-05:00 DEBUG 370351 --- [user-management-service] [main] .a.r.l.a.MessagingMessageListenerAdapter : Inferred argument type for public void com.sentinel.user_management_service.events.listeners.TenantCreatedListener.handleTenantCreated(java.util.Map) is java.util.Map<java.lang.String, java.lang.Object>
2025-12-05T20:55:19.654-05:00 DEBUG 370351 --- [user-management-service] [main] o.s.a.r.l.SimpleMessageListenerContainer : No global properties bean
2025-12-05T20:55:19.670-05:00  INFO 370351 --- [user-management-service] [main] o.s.b.w.embedded.tomcat.TomcatWebServer  : Tomcat started on port 8083 (http) with context path '/'
2025-12-05T20:55:19.793-05:00 DEBUG 370351 --- [user-management-service] [main] o.s.a.r.l.SimpleMessageListenerContainer : Starting Rabbit listener container.
2025-12-05T20:55:19.795-05:00  INFO 370351 --- [user-management-service] [main] o.s.a.r.c.CachingConnectionFactory       : Attempting to connect to: [localhost:5672]
2025-12-05T20:55:19.821-05:00  INFO 370351 --- [user-management-service] [main] o.s.a.r.c.CachingConnectionFactory       : Created new connection: rabbitConnectionFactory#172f0ab5:0/SimpleConnection@2c9ecb60 [delegate=amqp://guest@127.0.0.1:5672/, localPort=33298]
2025-12-05T20:55:19.823-05:00 DEBUG 370351 --- [user-management-service] [main] o.s.amqp.rabbit.core.RabbitAdmin         : Initializing declarations
2025-12-05T20:55:19.831-05:00 DEBUG 370351 --- [user-management-service] [main] o.s.a.r.c.CachingConnectionFactory       : Creating cached Rabbit Channel from AMQChannel(amqp://guest@127.0.0.1:5672/,1)
2025-12-05T20:55:19.836-05:00 DEBUG 370351 --- [user-management-service] [main] o.s.amqp.rabbit.core.RabbitTemplate      : Executing callback RabbitAdmin$$Lambda/0x000074a6acd16d70 on RabbitMQ Channel: Cached Rabbit Channel: AMQChannel(amqp://guest@127.0.0.1:5672/,1), conn: Proxy@56f3a810 Shared Rabbit Connection: SimpleConnection@2c9ecb60 [delegate=amqp://guest@127.0.0.1:5672/, localPort=33298]
2025-12-05T20:55:19.836-05:00 DEBUG 370351 --- [user-management-service] [main] o.s.amqp.rabbit.core.RabbitAdmin         : declaring Exchange 'user_mgmt_exchange'
2025-12-05T20:55:19.838-05:00 DEBUG 370351 --- [user-management-service] [main] o.s.amqp.rabbit.core.RabbitAdmin         : declaring Exchange 'auth_exchange'
2025-12-05T20:55:19.838-05:00 DEBUG 370351 --- [user-management-service] [main] o.s.amqp.rabbit.core.RabbitAdmin         : declaring Exchange 'tenant-exchange'
2025-12-05T20:55:19.839-05:00 DEBUG 370351 --- [user-management-service] [main] o.s.amqp.rabbit.core.RabbitAdmin         : declaring Exchange 'project-exchange'
2025-12-05T20:55:19.839-05:00 DEBUG 370351 --- [user-management-service] [main] o.s.amqp.rabbit.core.RabbitAdmin         : declaring Queue 'user_mgmt.user.registered.queue'
2025-12-05T20:55:19.841-05:00 DEBUG 370351 --- [user-management-service] [main] o.s.amqp.rabbit.core.RabbitAdmin         : declaring Queue 'user_mgmt.tenant.created.queue'
2025-12-05T20:55:19.841-05:00 DEBUG 370351 --- [user-management-service] [main] o.s.amqp.rabbit.core.RabbitAdmin         : declaring Queue 'user_mgmt.project.created.queue'
2025-12-05T20:55:19.842-05:00 DEBUG 370351 --- [user-management-service] [main] o.s.amqp.rabbit.core.RabbitAdmin         : Binding destination [user_mgmt.user.registered.queue (QUEUE)] to exchange [auth_exchange] with routing key [auth.user.registered]
2025-12-05T20:55:19.844-05:00 DEBUG 370351 --- [user-management-service] [main] o.s.amqp.rabbit.core.RabbitAdmin         : Binding destination [user_mgmt.tenant.created.queue (QUEUE)] to exchange [tenant-exchange] with routing key [tenant.created]
2025-12-05T20:55:19.844-05:00 DEBUG 370351 --- [user-management-service] [main] o.s.amqp.rabbit.core.RabbitAdmin         : Binding destination [user_mgmt.project.created.queue (QUEUE)] to exchange [project-exchange] with routing key [project.created]
2025-12-05T20:55:19.845-05:00 DEBUG 370351 --- [user-management-service] [main] o.s.amqp.rabbit.core.RabbitAdmin         : Declarations finished
2025-12-05T20:55:19.850-05:00 DEBUG 370351 --- [user-management-service] [org.springframework.amqp.rabbit.RabbitListenerEndpointContainer#0-1] o.s.amqp.rabbit.core.RabbitTemplate      : Executing callback RabbitAdmin$$Lambda/0x000074a6acd25658 on RabbitMQ Channel: Cached Rabbit Channel: AMQChannel(amqp://guest@127.0.0.1:5672/,1), conn: Proxy@56f3a810 Shared Rabbit Connection: SimpleConnection@2c9ecb60 [delegate=amqp://guest@127.0.0.1:5672/, localPort=33298]
2025-12-05T20:55:19.852-05:00 DEBUG 370351 --- [user-management-service] [org.springframework.amqp.rabbit.RabbitListenerEndpointContainer#0-1] o.s.a.r.listener.BlockingQueueConsumer   : Starting consumer Consumer@62c3853e: tags=[[]], channel=null, acknowledgeMode=AUTO local queue size=0
2025-12-05T20:55:19.859-05:00 DEBUG 370351 --- [user-management-service] [pool-3-thread-3] o.s.a.r.listener.BlockingQueueConsumer   : ConsumeOK: Consumer@62c3853e: tags=[[amq.ctag-TWCgUNEpqW3Qc7o2rCebMg]], channel=Cached Rabbit Channel: AMQChannel(amqp://guest@127.0.0.1:5672/,1), conn: Proxy@56f3a810 Shared Rabbit Connection: SimpleConnection@2c9ecb60 [delegate=amqp://guest@127.0.0.1:5672/, localPort=33298], acknowledgeMode=AUTO local queue size=0
2025-12-05T20:55:19.859-05:00 DEBUG 370351 --- [user-management-service] [org.springframework.amqp.rabbit.RabbitListenerEndpointContainer#0-1] o.s.a.r.listener.BlockingQueueConsumer   : Started on queue 'user_mgmt.user.registered.queue' with tag amq.ctag-TWCgUNEpqW3Qc7o2rCebMg: Consumer@62c3853e: tags=[[]], channel=Cached Rabbit Channel: AMQChannel(amqp://guest@127.0.0.1:5672/,1), conn: Proxy@56f3a810 Shared Rabbit Connection: SimpleConnection@2c9ecb60 [delegate=amqp://guest@127.0.0.1:5672/, localPort=33298], acknowledgeMode=AUTO local queue size=0
2025-12-05T20:55:19.859-05:00 DEBUG 370351 --- [user-management-service] [main] o.s.a.r.l.SimpleMessageListenerContainer : Starting Rabbit listener container.
2025-12-05T20:55:19.862-05:00 DEBUG 370351 --- [user-management-service] [org.springframework.amqp.rabbit.RabbitListenerEndpointContainer#1-1] o.s.a.r.c.CachingConnectionFactory       : Creating cached Rabbit Channel from AMQChannel(amqp://guest@127.0.0.1:5672/,2)
2025-12-05T20:55:19.862-05:00 DEBUG 370351 --- [user-management-service] [org.springframework.amqp.rabbit.RabbitListenerEndpointContainer#1-1] o.s.amqp.rabbit.core.RabbitTemplate      : Executing callback RabbitAdmin$$Lambda/0x000074a6acd25658 on RabbitMQ Channel: Cached Rabbit Channel: AMQChannel(amqp://guest@127.0.0.1:5672/,2), conn: Proxy@56f3a810 Shared Rabbit Connection: SimpleConnection@2c9ecb60 [delegate=amqp://guest@127.0.0.1:5672/, localPort=33298]
2025-12-05T20:55:19.863-05:00 DEBUG 370351 --- [user-management-service] [org.springframework.amqp.rabbit.RabbitListenerEndpointContainer#1-1] o.s.a.r.listener.BlockingQueueConsumer   : Starting consumer Consumer@69d2fc03: tags=[[]], channel=null, acknowledgeMode=AUTO local queue size=0
2025-12-05T20:55:19.863-05:00 DEBUG 370351 --- [user-management-service] [org.springframework.amqp.rabbit.RabbitListenerEndpointContainer#1-1] o.s.a.r.listener.BlockingQueueConsumer   : Started on queue 'user_mgmt.project.created.queue' with tag amq.ctag-56qbXcBEDUcp6B_RmiJcqQ: Consumer@69d2fc03: tags=[[]], channel=Cached Rabbit Channel: AMQChannel(amqp://guest@127.0.0.1:5672/,2), conn: Proxy@56f3a810 Shared Rabbit Connection: SimpleConnection@2c9ecb60 [delegate=amqp://guest@127.0.0.1:5672/, localPort=33298], acknowledgeMode=AUTO local queue size=0
2025-12-05T20:55:19.864-05:00 DEBUG 370351 --- [user-management-service] [pool-3-thread-4] o.s.a.r.listener.BlockingQueueConsumer   : ConsumeOK: Consumer@69d2fc03: tags=[[amq.ctag-56qbXcBEDUcp6B_RmiJcqQ]], channel=Cached Rabbit Channel: AMQChannel(amqp://guest@127.0.0.1:5672/,2), conn: Proxy@56f3a810 Shared Rabbit Connection: SimpleConnection@2c9ecb60 [delegate=amqp://guest@127.0.0.1:5672/, localPort=33298], acknowledgeMode=AUTO local queue size=0
2025-12-05T20:55:19.864-05:00 DEBUG 370351 --- [user-management-service] [main] o.s.a.r.l.SimpleMessageListenerContainer : Starting Rabbit listener container.
2025-12-05T20:55:19.870-05:00 DEBUG 370351 --- [user-management-service] [org.springframework.amqp.rabbit.RabbitListenerEndpointContainer#2-1] o.s.a.r.c.CachingConnectionFactory       : Creating cached Rabbit Channel from AMQChannel(amqp://guest@127.0.0.1:5672/,3)
2025-12-05T20:55:19.871-05:00 DEBUG 370351 --- [user-management-service] [org.springframework.amqp.rabbit.RabbitListenerEndpointContainer#2-1] o.s.amqp.rabbit.core.RabbitTemplate      : Executing callback RabbitAdmin$$Lambda/0x000074a6acd25658 on RabbitMQ Channel: Cached Rabbit Channel: AMQChannel(amqp://guest@127.0.0.1:5672/,3), conn: Proxy@56f3a810 Shared Rabbit Connection: SimpleConnection@2c9ecb60 [delegate=amqp://guest@127.0.0.1:5672/, localPort=33298]
2025-12-05T20:55:19.871-05:00 DEBUG 370351 --- [user-management-service] [org.springframework.amqp.rabbit.RabbitListenerEndpointContainer#2-1] o.s.a.r.listener.BlockingQueueConsumer   : Starting consumer Consumer@2ef77fcc: tags=[[]], channel=null, acknowledgeMode=AUTO local queue size=0
2025-12-05T20:55:19.872-05:00 DEBUG 370351 --- [user-management-service] [pool-3-thread-5] o.s.a.r.listener.BlockingQueueConsumer   : ConsumeOK: Consumer@2ef77fcc: tags=[[amq.ctag-7N8TMYCkxnYsqkftQg6tmg]], channel=Cached Rabbit Channel: AMQChannel(amqp://guest@127.0.0.1:5672/,3), conn: Proxy@56f3a810 Shared Rabbit Connection: SimpleConnection@2c9ecb60 [delegate=amqp://guest@127.0.0.1:5672/, localPort=33298], acknowledgeMode=AUTO local queue size=0
2025-12-05T20:55:19.872-05:00 DEBUG 370351 --- [user-management-service] [org.springframework.amqp.rabbit.RabbitListenerEndpointContainer#2-1] o.s.a.r.listener.BlockingQueueConsumer   : Started on queue 'user_mgmt.tenant.created.queue' with tag amq.ctag-7N8TMYCkxnYsqkftQg6tmg: Consumer@2ef77fcc: tags=[[]], channel=Cached Rabbit Channel: AMQChannel(amqp://guest@127.0.0.1:5672/,3), conn: Proxy@56f3a810 Shared Rabbit Connection: SimpleConnection@2c9ecb60 [delegate=amqp://guest@127.0.0.1:5672/, localPort=33298], acknowledgeMode=AUTO local queue size=0
2025-12-05T20:55:19.888-05:00  INFO 370351 --- [user-management-service] [main] c.s.u.UserManagementServiceApplication   : Started UserManagementServiceApplication in 7.345 seconds (process running for 7.727)
2025-12-05T20:55:25.182-05:00  INFO 370351 --- [user-management-service] [http-nio-8083-exec-1] o.a.c.c.C.[Tomcat].[localhost].[/]       : Initializing Spring DispatcherServlet 'dispatcherServlet'
2025-12-05T20:55:25.182-05:00  INFO 370351 --- [user-management-service] [http-nio-8083-exec-1] o.s.web.servlet.DispatcherServlet        : Initializing Servlet 'dispatcherServlet'
2025-12-05T20:55:25.183-05:00  INFO 370351 --- [user-management-service] [http-nio-8083-exec-1] o.s.web.servlet.DispatcherServlet        : Completed initialization in 1 ms
2025-12-05T20:55:25.226-05:00 DEBUG 370351 --- [user-management-service] [http-nio-8083-exec-1] o.s.a.r.c.CachingConnectionFactory       : Creating cached Rabbit Channel from AMQChannel(amqp://guest@127.0.0.1:5672/,4)
2025-12-05T20:55:25.226-05:00 DEBUG 370351 --- [user-management-service] [http-nio-8083-exec-1] o.s.amqp.rabbit.core.RabbitTemplate      : Executing callback RabbitHealthIndicator$$Lambda/0x000074a6acdae000 on RabbitMQ Channel: Cached Rabbit Channel: AMQChannel(amqp://guest@127.0.0.1:5672/,4), conn: Proxy@56f3a810 Shared Rabbit Connection: SimpleConnection@2c9ecb60 [delegate=amqp://guest@127.0.0.1:5672/, localPort=33298]
2025-12-05T20:55:25.250-05:00  WARN 370351 --- [user-management-service] [http-nio-8083-exec-1] o.s.b.actuate.mail.MailHealthIndicator   : Mail health check failed

org.eclipse.angus.mail.util.MailConnectException: Couldn't connect to host, port: localhost, 1025; timeout -1
	at org.eclipse.angus.mail.smtp.SMTPTransport.openServer(SMTPTransport.java:2243) ~[jakarta.mail-2.0.3.jar!/:na]
	at org.eclipse.angus.mail.smtp.SMTPTransport.protocolConnect(SMTPTransport.java:729) ~[jakarta.mail-2.0.3.jar!/:na]
	at jakarta.mail.Service.connect(Service.java:345) ~[jakarta.mail-2.0.3.jar!/:na]
	at org.springframework.mail.javamail.JavaMailSenderImpl.connectTransport(JavaMailSenderImpl.java:480) ~[spring-context-support-6.2.3.jar!/:6.2.3]
	at org.springframework.mail.javamail.JavaMailSenderImpl.testConnection(JavaMailSenderImpl.java:360) ~[spring-context-support-6.2.3.jar!/:6.2.3]
	at org.springframework.boot.actuate.mail.MailHealthIndicator.doHealthCheck(MailHealthIndicator.java:52) ~[spring-boot-actuator-3.4.3.jar!/:3.4.3]
	at org.springframework.boot.actuate.health.AbstractHealthIndicator.health(AbstractHealthIndicator.java:82) ~[spring-boot-actuator-3.4.3.jar!/:3.4.3]
	at org.springframework.boot.actuate.health.HealthIndicator.getHealth(HealthIndicator.java:37) ~[spring-boot-actuator-3.4.3.jar!/:3.4.3]
	at org.springframework.boot.actuate.health.HealthEndpointWebExtension.getHealth(HealthEndpointWebExtension.java:94) ~[spring-boot-actuator-3.4.3.jar!/:3.4.3]
	at org.springframework.boot.actuate.health.HealthEndpointWebExtension.getHealth(HealthEndpointWebExtension.java:47) ~[spring-boot-actuator-3.4.3.jar!/:3.4.3]
	at org.springframework.boot.actuate.health.HealthEndpointSupport.getLoggedHealth(HealthEndpointSupport.java:172) ~[spring-boot-actuator-3.4.3.jar!/:3.4.3]
	at org.springframework.boot.actuate.health.HealthEndpointSupport.getContribution(HealthEndpointSupport.java:145) ~[spring-boot-actuator-3.4.3.jar!/:3.4.3]
	at org.springframework.boot.actuate.health.HealthEndpointSupport.getAggregateContribution(HealthEndpointSupport.java:156) ~[spring-boot-actuator-3.4.3.jar!/:3.4.3]
	at org.springframework.boot.actuate.health.HealthEndpointSupport.getContribution(HealthEndpointSupport.java:141) ~[spring-boot-actuator-3.4.3.jar!/:3.4.3]
	at org.springframework.boot.actuate.health.HealthEndpointSupport.getHealth(HealthEndpointSupport.java:110) ~[spring-boot-actuator-3.4.3.jar!/:3.4.3]
	at org.springframework.boot.actuate.health.HealthEndpointSupport.getHealth(HealthEndpointSupport.java:81) ~[spring-boot-actuator-3.4.3.jar!/:3.4.3]
	at org.springframework.boot.actuate.health.HealthEndpointWebExtension.health(HealthEndpointWebExtension.java:80) ~[spring-boot-actuator-3.4.3.jar!/:3.4.3]
	at org.springframework.boot.actuate.health.HealthEndpointWebExtension.health(HealthEndpointWebExtension.java:69) ~[spring-boot-actuator-3.4.3.jar!/:3.4.3]
	at java.base/jdk.internal.reflect.DirectMethodHandleAccessor.invoke(DirectMethodHandleAccessor.java:103) ~[na:na]
	at java.base/java.lang.reflect.Method.invoke(Method.java:580) ~[na:na]
	at org.springframework.util.ReflectionUtils.invokeMethod(ReflectionUtils.java:281) ~[spring-core-6.2.3.jar!/:6.2.3]
	at org.springframework.boot.actuate.endpoint.invoke.reflect.ReflectiveOperationInvoker.invoke(ReflectiveOperationInvoker.java:74) ~[spring-boot-actuator-3.4.3.jar!/:3.4.3]
	at org.springframework.boot.actuate.endpoint.annotation.AbstractDiscoveredOperation.invoke(AbstractDiscoveredOperation.java:60) ~[spring-boot-actuator-3.4.3.jar!/:3.4.3]
	at org.springframework.boot.actuate.endpoint.web.servlet.AbstractWebMvcEndpointHandlerMapping$ServletWebOperationAdapter.handle(AbstractWebMvcEndpointHandlerMapping.java:327) ~[spring-boot-actuator-3.4.3.jar!/:3.4.3]
	at org.springframework.boot.actuate.endpoint.web.servlet.AbstractWebMvcEndpointHandlerMapping$OperationHandler.handle(AbstractWebMvcEndpointHandlerMapping.java:434) ~[spring-boot-actuator-3.4.3.jar!/:3.4.3]
	at java.base/jdk.internal.reflect.DirectMethodHandleAccessor.invoke(DirectMethodHandleAccessor.java:103) ~[na:na]
	at java.base/java.lang.reflect.Method.invoke(Method.java:580) ~[na:na]
	at org.springframework.web.method.support.InvocableHandlerMethod.doInvoke(InvocableHandlerMethod.java:257) ~[spring-web-6.2.3.jar!/:6.2.3]
	at org.springframework.web.method.support.InvocableHandlerMethod.invokeForRequest(InvocableHandlerMethod.java:190) ~[spring-web-6.2.3.jar!/:6.2.3]
	at org.springframework.web.servlet.mvc.method.annotation.ServletInvocableHandlerMethod.invokeAndHandle(ServletInvocableHandlerMethod.java:118) ~[spring-webmvc-6.2.3.jar!/:6.2.3]
	at org.springframework.web.servlet.mvc.method.annotation.RequestMappingHandlerAdapter.invokeHandlerMethod(RequestMappingHandlerAdapter.java:986) ~[spring-webmvc-6.2.3.jar!/:6.2.3]
	at org.springframework.web.servlet.mvc.method.annotation.RequestMappingHandlerAdapter.handleInternal(RequestMappingHandlerAdapter.java:891) ~[spring-webmvc-6.2.3.jar!/:6.2.3]
	at org.springframework.web.servlet.mvc.method.AbstractHandlerMethodAdapter.handle(AbstractHandlerMethodAdapter.java:87) ~[spring-webmvc-6.2.3.jar!/:6.2.3]
	at org.springframework.web.servlet.DispatcherServlet.doDispatch(DispatcherServlet.java:1088) ~[spring-webmvc-6.2.3.jar!/:6.2.3]
	at org.springframework.web.servlet.DispatcherServlet.doService(DispatcherServlet.java:978) ~[spring-webmvc-6.2.3.jar!/:6.2.3]
	at org.springframework.web.servlet.FrameworkServlet.processRequest(FrameworkServlet.java:1014) ~[spring-webmvc-6.2.3.jar!/:6.2.3]
	at org.springframework.web.servlet.FrameworkServlet.doGet(FrameworkServlet.java:903) ~[spring-webmvc-6.2.3.jar!/:6.2.3]
	at jakarta.servlet.http.HttpServlet.service(HttpServlet.java:564) ~[tomcat-embed-core-10.1.36.jar!/:na]
	at org.springframework.web.servlet.FrameworkServlet.service(FrameworkServlet.java:885) ~[spring-webmvc-6.2.3.jar!/:6.2.3]
	at jakarta.servlet.http.HttpServlet.service(HttpServlet.java:658) ~[tomcat-embed-core-10.1.36.jar!/:na]
	at org.apache.catalina.core.ApplicationFilterChain.internalDoFilter(ApplicationFilterChain.java:195) ~[tomcat-embed-core-10.1.36.jar!/:na]
	at org.apache.catalina.core.ApplicationFilterChain.doFilter(ApplicationFilterChain.java:140) ~[tomcat-embed-core-10.1.36.jar!/:na]
	at org.apache.tomcat.websocket.server.WsFilter.doFilter(WsFilter.java:51) ~[tomcat-embed-websocket-10.1.36.jar!/:na]
	at org.apache.catalina.core.ApplicationFilterChain.internalDoFilter(ApplicationFilterChain.java:164) ~[tomcat-embed-core-10.1.36.jar!/:na]
	at org.apache.catalina.core.ApplicationFilterChain.doFilter(ApplicationFilterChain.java:140) ~[tomcat-embed-core-10.1.36.jar!/:na]
	at org.springframework.web.filter.CompositeFilter$VirtualFilterChain.doFilter(CompositeFilter.java:108) ~[spring-web-6.2.3.jar!/:6.2.3]
	at org.springframework.security.web.FilterChainProxy.lambda$doFilterInternal$3(FilterChainProxy.java:231) ~[spring-security-web-6.4.3.jar!/:6.4.3]
	at org.springframework.security.web.ObservationFilterChainDecorator$FilterObservation$SimpleFilterObservation.lambda$wrap$1(ObservationFilterChainDecorator.java:479) ~[spring-security-web-6.4.3.jar!/:6.4.3]
	at org.springframework.security.web.ObservationFilterChainDecorator$AroundFilterObservation$SimpleAroundFilterObservation.lambda$wrap$1(ObservationFilterChainDecorator.java:340) ~[spring-security-web-6.4.3.jar!/:6.4.3]
	at org.springframework.security.web.ObservationFilterChainDecorator.lambda$wrapSecured$0(ObservationFilterChainDecorator.java:82) ~[spring-security-web-6.4.3.jar!/:6.4.3]
	at org.springframework.security.web.ObservationFilterChainDecorator$VirtualFilterChain.doFilter(ObservationFilterChainDecorator.java:128) ~[spring-security-web-6.4.3.jar!/:6.4.3]
	at org.springframework.security.web.access.intercept.AuthorizationFilter.doFilter(AuthorizationFilter.java:101) ~[spring-security-web-6.4.3.jar!/:6.4.3]
	at org.springframework.security.web.ObservationFilterChainDecorator$ObservationFilter.wrapFilter(ObservationFilterChainDecorator.java:240) ~[spring-security-web-6.4.3.jar!/:6.4.3]
	at org.springframework.security.web.ObservationFilterChainDecorator$ObservationFilter.doFilter(ObservationFilterChainDecorator.java:227) ~[spring-security-web-6.4.3.jar!/:6.4.3]
	at org.springframework.security.web.ObservationFilterChainDecorator$VirtualFilterChain.doFilter(ObservationFilterChainDecorator.java:137) ~[spring-security-web-6.4.3.jar!/:6.4.3]
	at org.springframework.security.web.access.ExceptionTranslationFilter.doFilter(ExceptionTranslationFilter.java:126) ~[spring-security-web-6.4.3.jar!/:6.4.3]
	at org.springframework.security.web.access.ExceptionTranslationFilter.doFilter(ExceptionTranslationFilter.java:120) ~[spring-security-web-6.4.3.jar!/:6.4.3]
	at org.springframework.security.web.ObservationFilterChainDecorator$ObservationFilter.wrapFilter(ObservationFilterChainDecorator.java:240) ~[spring-security-web-6.4.3.jar!/:6.4.3]
	at org.springframework.security.web.ObservationFilterChainDecorator$ObservationFilter.doFilter(ObservationFilterChainDecorator.java:227) ~[spring-security-web-6.4.3.jar!/:6.4.3]
	at org.springframework.security.web.ObservationFilterChainDecorator$VirtualFilterChain.doFilter(ObservationFilterChainDecorator.java:137) ~[spring-security-web-6.4.3.jar!/:6.4.3]
	at org.springframework.security.web.authentication.AnonymousAuthenticationFilter.doFilter(AnonymousAuthenticationFilter.java:100) ~[spring-security-web-6.4.3.jar!/:6.4.3]
	at org.springframework.security.web.ObservationFilterChainDecorator$ObservationFilter.wrapFilter(ObservationFilterChainDecorator.java:240) ~[spring-security-web-6.4.3.jar!/:6.4.3]
	at org.springframework.security.web.ObservationFilterChainDecorator$ObservationFilter.doFilter(ObservationFilterChainDecorator.java:227) ~[spring-security-web-6.4.3.jar!/:6.4.3]
	at org.springframework.security.web.ObservationFilterChainDecorator$VirtualFilterChain.doFilter(ObservationFilterChainDecorator.java:137) ~[spring-security-web-6.4.3.jar!/:6.4.3]
	at org.springframework.security.web.servletapi.SecurityContextHolderAwareRequestFilter.doFilter(SecurityContextHolderAwareRequestFilter.java:179) ~[spring-security-web-6.4.3.jar!/:6.4.3]
	at org.springframework.security.web.ObservationFilterChainDecorator$ObservationFilter.wrapFilter(ObservationFilterChainDecorator.java:240) ~[spring-security-web-6.4.3.jar!/:6.4.3]
	at org.springframework.security.web.ObservationFilterChainDecorator$ObservationFilter.doFilter(ObservationFilterChainDecorator.java:227) ~[spring-security-web-6.4.3.jar!/:6.4.3]
	at org.springframework.security.web.ObservationFilterChainDecorator$VirtualFilterChain.doFilter(ObservationFilterChainDecorator.java:137) ~[spring-security-web-6.4.3.jar!/:6.4.3]
	at org.springframework.security.web.savedrequest.RequestCacheAwareFilter.doFilter(RequestCacheAwareFilter.java:63) ~[spring-security-web-6.4.3.jar!/:6.4.3]
	at org.springframework.security.web.ObservationFilterChainDecorator$ObservationFilter.wrapFilter(ObservationFilterChainDecorator.java:240) ~[spring-security-web-6.4.3.jar!/:6.4.3]
	at org.springframework.security.web.ObservationFilterChainDecorator$ObservationFilter.doFilter(ObservationFilterChainDecorator.java:227) ~[spring-security-web-6.4.3.jar!/:6.4.3]
	at org.springframework.security.web.ObservationFilterChainDecorator$VirtualFilterChain.doFilter(ObservationFilterChainDecorator.java:137) ~[spring-security-web-6.4.3.jar!/:6.4.3]
	at org.springframework.security.web.authentication.logout.LogoutFilter.doFilter(LogoutFilter.java:107) ~[spring-security-web-6.4.3.jar!/:6.4.3]
	at org.springframework.security.web.authentication.logout.LogoutFilter.doFilter(LogoutFilter.java:93) ~[spring-security-web-6.4.3.jar!/:6.4.3]
	at org.springframework.security.web.ObservationFilterChainDecorator$ObservationFilter.wrapFilter(ObservationFilterChainDecorator.java:240) ~[spring-security-web-6.4.3.jar!/:6.4.3]
	at org.springframework.security.web.ObservationFilterChainDecorator$ObservationFilter.doFilter(ObservationFilterChainDecorator.java:227) ~[spring-security-web-6.4.3.jar!/:6.4.3]
	at org.springframework.security.web.ObservationFilterChainDecorator$VirtualFilterChain.doFilter(ObservationFilterChainDecorator.java:137) ~[spring-security-web-6.4.3.jar!/:6.4.3]
	at org.springframework.web.filter.CorsFilter.doFilterInternal(CorsFilter.java:91) ~[spring-web-6.2.3.jar!/:6.2.3]
	at org.springframework.web.filter.OncePerRequestFilter.doFilter(OncePerRequestFilter.java:116) ~[spring-web-6.2.3.jar!/:6.2.3]
	at org.springframework.security.web.ObservationFilterChainDecorator$ObservationFilter.wrapFilter(ObservationFilterChainDecorator.java:240) ~[spring-security-web-6.4.3.jar!/:6.4.3]
	at org.springframework.security.web.ObservationFilterChainDecorator$ObservationFilter.doFilter(ObservationFilterChainDecorator.java:227) ~[spring-security-web-6.4.3.jar!/:6.4.3]
	at org.springframework.security.web.ObservationFilterChainDecorator$VirtualFilterChain.doFilter(ObservationFilterChainDecorator.java:137) ~[spring-security-web-6.4.3.jar!/:6.4.3]
	at org.springframework.security.web.header.HeaderWriterFilter.doHeadersAfter(HeaderWriterFilter.java:90) ~[spring-security-web-6.4.3.jar!/:6.4.3]
	at org.springframework.security.web.header.HeaderWriterFilter.doFilterInternal(HeaderWriterFilter.java:75) ~[spring-security-web-6.4.3.jar!/:6.4.3]
	at org.springframework.web.filter.OncePerRequestFilter.doFilter(OncePerRequestFilter.java:116) ~[spring-web-6.2.3.jar!/:6.2.3]
	at org.springframework.security.web.ObservationFilterChainDecorator$ObservationFilter.wrapFilter(ObservationFilterChainDecorator.java:240) ~[spring-security-web-6.4.3.jar!/:6.4.3]
	at org.springframework.security.web.ObservationFilterChainDecorator$ObservationFilter.doFilter(ObservationFilterChainDecorator.java:227) ~[spring-security-web-6.4.3.jar!/:6.4.3]
	at org.springframework.security.web.ObservationFilterChainDecorator$VirtualFilterChain.doFilter(ObservationFilterChainDecorator.java:137) ~[spring-security-web-6.4.3.jar!/:6.4.3]
	at org.springframework.security.web.context.SecurityContextHolderFilter.doFilter(SecurityContextHolderFilter.java:82) ~[spring-security-web-6.4.3.jar!/:6.4.3]
	at org.springframework.security.web.context.SecurityContextHolderFilter.doFilter(SecurityContextHolderFilter.java:69) ~[spring-security-web-6.4.3.jar!/:6.4.3]
	at org.springframework.security.web.ObservationFilterChainDecorator$ObservationFilter.wrapFilter(ObservationFilterChainDecorator.java:240) ~[spring-security-web-6.4.3.jar!/:6.4.3]
	at org.springframework.security.web.ObservationFilterChainDecorator$ObservationFilter.doFilter(ObservationFilterChainDecorator.java:227) ~[spring-security-web-6.4.3.jar!/:6.4.3]
	at org.springframework.security.web.ObservationFilterChainDecorator$VirtualFilterChain.doFilter(ObservationFilterChainDecorator.java:137) ~[spring-security-web-6.4.3.jar!/:6.4.3]
	at org.springframework.security.web.context.request.async.WebAsyncManagerIntegrationFilter.doFilterInternal(WebAsyncManagerIntegrationFilter.java:62) ~[spring-security-web-6.4.3.jar!/:6.4.3]
	at org.springframework.web.filter.OncePerRequestFilter.doFilter(OncePerRequestFilter.java:116) ~[spring-web-6.2.3.jar!/:6.2.3]
	at org.springframework.security.web.ObservationFilterChainDecorator$ObservationFilter.wrapFilter(ObservationFilterChainDecorator.java:240) ~[spring-security-web-6.4.3.jar!/:6.4.3]
	at org.springframework.security.web.ObservationFilterChainDecorator$ObservationFilter.doFilter(ObservationFilterChainDecorator.java:227) ~[spring-security-web-6.4.3.jar!/:6.4.3]
	at org.springframework.security.web.ObservationFilterChainDecorator$VirtualFilterChain.doFilter(ObservationFilterChainDecorator.java:137) ~[spring-security-web-6.4.3.jar!/:6.4.3]
	at org.springframework.security.web.session.DisableEncodeUrlFilter.doFilterInternal(DisableEncodeUrlFilter.java:42) ~[spring-security-web-6.4.3.jar!/:6.4.3]
	at org.springframework.web.filter.OncePerRequestFilter.doFilter(OncePerRequestFilter.java:116) ~[spring-web-6.2.3.jar!/:6.2.3]
	at org.springframework.security.web.ObservationFilterChainDecorator$ObservationFilter.wrapFilter(ObservationFilterChainDecorator.java:240) ~[spring-security-web-6.4.3.jar!/:6.4.3]
	at org.springframework.security.web.ObservationFilterChainDecorator$AroundFilterObservation$SimpleAroundFilterObservation.lambda$wrap$0(ObservationFilterChainDecorator.java:323) ~[spring-security-web-6.4.3.jar!/:6.4.3]
	at org.springframework.security.web.ObservationFilterChainDecorator$ObservationFilter.doFilter(ObservationFilterChainDecorator.java:224) ~[spring-security-web-6.4.3.jar!/:6.4.3]
	at org.springframework.security.web.ObservationFilterChainDecorator$VirtualFilterChain.doFilter(ObservationFilterChainDecorator.java:137) ~[spring-security-web-6.4.3.jar!/:6.4.3]
	at org.springframework.security.web.FilterChainProxy.doFilterInternal(FilterChainProxy.java:233) ~[spring-security-web-6.4.3.jar!/:6.4.3]
	at org.springframework.security.web.FilterChainProxy.doFilter(FilterChainProxy.java:191) ~[spring-security-web-6.4.3.jar!/:6.4.3]
	at org.springframework.web.filter.CompositeFilter$VirtualFilterChain.doFilter(CompositeFilter.java:113) ~[spring-web-6.2.3.jar!/:6.2.3]
	at org.springframework.web.servlet.handler.HandlerMappingIntrospector.lambda$createCacheFilter$3(HandlerMappingIntrospector.java:243) ~[spring-webmvc-6.2.3.jar!/:6.2.3]
	at org.springframework.web.filter.CompositeFilter$VirtualFilterChain.doFilter(CompositeFilter.java:113) ~[spring-web-6.2.3.jar!/:6.2.3]
	at org.springframework.web.filter.CompositeFilter.doFilter(CompositeFilter.java:74) ~[spring-web-6.2.3.jar!/:6.2.3]
	at org.springframework.security.config.annotation.web.configuration.WebMvcSecurityConfiguration$CompositeFilterChainProxy.doFilter(WebMvcSecurityConfiguration.java:238) ~[spring-security-config-6.4.3.jar!/:6.4.3]
	at org.springframework.web.filter.DelegatingFilterProxy.invokeDelegate(DelegatingFilterProxy.java:362) ~[spring-web-6.2.3.jar!/:6.2.3]
	at org.springframework.web.filter.DelegatingFilterProxy.doFilter(DelegatingFilterProxy.java:278) ~[spring-web-6.2.3.jar!/:6.2.3]
	at org.apache.catalina.core.ApplicationFilterChain.internalDoFilter(ApplicationFilterChain.java:164) ~[tomcat-embed-core-10.1.36.jar!/:na]
	at org.apache.catalina.core.ApplicationFilterChain.doFilter(ApplicationFilterChain.java:140) ~[tomcat-embed-core-10.1.36.jar!/:na]
	at org.springframework.web.filter.RequestContextFilter.doFilterInternal(RequestContextFilter.java:100) ~[spring-web-6.2.3.jar!/:6.2.3]
	at org.springframework.web.filter.OncePerRequestFilter.doFilter(OncePerRequestFilter.java:116) ~[spring-web-6.2.3.jar!/:6.2.3]
	at org.apache.catalina.core.ApplicationFilterChain.internalDoFilter(ApplicationFilterChain.java:164) ~[tomcat-embed-core-10.1.36.jar!/:na]
	at org.apache.catalina.core.ApplicationFilterChain.doFilter(ApplicationFilterChain.java:140) ~[tomcat-embed-core-10.1.36.jar!/:na]
	at org.springframework.web.filter.FormContentFilter.doFilterInternal(FormContentFilter.java:93) ~[spring-web-6.2.3.jar!/:6.2.3]
	at org.springframework.web.filter.OncePerRequestFilter.doFilter(OncePerRequestFilter.java:116) ~[spring-web-6.2.3.jar!/:6.2.3]
	at org.apache.catalina.core.ApplicationFilterChain.internalDoFilter(ApplicationFilterChain.java:164) ~[tomcat-embed-core-10.1.36.jar!/:na]
	at org.apache.catalina.core.ApplicationFilterChain.doFilter(ApplicationFilterChain.java:140) ~[tomcat-embed-core-10.1.36.jar!/:na]
	at org.springframework.web.filter.ServerHttpObservationFilter.doFilterInternal(ServerHttpObservationFilter.java:114) ~[spring-web-6.2.3.jar!/:6.2.3]
	at org.springframework.web.filter.OncePerRequestFilter.doFilter(OncePerRequestFilter.java:116) ~[spring-web-6.2.3.jar!/:6.2.3]
	at org.apache.catalina.core.ApplicationFilterChain.internalDoFilter(ApplicationFilterChain.java:164) ~[tomcat-embed-core-10.1.36.jar!/:na]
	at org.apache.catalina.core.ApplicationFilterChain.doFilter(ApplicationFilterChain.java:140) ~[tomcat-embed-core-10.1.36.jar!/:na]
	at org.springframework.web.filter.CharacterEncodingFilter.doFilterInternal(CharacterEncodingFilter.java:201) ~[spring-web-6.2.3.jar!/:6.2.3]
	at org.springframework.web.filter.OncePerRequestFilter.doFilter(OncePerRequestFilter.java:116) ~[spring-web-6.2.3.jar!/:6.2.3]
	at org.apache.catalina.core.ApplicationFilterChain.internalDoFilter(ApplicationFilterChain.java:164) ~[tomcat-embed-core-10.1.36.jar!/:na]
	at org.apache.catalina.core.ApplicationFilterChain.doFilter(ApplicationFilterChain.java:140) ~[tomcat-embed-core-10.1.36.jar!/:na]
	at org.apache.catalina.core.StandardWrapperValve.invoke(StandardWrapperValve.java:167) ~[tomcat-embed-core-10.1.36.jar!/:na]
	at org.apache.catalina.core.StandardContextValve.invoke(StandardContextValve.java:90) ~[tomcat-embed-core-10.1.36.jar!/:na]
	at org.apache.catalina.authenticator.AuthenticatorBase.invoke(AuthenticatorBase.java:483) ~[tomcat-embed-core-10.1.36.jar!/:na]
	at org.apache.catalina.core.StandardHostValve.invoke(StandardHostValve.java:115) ~[tomcat-embed-core-10.1.36.jar!/:na]
	at org.apache.catalina.valves.ErrorReportValve.invoke(ErrorReportValve.java:93) ~[tomcat-embed-core-10.1.36.jar!/:na]
	at org.apache.catalina.core.StandardEngineValve.invoke(StandardEngineValve.java:74) ~[tomcat-embed-core-10.1.36.jar!/:na]
	at org.apache.catalina.connector.CoyoteAdapter.service(CoyoteAdapter.java:344) ~[tomcat-embed-core-10.1.36.jar!/:na]
	at org.apache.coyote.http11.Http11Processor.service(Http11Processor.java:397) ~[tomcat-embed-core-10.1.36.jar!/:na]
	at org.apache.coyote.AbstractProcessorLight.process(AbstractProcessorLight.java:63) ~[tomcat-embed-core-10.1.36.jar!/:na]
	at org.apache.coyote.AbstractProtocol$ConnectionHandler.process(AbstractProtocol.java:905) ~[tomcat-embed-core-10.1.36.jar!/:na]
	at org.apache.tomcat.util.net.NioEndpoint$SocketProcessor.doRun(NioEndpoint.java:1743) ~[tomcat-embed-core-10.1.36.jar!/:na]
	at org.apache.tomcat.util.net.SocketProcessorBase.run(SocketProcessorBase.java:52) ~[tomcat-embed-core-10.1.36.jar!/:na]
	at org.apache.tomcat.util.threads.ThreadPoolExecutor.runWorker(ThreadPoolExecutor.java:1190) ~[tomcat-embed-core-10.1.36.jar!/:na]
	at org.apache.tomcat.util.threads.ThreadPoolExecutor$Worker.run(ThreadPoolExecutor.java:659) ~[tomcat-embed-core-10.1.36.jar!/:na]
	at org.apache.tomcat.util.threads.TaskThread$WrappingRunnable.run(TaskThread.java:63) ~[tomcat-embed-core-10.1.36.jar!/:na]
	at java.base/java.lang.Thread.run(Thread.java:1583) ~[na:na]
Caused by: java.net.ConnectException: Conexión rehusada
	at java.base/sun.nio.ch.Net.connect0(Native Method) ~[na:na]
	at java.base/sun.nio.ch.Net.connect(Net.java:589) ~[na:na]
	at java.base/sun.nio.ch.Net.connect(Net.java:578) ~[na:na]
	at java.base/sun.nio.ch.NioSocketImpl.connect(NioSocketImpl.java:583) ~[na:na]
	at java.base/java.net.SocksSocketImpl.connect(SocksSocketImpl.java:327) ~[na:na]
	at java.base/java.net.Socket.connect(Socket.java:751) ~[na:na]
	at java.base/java.net.Socket.connect(Socket.java:686) ~[na:na]
	at org.eclipse.angus.mail.util.SocketFetcher.createSocket(SocketFetcher.java:368) ~[jakarta.mail-2.0.3.jar!/:na]
	at org.eclipse.angus.mail.util.SocketFetcher.getSocket(SocketFetcher.java:243) ~[jakarta.mail-2.0.3.jar!/:na]
	at org.eclipse.angus.mail.smtp.SMTPTransport.openServer(SMTPTransport.java:2193) ~[jakarta.mail-2.0.3.jar!/:na]
	... 146 common frames omitted

2025-12-05T20:55:35.370-05:00 DEBUG 370351 --- [user-management-service] [pool-3-thread-6] o.s.a.r.listener.BlockingQueueConsumer   : Storing delivery for consumerTag: 'amq.ctag-7N8TMYCkxnYsqkftQg6tmg' with deliveryTag: '1' in Consumer@2ef77fcc: tags=[[amq.ctag-7N8TMYCkxnYsqkftQg6tmg]], channel=Cached Rabbit Channel: AMQChannel(amqp://guest@127.0.0.1:5672/,3), conn: Proxy@56f3a810 Shared Rabbit Connection: SimpleConnection@2c9ecb60 [delegate=amqp://guest@127.0.0.1:5672/, localPort=33298], acknowledgeMode=AUTO local queue size=0
2025-12-05T20:55:35.377-05:00 DEBUG 370351 --- [user-management-service] [org.springframework.amqp.rabbit.RabbitListenerEndpointContainer#2-1] o.s.a.r.listener.BlockingQueueConsumer   : Received message: (Body:'[B@1c30f266(byte[434])' MessageProperties [headers={__ContentTypeId__=java.lang.Object, __KeyTypeId__=java.lang.Object, __TypeId__=java.util.HashMap}, contentType=application/json, contentEncoding=UTF-8, contentLength=0, receivedDeliveryMode=PERSISTENT, priority=0, redelivered=false, receivedExchange=tenant-exchange, receivedRoutingKey=tenant.created, deliveryTag=1, consumerTag=amq.ctag-7N8TMYCkxnYsqkftQg6tmg, consumerQueue=user_mgmt.tenant.created.queue])
2025-12-05T20:55:35.391-05:00 DEBUG 370351 --- [user-management-service] [org.springframework.amqp.rabbit.RabbitListenerEndpointContainer#2-1] .a.r.l.a.MessagingMessageListenerAdapter : Processing [GenericMessage [payload={eventId=db023998-0ebb-422b-9ece-4ba81ec8519d, metadata={correlationId=3cfa7279-16c7-46df-bfa9-4ab5e4eb01a1, source=tenant-service}, data={tenantId=bddb935a-b663-41e9-b74e-f1203a426fc8, name=test2's Workspace, type=PERSONAL, userId=5f6d7a0c-443e-4266-86ea-bb978edc4c7d, plan=FREE, slug=test2s-workspace-5f6d7a0c}, eventType=tenant.created, version=1.0, timestamp=2025-12-05T20:55:35.363699494}, headers={amqp_receivedDeliveryMode=PERSISTENT, amqp_receivedExchange=tenant-exchange, amqp_deliveryTag=1, amqp_consumerQueue=user_mgmt.tenant.created.queue, amqp_redelivered=false, __ContentTypeId__=java.lang.Object, amqp_receivedRoutingKey=tenant.created, amqp_contentEncoding=UTF-8, __KeyTypeId__=java.lang.Object, amqp_retryCount=0, id=2dcfa04c-d98b-0629-6216-504d4e09ca88, amqp_consumerTag=amq.ctag-7N8TMYCkxnYsqkftQg6tmg, amqp_lastInBatch=false, contentType=application/json, __TypeId__=java.util.HashMap, timestamp=1764986135390}]]
2025-12-05T20:55:35.395-05:00  INFO 370351 --- [user-management-service] [org.springframework.amqp.rabbit.RabbitListenerEndpointContainer#2-1] c.s.u.e.listeners.TenantCreatedListener  : 📥 Received event: tenant.created - {eventId=db023998-0ebb-422b-9ece-4ba81ec8519d, metadata={correlationId=3cfa7279-16c7-46df-bfa9-4ab5e4eb01a1, source=tenant-service}, data={tenantId=bddb935a-b663-41e9-b74e-f1203a426fc8, name=test2's Workspace, type=PERSONAL, userId=5f6d7a0c-443e-4266-86ea-bb978edc4c7d, plan=FREE, slug=test2s-workspace-5f6d7a0c}, eventType=tenant.created, version=1.0, timestamp=2025-12-05T20:55:35.363699494}
2025-12-05T20:55:35.396-05:00  INFO 370351 --- [user-management-service] [org.springframework.amqp.rabbit.RabbitListenerEndpointContainer#2-1] c.s.u.e.listeners.TenantCreatedListener  : 🔄 Adding owner 5f6d7a0c-443e-4266-86ea-bb978edc4c7d as TENANT_ADMIN to tenant bddb935a-b663-41e9-b74e-f1203a426fc8 (test2's Workspace)
2025-12-05T20:55:35.397-05:00  INFO 370351 --- [user-management-service] [org.springframework.amqp.rabbit.RabbitListenerEndpointContainer#2-1] c.s.u.s.impl.TenantMemberServiceImpl     : Adding member 5f6d7a0c-443e-4266-86ea-bb978edc4c7d to tenant bddb935a-b663-41e9-b74e-f1203a426fc8 with role TENANT_ADMIN
2025-12-05T20:55:35.437-05:00 DEBUG 370351 --- [user-management-service] [org.springframework.amqp.rabbit.RabbitListenerEndpointContainer#2-1] org.hibernate.SQL                        : 
    select
        tme1_0.id 
    from
        tenant_members tme1_0 
    where
        tme1_0.tenant_id=? 
        and tme1_0.user_id=? 
    fetch
        first ? rows only
2025-12-05T20:55:35.474-05:00  INFO 370351 --- [user-management-service] [org.springframework.amqp.rabbit.RabbitListenerEndpointContainer#2-1] c.s.u.s.impl.TenantMemberServiceImpl     : Member added successfully: eb645ee2-8cff-4acb-88f6-0aa9db909ad8
2025-12-05T20:55:35.474-05:00  INFO 370351 --- [user-management-service] [org.springframework.amqp.rabbit.RabbitListenerEndpointContainer#2-1] c.s.u.e.listeners.TenantCreatedListener  : ✅ Owner successfully added as TENANT_ADMIN to tenant: bddb935a-b663-41e9-b74e-f1203a426fc8
2025-12-05T20:55:35.485-05:00 DEBUG 370351 --- [user-management-service] [org.springframework.amqp.rabbit.RabbitListenerEndpointContainer#2-1] org.hibernate.SQL                        : 
    insert 
    into
        tenant_members
        (created_at, invited_by, joined_at, role, tenant_id, updated_at, user_id, id) 
    values
        (?, ?, ?, ?, ?, ?, ?, ?)
2025-12-05T20:56:24.111-05:00 DEBUG 370351 --- [user-management-service] [http-nio-8083-exec-5] org.hibernate.SQL                        : 
    select
        upe1_0.id,
        upe1_0.assigned_at,
        upe1_0.max_projects_per_tenant,
        upe1_0.max_scans_per_month,
        upe1_0.max_tenants,
        upe1_0.max_users_per_tenant,
        upe1_0.plan,
        upe1_0.updated_at,
        upe1_0.user_id 
    from
        user_plans upe1_0 
    where
        upe1_0.user_id=?
2025-12-05T20:56:24.119-05:00  WARN 370351 --- [user-management-service] [http-nio-8083-exec-5] c.s.u.controller.DashboardController     : ⚠️ Error fetching dashboard for user 7ac6bcef-ddf0-4497-ac03-8ce1f70edb89: Plan not found for user: 7ac6bcef-ddf0-4497-ac03-8ce1f70edb89. Creating default plan.
2025-12-05T20:56:24.120-05:00  INFO 370351 --- [user-management-service] [http-nio-8083-exec-5] c.s.u.service.impl.UserPlanServiceImpl   : Creating default FREE plan for user: 7ac6bcef-ddf0-4497-ac03-8ce1f70edb89
2025-12-05T20:56:24.121-05:00 DEBUG 370351 --- [user-management-service] [http-nio-8083-exec-5] org.hibernate.SQL                        : 
    select
        upe1_0.id,
        upe1_0.assigned_at,
        upe1_0.max_projects_per_tenant,
        upe1_0.max_scans_per_month,
        upe1_0.max_tenants,
        upe1_0.max_users_per_tenant,
        upe1_0.plan,
        upe1_0.updated_at,
        upe1_0.user_id 
    from
        user_plans upe1_0 
    where
        upe1_0.user_id=?
2025-12-05T20:56:24.123-05:00  INFO 370351 --- [user-management-service] [http-nio-8083-exec-5] c.s.u.service.impl.UserPlanServiceImpl   : ✅ Default plan created for user: 7ac6bcef-ddf0-4497-ac03-8ce1f70edb89
2025-12-05T20:56:24.124-05:00 DEBUG 370351 --- [user-management-service] [http-nio-8083-exec-5] org.hibernate.SQL                        : 
    insert 
    into
        user_plans
        (assigned_at, max_projects_per_tenant, max_scans_per_month, max_tenants, max_users_per_tenant, plan, updated_at, user_id, id) 
    values
        (?, ?, ?, ?, ?, ?, ?, ?, ?)
2025-12-05T20:56:24.130-05:00 DEBUG 370351 --- [user-management-service] [http-nio-8083-exec-5] org.hibernate.SQL                        : 
    select
        upe1_0.id,
        upe1_0.assigned_at,
        upe1_0.max_projects_per_tenant,
        upe1_0.max_scans_per_month,
        upe1_0.max_tenants,
        upe1_0.max_users_per_tenant,
        upe1_0.plan,
        upe1_0.updated_at,
        upe1_0.user_id 
    from
        user_plans upe1_0 
    where
        upe1_0.user_id=?
2025-12-05T20:56:24.134-05:00 DEBUG 370351 --- [user-management-service] [http-nio-8083-exec-5] org.hibernate.SQL                        : 
    select
        tme1_0.id,
        tme1_0.created_at,
        tme1_0.invited_by,
        tme1_0.joined_at,
        tme1_0.role,
        tme1_0.tenant_id,
        tme1_0.updated_at,
        tme1_0.user_id 
    from
        tenant_members tme1_0 
    where
        tme1_0.user_id=?
2025-12-05T20:56:24.204-05:00 DEBUG 370351 --- [user-management-service] [http-nio-8083-exec-5] org.hibernate.SQL                        : 
    select
        pme1_0.id,
        pme1_0.added_by,
        pme1_0.created_at,
        pme1_0.joined_at,
        pme1_0.project_id,
        pme1_0.role,
        pme1_0.tenant_id,
        pme1_0.updated_at,
        pme1_0.user_id 
    from
        project_members pme1_0 
    where
        pme1_0.user_id=?
2025-12-05T20:56:24.208-05:00 DEBUG 370351 --- [user-management-service] [http-nio-8083-exec-5] org.hibernate.SQL                        : 
    select
        ie1_0.id,
        ie1_0.accepted_at,
        ie1_0.created_at,
        ie1_0.email,
        ie1_0.expires_at,
        ie1_0.invited_by,
        ie1_0.inviter_email,
        ie1_0.resource_id,
        ie1_0.resource_name,
        ie1_0.role,
        ie1_0.status,
        ie1_0.token,
        ie1_0.type 
    from
        invitations ie1_0 
    where
        ie1_0.email=? 
        and ie1_0.status=?
2025-12-05T20:56:24.212-05:00  INFO 370351 --- [user-management-service] [http-nio-8083-exec-5] c.s.u.controller.DashboardController     : ✅ Dashboard fetched successfully after creating default plan for user: 7ac6bcef-ddf0-4497-ac03-8ce1f70edb89
2025-12-05T20:56:24.223-05:00 DEBUG 370351 --- [user-management-service] [http-nio-8083-exec-6] org.hibernate.SQL                        : 
    select
        upe1_0.id,
        upe1_0.assigned_at,
        upe1_0.max_projects_per_tenant,
        upe1_0.max_scans_per_month,
        upe1_0.max_tenants,
        upe1_0.max_users_per_tenant,
        upe1_0.plan,
        upe1_0.updated_at,
        upe1_0.user_id 
    from
        user_plans upe1_0 
    where
        upe1_0.user_id=?
2025-12-05T20:56:24.226-05:00 DEBUG 370351 --- [user-management-service] [http-nio-8083-exec-6] org.hibernate.SQL                        : 
    select
        tme1_0.id,
        tme1_0.created_at,
        tme1_0.invited_by,
        tme1_0.joined_at,
        tme1_0.role,
        tme1_0.tenant_id,
        tme1_0.updated_at,
        tme1_0.user_id 
    from
        tenant_members tme1_0 
    where
        tme1_0.user_id=?
2025-12-05T20:56:24.236-05:00 DEBUG 370351 --- [user-management-service] [http-nio-8083-exec-6] org.hibernate.SQL                        : 
    select
        pme1_0.id,
        pme1_0.added_by,
        pme1_0.created_at,
        pme1_0.joined_at,
        pme1_0.project_id,
        pme1_0.role,
        pme1_0.tenant_id,
        pme1_0.updated_at,
        pme1_0.user_id 
    from
        project_members pme1_0 
    where
        pme1_0.user_id=?
2025-12-05T20:56:24.238-05:00 DEBUG 370351 --- [user-management-service] [http-nio-8083-exec-6] org.hibernate.SQL                        : 
    select
        ie1_0.id,
        ie1_0.accepted_at,
        ie1_0.created_at,
        ie1_0.email,
        ie1_0.expires_at,
        ie1_0.invited_by,
        ie1_0.inviter_email,
        ie1_0.resource_id,
        ie1_0.resource_name,
        ie1_0.role,
        ie1_0.status,
        ie1_0.token,
        ie1_0.type 
    from
        invitations ie1_0 
    where
        ie1_0.email=? 
        and ie1_0.status=?
2025-12-05T20:56:24.239-05:00  INFO 370351 --- [user-management-service] [http-nio-8083-exec-6] c.s.u.controller.DashboardController     : ✅ Dashboard fetched successfully for user: 7ac6bcef-ddf0-4497-ac03-8ce1f70edb89
2025-12-05T20:56:37.999-05:00 DEBUG 370351 --- [user-management-service] [http-nio-8083-exec-9] org.hibernate.SQL                        : 
    select
        upe1_0.id,
        upe1_0.assigned_at,
        upe1_0.max_projects_per_tenant,
        upe1_0.max_scans_per_month,
        upe1_0.max_tenants,
        upe1_0.max_users_per_tenant,
        upe1_0.plan,
        upe1_0.updated_at,
        upe1_0.user_id 
    from
        user_plans upe1_0 
    where
        upe1_0.user_id=?
2025-12-05T20:56:38.001-05:00 DEBUG 370351 --- [user-management-service] [http-nio-8083-exec-9] org.hibernate.SQL                        : 
    select
        tme1_0.id,
        tme1_0.created_at,
        tme1_0.invited_by,
        tme1_0.joined_at,
        tme1_0.role,
        tme1_0.tenant_id,
        tme1_0.updated_at,
        tme1_0.user_id 
    from
        tenant_members tme1_0 
    where
        tme1_0.user_id=?
2025-12-05T20:56:38.011-05:00 DEBUG 370351 --- [user-management-service] [http-nio-8083-exec-9] org.hibernate.SQL                        : 
    select
        pme1_0.id,
        pme1_0.added_by,
        pme1_0.created_at,
        pme1_0.joined_at,
        pme1_0.project_id,
        pme1_0.role,
        pme1_0.tenant_id,
        pme1_0.updated_at,
        pme1_0.user_id 
    from
        project_members pme1_0 
    where
        pme1_0.user_id=?
2025-12-05T20:56:38.012-05:00 DEBUG 370351 --- [user-management-service] [http-nio-8083-exec-9] org.hibernate.SQL                        : 
    select
        ie1_0.id,
        ie1_0.accepted_at,
        ie1_0.created_at,
        ie1_0.email,
        ie1_0.expires_at,
        ie1_0.invited_by,
        ie1_0.inviter_email,
        ie1_0.resource_id,
        ie1_0.resource_name,
        ie1_0.role,
        ie1_0.status,
        ie1_0.token,
        ie1_0.type 
    from
        invitations ie1_0 
    where
        ie1_0.email=? 
        and ie1_0.status=?
2025-12-05T20:56:38.013-05:00  INFO 370351 --- [user-management-service] [http-nio-8083-exec-9] c.s.u.controller.DashboardController     : ✅ Dashboard fetched successfully for user: 7ac6bcef-ddf0-4497-ac03-8ce1f70edb89
2025-12-05T20:56:38.018-05:00 DEBUG 370351 --- [user-management-service] [http-nio-8083-exec-9] org.hibernate.SQL                        : 
    select
        upe1_0.id,
        upe1_0.assigned_at,
        upe1_0.max_projects_per_tenant,
        upe1_0.max_scans_per_month,
        upe1_0.max_tenants,
        upe1_0.max_users_per_tenant,
        upe1_0.plan,
        upe1_0.updated_at,
        upe1_0.user_id 
    from
        user_plans upe1_0 
    where
        upe1_0.user_id=?
2025-12-05T20:56:38.021-05:00 DEBUG 370351 --- [user-management-service] [http-nio-8083-exec-9] org.hibernate.SQL                        : 
    select
        tme1_0.id,
        tme1_0.created_at,
        tme1_0.invited_by,
        tme1_0.joined_at,
        tme1_0.role,
        tme1_0.tenant_id,
        tme1_0.updated_at,
        tme1_0.user_id 
    from
        tenant_members tme1_0 
    where
        tme1_0.user_id=?
2025-12-05T20:56:38.030-05:00 DEBUG 370351 --- [user-management-service] [http-nio-8083-exec-9] org.hibernate.SQL                        : 
    select
        pme1_0.id,
        pme1_0.added_by,
        pme1_0.created_at,
        pme1_0.joined_at,
        pme1_0.project_id,
        pme1_0.role,
        pme1_0.tenant_id,
        pme1_0.updated_at,
        pme1_0.user_id 
    from
        project_members pme1_0 
    where
        pme1_0.user_id=?
2025-12-05T20:56:38.033-05:00 DEBUG 370351 --- [user-management-service] [http-nio-8083-exec-9] org.hibernate.SQL                        : 
    select
        ie1_0.id,
        ie1_0.accepted_at,
        ie1_0.created_at,
        ie1_0.email,
        ie1_0.expires_at,
        ie1_0.invited_by,
        ie1_0.inviter_email,
        ie1_0.resource_id,
        ie1_0.resource_name,
        ie1_0.role,
        ie1_0.status,
        ie1_0.token,
        ie1_0.type 
    from
        invitations ie1_0 
    where
        ie1_0.email=? 
        and ie1_0.status=?
2025-12-05T20:56:38.034-05:00  INFO 370351 --- [user-management-service] [http-nio-8083-exec-9] c.s.u.controller.DashboardController     : ✅ Dashboard fetched successfully for user: 7ac6bcef-ddf0-4497-ac03-8ce1f70edb89
2025-12-05T20:57:08.785-05:00 DEBUG 370351 --- [user-management-service] [pool-3-thread-7] o.s.a.r.listener.BlockingQueueConsumer   : Storing delivery for consumerTag: 'amq.ctag-7N8TMYCkxnYsqkftQg6tmg' with deliveryTag: '2' in Consumer@2ef77fcc: tags=[[amq.ctag-7N8TMYCkxnYsqkftQg6tmg]], channel=Cached Rabbit Channel: AMQChannel(amqp://guest@127.0.0.1:5672/,3), conn: Proxy@56f3a810 Shared Rabbit Connection: SimpleConnection@2c9ecb60 [delegate=amqp://guest@127.0.0.1:5672/, localPort=33298], acknowledgeMode=AUTO local queue size=0
2025-12-05T20:57:08.785-05:00 DEBUG 370351 --- [user-management-service] [org.springframework.amqp.rabbit.RabbitListenerEndpointContainer#2-1] o.s.a.r.listener.BlockingQueueConsumer   : Received message: (Body:'[B@dc760e7(byte[434])' MessageProperties [headers={__ContentTypeId__=java.lang.Object, __KeyTypeId__=java.lang.Object, __TypeId__=java.util.HashMap}, contentType=application/json, contentEncoding=UTF-8, contentLength=0, receivedDeliveryMode=PERSISTENT, priority=0, redelivered=false, receivedExchange=tenant-exchange, receivedRoutingKey=tenant.created, deliveryTag=2, consumerTag=amq.ctag-7N8TMYCkxnYsqkftQg6tmg, consumerQueue=user_mgmt.tenant.created.queue])
2025-12-05T20:57:08.786-05:00 DEBUG 370351 --- [user-management-service] [org.springframework.amqp.rabbit.RabbitListenerEndpointContainer#2-1] .a.r.l.a.MessagingMessageListenerAdapter : Processing [GenericMessage [payload={eventId=9c4c246f-71a7-4d69-a467-46c1f2b96da4, metadata={correlationId=a8b7f712-1c0c-4e1e-8ce7-736856895f2f, source=tenant-service}, data={tenantId=b5fae808-cfc4-43e5-84be-73d4630f93cf, name=test2's Workspace, type=PERSONAL, userId=c16c69e4-bc96-45ea-a97f-b0190bf64392, plan=FREE, slug=test2s-workspace-c16c69e4}, eventType=tenant.created, version=1.0, timestamp=2025-12-05T20:57:08.783017391}, headers={amqp_receivedDeliveryMode=PERSISTENT, amqp_receivedExchange=tenant-exchange, amqp_deliveryTag=2, amqp_consumerQueue=user_mgmt.tenant.created.queue, amqp_redelivered=false, __ContentTypeId__=java.lang.Object, amqp_receivedRoutingKey=tenant.created, amqp_contentEncoding=UTF-8, __KeyTypeId__=java.lang.Object, amqp_retryCount=0, id=85d05a16-14af-f6be-c150-d2fe8d9c3f74, amqp_consumerTag=amq.ctag-7N8TMYCkxnYsqkftQg6tmg, amqp_lastInBatch=false, contentType=application/json, __TypeId__=java.util.HashMap, timestamp=1764986228786}]]
2025-12-05T20:57:08.787-05:00  INFO 370351 --- [user-management-service] [org.springframework.amqp.rabbit.RabbitListenerEndpointContainer#2-1] c.s.u.e.listeners.TenantCreatedListener  : 📥 Received event: tenant.created - {eventId=9c4c246f-71a7-4d69-a467-46c1f2b96da4, metadata={correlationId=a8b7f712-1c0c-4e1e-8ce7-736856895f2f, source=tenant-service}, data={tenantId=b5fae808-cfc4-43e5-84be-73d4630f93cf, name=test2's Workspace, type=PERSONAL, userId=c16c69e4-bc96-45ea-a97f-b0190bf64392, plan=FREE, slug=test2s-workspace-c16c69e4}, eventType=tenant.created, version=1.0, timestamp=2025-12-05T20:57:08.783017391}
2025-12-05T20:57:08.787-05:00  INFO 370351 --- [user-management-service] [org.springframework.amqp.rabbit.RabbitListenerEndpointContainer#2-1] c.s.u.e.listeners.TenantCreatedListener  : 🔄 Adding owner c16c69e4-bc96-45ea-a97f-b0190bf64392 as TENANT_ADMIN to tenant b5fae808-cfc4-43e5-84be-73d4630f93cf (test2's Workspace)
2025-12-05T20:57:08.787-05:00  INFO 370351 --- [user-management-service] [org.springframework.amqp.rabbit.RabbitListenerEndpointContainer#2-1] c.s.u.s.impl.TenantMemberServiceImpl     : Adding member c16c69e4-bc96-45ea-a97f-b0190bf64392 to tenant b5fae808-cfc4-43e5-84be-73d4630f93cf with role TENANT_ADMIN
2025-12-05T20:57:08.788-05:00 DEBUG 370351 --- [user-management-service] [http-nio-8083-exec-4] org.hibernate.SQL                        : 
    select
        upe1_0.id,
        upe1_0.assigned_at,
        upe1_0.max_projects_per_tenant,
        upe1_0.max_scans_per_month,
        upe1_0.max_tenants,
        upe1_0.max_users_per_tenant,
        upe1_0.plan,
        upe1_0.updated_at,
        upe1_0.user_id 
    from
        user_plans upe1_0 
    where
        upe1_0.user_id=?
2025-12-05T20:57:08.789-05:00 DEBUG 370351 --- [user-management-service] [org.springframework.amqp.rabbit.RabbitListenerEndpointContainer#2-1] org.hibernate.SQL                        : 
    select
        tme1_0.id 
    from
        tenant_members tme1_0 
    where
        tme1_0.tenant_id=? 
        and tme1_0.user_id=? 
    fetch
        first ? rows only
2025-12-05T20:57:08.790-05:00  WARN 370351 --- [user-management-service] [http-nio-8083-exec-4] c.s.u.controller.DashboardController     : ⚠️ Error fetching dashboard for user c16c69e4-bc96-45ea-a97f-b0190bf64392: Plan not found for user: c16c69e4-bc96-45ea-a97f-b0190bf64392. Creating default plan.
2025-12-05T20:57:08.791-05:00  INFO 370351 --- [user-management-service] [http-nio-8083-exec-4] c.s.u.service.impl.UserPlanServiceImpl   : Creating default FREE plan for user: c16c69e4-bc96-45ea-a97f-b0190bf64392
2025-12-05T20:57:08.791-05:00  INFO 370351 --- [user-management-service] [org.springframework.amqp.rabbit.RabbitListenerEndpointContainer#2-1] c.s.u.s.impl.TenantMemberServiceImpl     : Member added successfully: 00cfc7fd-1a95-42f2-bec2-37e2db5c7581
2025-12-05T20:57:08.791-05:00  INFO 370351 --- [user-management-service] [org.springframework.amqp.rabbit.RabbitListenerEndpointContainer#2-1] c.s.u.e.listeners.TenantCreatedListener  : ✅ Owner successfully added as TENANT_ADMIN to tenant: b5fae808-cfc4-43e5-84be-73d4630f93cf
2025-12-05T20:57:08.792-05:00 DEBUG 370351 --- [user-management-service] [org.springframework.amqp.rabbit.RabbitListenerEndpointContainer#2-1] org.hibernate.SQL                        : 
    insert 
    into
        tenant_members
        (created_at, invited_by, joined_at, role, tenant_id, updated_at, user_id, id) 
    values
        (?, ?, ?, ?, ?, ?, ?, ?)
2025-12-05T20:57:08.793-05:00 DEBUG 370351 --- [user-management-service] [http-nio-8083-exec-4] org.hibernate.SQL                        : 
    select
        upe1_0.id,
        upe1_0.assigned_at,
        upe1_0.max_projects_per_tenant,
        upe1_0.max_scans_per_month,
        upe1_0.max_tenants,
        upe1_0.max_users_per_tenant,
        upe1_0.plan,
        upe1_0.updated_at,
        upe1_0.user_id 
    from
        user_plans upe1_0 
    where
        upe1_0.user_id=?
2025-12-05T20:57:08.795-05:00  INFO 370351 --- [user-management-service] [http-nio-8083-exec-4] c.s.u.service.impl.UserPlanServiceImpl   : ✅ Default plan created for user: c16c69e4-bc96-45ea-a97f-b0190bf64392
2025-12-05T20:57:08.796-05:00 DEBUG 370351 --- [user-management-service] [http-nio-8083-exec-4] org.hibernate.SQL                        : 
    insert 
    into
        user_plans
        (assigned_at, max_projects_per_tenant, max_scans_per_month, max_tenants, max_users_per_tenant, plan, updated_at, user_id, id) 
    values
        (?, ?, ?, ?, ?, ?, ?, ?, ?)
2025-12-05T20:57:08.799-05:00 DEBUG 370351 --- [user-management-service] [http-nio-8083-exec-4] org.hibernate.SQL                        : 
    select
        upe1_0.id,
        upe1_0.assigned_at,
        upe1_0.max_projects_per_tenant,
        upe1_0.max_scans_per_month,
        upe1_0.max_tenants,
        upe1_0.max_users_per_tenant,
        upe1_0.plan,
        upe1_0.updated_at,
        upe1_0.user_id 
    from
        user_plans upe1_0 
    where
        upe1_0.user_id=?
2025-12-05T20:57:08.800-05:00 DEBUG 370351 --- [user-management-service] [http-nio-8083-exec-4] org.hibernate.SQL                        : 
    select
        tme1_0.id,
        tme1_0.created_at,
        tme1_0.invited_by,
        tme1_0.joined_at,
        tme1_0.role,
        tme1_0.tenant_id,
        tme1_0.updated_at,
        tme1_0.user_id 
    from
        tenant_members tme1_0 
    where
        tme1_0.user_id=?
2025-12-05T20:57:08.809-05:00 DEBUG 370351 --- [user-management-service] [http-nio-8083-exec-4] org.hibernate.SQL                        : 
    select
        pme1_0.id,
        pme1_0.added_by,
        pme1_0.created_at,
        pme1_0.joined_at,
        pme1_0.project_id,
        pme1_0.role,
        pme1_0.tenant_id,
        pme1_0.updated_at,
        pme1_0.user_id 
    from
        project_members pme1_0 
    where
        pme1_0.user_id=?
2025-12-05T20:57:08.812-05:00 DEBUG 370351 --- [user-management-service] [http-nio-8083-exec-4] org.hibernate.SQL                        : 
    select
        ie1_0.id,
        ie1_0.accepted_at,
        ie1_0.created_at,
        ie1_0.email,
        ie1_0.expires_at,
        ie1_0.invited_by,
        ie1_0.inviter_email,
        ie1_0.resource_id,
        ie1_0.resource_name,
        ie1_0.role,
        ie1_0.status,
        ie1_0.token,
        ie1_0.type 
    from
        invitations ie1_0 
    where
        ie1_0.email=? 
        and ie1_0.status=?
2025-12-05T20:57:08.813-05:00  INFO 370351 --- [user-management-service] [http-nio-8083-exec-4] c.s.u.controller.DashboardController     : ✅ Dashboard fetched successfully after creating default plan for user: c16c69e4-bc96-45ea-a97f-b0190bf64392
2025-12-05T20:57:08.817-05:00 DEBUG 370351 --- [user-management-service] [http-nio-8083-exec-3] org.hibernate.SQL                        : 
    select
        upe1_0.id,
        upe1_0.assigned_at,
        upe1_0.max_projects_per_tenant,
        upe1_0.max_scans_per_month,
        upe1_0.max_tenants,
        upe1_0.max_users_per_tenant,
        upe1_0.plan,
        upe1_0.updated_at,
        upe1_0.user_id 
    from
        user_plans upe1_0 
    where
        upe1_0.user_id=?
2025-12-05T20:57:08.820-05:00 DEBUG 370351 --- [user-management-service] [http-nio-8083-exec-3] org.hibernate.SQL                        : 
    select
        tme1_0.id,
        tme1_0.created_at,
        tme1_0.invited_by,
        tme1_0.joined_at,
        tme1_0.role,
        tme1_0.tenant_id,
        tme1_0.updated_at,
        tme1_0.user_id 
    from
        tenant_members tme1_0 
    where
        tme1_0.user_id=?
2025-12-05T20:57:08.828-05:00 DEBUG 370351 --- [user-management-service] [http-nio-8083-exec-3] org.hibernate.SQL                        : 
    select
        pme1_0.id,
        pme1_0.added_by,
        pme1_0.created_at,
        pme1_0.joined_at,
        pme1_0.project_id,
        pme1_0.role,
        pme1_0.tenant_id,
        pme1_0.updated_at,
        pme1_0.user_id 
    from
        project_members pme1_0 
    where
        pme1_0.user_id=?
2025-12-05T20:57:08.830-05:00 DEBUG 370351 --- [user-management-service] [http-nio-8083-exec-3] org.hibernate.SQL                        : 
    select
        ie1_0.id,
        ie1_0.accepted_at,
        ie1_0.created_at,
        ie1_0.email,
        ie1_0.expires_at,
        ie1_0.invited_by,
        ie1_0.inviter_email,
        ie1_0.resource_id,
        ie1_0.resource_name,
        ie1_0.role,
        ie1_0.status,
        ie1_0.token,
        ie1_0.type 
    from
        invitations ie1_0 
    where
        ie1_0.email=? 
        and ie1_0.status=?
2025-12-05T20:57:08.832-05:00  INFO 370351 --- [user-management-service] [http-nio-8083-exec-3] c.s.u.controller.DashboardController     : ✅ Dashboard fetched successfully for user: c16c69e4-bc96-45ea-a97f-b0190bf64392
2025-12-05T20:57:11.609-05:00 DEBUG 370351 --- [user-management-service] [http-nio-8083-exec-5] org.hibernate.SQL                        : 
    select
        upe1_0.id,
        upe1_0.assigned_at,
        upe1_0.max_projects_per_tenant,
        upe1_0.max_scans_per_month,
        upe1_0.max_tenants,
        upe1_0.max_users_per_tenant,
        upe1_0.plan,
        upe1_0.updated_at,
        upe1_0.user_id 
    from
        user_plans upe1_0 
    where
        upe1_0.user_id=?
2025-12-05T20:57:11.611-05:00 DEBUG 370351 --- [user-management-service] [http-nio-8083-exec-5] org.hibernate.SQL                        : 
    select
        tme1_0.id,
        tme1_0.created_at,
        tme1_0.invited_by,
        tme1_0.joined_at,
        tme1_0.role,
        tme1_0.tenant_id,
        tme1_0.updated_at,
        tme1_0.user_id 
    from
        tenant_members tme1_0 
    where
        tme1_0.user_id=?
2025-12-05T20:57:11.620-05:00 DEBUG 370351 --- [user-management-service] [http-nio-8083-exec-5] org.hibernate.SQL                        : 
    select
        pme1_0.id,
        pme1_0.added_by,
        pme1_0.created_at,
        pme1_0.joined_at,
        pme1_0.project_id,
        pme1_0.role,
        pme1_0.tenant_id,
        pme1_0.updated_at,
        pme1_0.user_id 
    from
        project_members pme1_0 
    where
        pme1_0.user_id=?
2025-12-05T20:57:11.622-05:00 DEBUG 370351 --- [user-management-service] [http-nio-8083-exec-5] org.hibernate.SQL                        : 
    select
        ie1_0.id,
        ie1_0.accepted_at,
        ie1_0.created_at,
        ie1_0.email,
        ie1_0.expires_at,
        ie1_0.invited_by,
        ie1_0.inviter_email,
        ie1_0.resource_id,
        ie1_0.resource_name,
        ie1_0.role,
        ie1_0.status,
        ie1_0.token,
        ie1_0.type 
    from
        invitations ie1_0 
    where
        ie1_0.email=? 
        and ie1_0.status=?
2025-12-05T20:57:11.623-05:00  INFO 370351 --- [user-management-service] [http-nio-8083-exec-5] c.s.u.controller.DashboardController     : ✅ Dashboard fetched successfully for user: c16c69e4-bc96-45ea-a97f-b0190bf64392
2025-12-05T20:57:21.001-05:00 DEBUG 370351 --- [user-management-service] [http-nio-8083-exec-6] org.hibernate.SQL                        : 
    select
        tme1_0.id,
        tme1_0.created_at,
        tme1_0.invited_by,
        tme1_0.joined_at,
        tme1_0.role,
        tme1_0.tenant_id,
        tme1_0.updated_at,
        tme1_0.user_id 
    from
        tenant_members tme1_0 
    where
        tme1_0.tenant_id=? 
        and tme1_0.user_id=?
2025-12-05T20:57:24.098-05:00 DEBUG 370351 --- [user-management-service] [pool-3-thread-8] o.s.a.r.listener.BlockingQueueConsumer   : Storing delivery for consumerTag: 'amq.ctag-56qbXcBEDUcp6B_RmiJcqQ' with deliveryTag: '1' in Consumer@69d2fc03: tags=[[amq.ctag-56qbXcBEDUcp6B_RmiJcqQ]], channel=Cached Rabbit Channel: AMQChannel(amqp://guest@127.0.0.1:5672/,2), conn: Proxy@56f3a810 Shared Rabbit Connection: SimpleConnection@2c9ecb60 [delegate=amqp://guest@127.0.0.1:5672/, localPort=33298], acknowledgeMode=AUTO local queue size=0
2025-12-05T20:57:24.099-05:00 DEBUG 370351 --- [user-management-service] [org.springframework.amqp.rabbit.RabbitListenerEndpointContainer#1-1] o.s.a.r.listener.BlockingQueueConsumer   : Received message: (Body:'[B@5456caa9(byte[250])' MessageProperties [headers={__ContentTypeId__=java.lang.Object, __KeyTypeId__=java.lang.Object, __TypeId__=java.util.HashMap}, contentType=application/json, contentEncoding=UTF-8, contentLength=0, receivedDeliveryMode=PERSISTENT, priority=0, redelivered=false, receivedExchange=project-exchange, receivedRoutingKey=project.created, deliveryTag=1, consumerTag=amq.ctag-56qbXcBEDUcp6B_RmiJcqQ, consumerQueue=user_mgmt.project.created.queue])
2025-12-05T20:57:24.099-05:00 DEBUG 370351 --- [user-management-service] [org.springframework.amqp.rabbit.RabbitListenerEndpointContainer#1-1] .a.r.l.a.MessagingMessageListenerAdapter : Processing [GenericMessage [payload={tenantId=b5fae808-cfc4-43e5-84be-73d4630f93cf, eventType=project.created, ownerId=c16c69e4-bc96-45ea-a97f-b0190bf64392, projectName=project1, projectId=2e674539-8b7a-4f91-bcd4-729443fc59b0, timestamp=2025-12-05T20:57:24.087413599}, headers={amqp_receivedDeliveryMode=PERSISTENT, amqp_receivedExchange=project-exchange, amqp_deliveryTag=1, amqp_consumerQueue=user_mgmt.project.created.queue, amqp_redelivered=false, __ContentTypeId__=java.lang.Object, amqp_receivedRoutingKey=project.created, amqp_contentEncoding=UTF-8, __KeyTypeId__=java.lang.Object, amqp_retryCount=0, id=d3c3cf3c-c1e3-fc74-8d45-de63b72658e4, amqp_consumerTag=amq.ctag-56qbXcBEDUcp6B_RmiJcqQ, amqp_lastInBatch=false, contentType=application/json, __TypeId__=java.util.HashMap, timestamp=1764986244099}]]
2025-12-05T20:57:24.100-05:00  INFO 370351 --- [user-management-service] [org.springframework.amqp.rabbit.RabbitListenerEndpointContainer#1-1] c.s.u.e.l.ProjectCreatedListener         : 📥 Received event: project.created - {tenantId=b5fae808-cfc4-43e5-84be-73d4630f93cf, eventType=project.created, ownerId=c16c69e4-bc96-45ea-a97f-b0190bf64392, projectName=project1, projectId=2e674539-8b7a-4f91-bcd4-729443fc59b0, timestamp=2025-12-05T20:57:24.087413599}
2025-12-05T20:57:24.100-05:00  INFO 370351 --- [user-management-service] [org.springframework.amqp.rabbit.RabbitListenerEndpointContainer#1-1] c.s.u.e.l.ProjectCreatedListener         : 🔄 Adding owner c16c69e4-bc96-45ea-a97f-b0190bf64392 as PROJECT_ADMIN to project 2e674539-8b7a-4f91-bcd4-729443fc59b0 (project1)
2025-12-05T20:57:24.101-05:00  INFO 370351 --- [user-management-service] [org.springframework.amqp.rabbit.RabbitListenerEndpointContainer#1-1] c.s.u.s.impl.ProjectMemberServiceImpl    : Adding member c16c69e4-bc96-45ea-a97f-b0190bf64392 to project 2e674539-8b7a-4f91-bcd4-729443fc59b0 with role PROJECT_ADMIN
2025-12-05T20:57:24.102-05:00 DEBUG 370351 --- [user-management-service] [org.springframework.amqp.rabbit.RabbitListenerEndpointContainer#1-1] org.hibernate.SQL                        : 
    select
        pme1_0.id 
    from
        project_members pme1_0 
    where
        pme1_0.project_id=? 
        and pme1_0.user_id=? 
    fetch
        first ? rows only
2025-12-05T20:57:24.104-05:00  INFO 370351 --- [user-management-service] [org.springframework.amqp.rabbit.RabbitListenerEndpointContainer#1-1] c.s.u.s.impl.ProjectMemberServiceImpl    : Project member added successfully: d72bdf16-8711-4438-81d4-1e9e7e7ee00b
2025-12-05T20:57:24.105-05:00  INFO 370351 --- [user-management-service] [org.springframework.amqp.rabbit.RabbitListenerEndpointContainer#1-1] c.s.u.e.l.ProjectCreatedListener         : ✅ Owner successfully added as PROJECT_ADMIN to project: 2e674539-8b7a-4f91-bcd4-729443fc59b0
2025-12-05T20:57:24.106-05:00 DEBUG 370351 --- [user-management-service] [org.springframework.amqp.rabbit.RabbitListenerEndpointContainer#1-1] org.hibernate.SQL                        : 
    insert 
    into
        project_members
        (added_by, created_at, joined_at, project_id, role, tenant_id, updated_at, user_id, id) 
    values
        (?, ?, ?, ?, ?, ?, ?, ?, ?)
2025-12-05T20:57:32.318-05:00 DEBUG 370351 --- [user-management-service] [http-nio-8083-exec-8] org.hibernate.SQL                        : 
    select
        tme1_0.id,
        tme1_0.created_at,
        tme1_0.invited_by,
        tme1_0.joined_at,
        tme1_0.role,
        tme1_0.tenant_id,
        tme1_0.updated_at,
        tme1_0.user_id 
    from
        tenant_members tme1_0 
    where
        tme1_0.tenant_id=? 
        and tme1_0.user_id=?
2025-12-05T20:57:34.261-05:00 DEBUG 370351 --- [user-management-service] [http-nio-8083-exec-9] org.hibernate.SQL                        : 
    select
        upe1_0.id,
        upe1_0.assigned_at,
        upe1_0.max_projects_per_tenant,
        upe1_0.max_scans_per_month,
        upe1_0.max_tenants,
        upe1_0.max_users_per_tenant,
        upe1_0.plan,
        upe1_0.updated_at,
        upe1_0.user_id 
    from
        user_plans upe1_0 
    where
        upe1_0.user_id=?
2025-12-05T20:57:34.264-05:00 DEBUG 370351 --- [user-management-service] [http-nio-8083-exec-9] org.hibernate.SQL                        : 
    select
        tme1_0.id,
        tme1_0.created_at,
        tme1_0.invited_by,
        tme1_0.joined_at,
        tme1_0.role,
        tme1_0.tenant_id,
        tme1_0.updated_at,
        tme1_0.user_id 
    from
        tenant_members tme1_0 
    where
        tme1_0.user_id=?
2025-12-05T20:57:34.271-05:00 DEBUG 370351 --- [user-management-service] [http-nio-8083-exec-9] org.hibernate.SQL                        : 
    select
        pme1_0.id,
        pme1_0.added_by,
        pme1_0.created_at,
        pme1_0.joined_at,
        pme1_0.project_id,
        pme1_0.role,
        pme1_0.tenant_id,
        pme1_0.updated_at,
        pme1_0.user_id 
    from
        project_members pme1_0 
    where
        pme1_0.user_id=?
2025-12-05T20:57:34.283-05:00 DEBUG 370351 --- [user-management-service] [http-nio-8083-exec-9] org.hibernate.SQL                        : 
    select
        ie1_0.id,
        ie1_0.accepted_at,
        ie1_0.created_at,
        ie1_0.email,
        ie1_0.expires_at,
        ie1_0.invited_by,
        ie1_0.inviter_email,
        ie1_0.resource_id,
        ie1_0.resource_name,
        ie1_0.role,
        ie1_0.status,
        ie1_0.token,
        ie1_0.type 
    from
        invitations ie1_0 
    where
        ie1_0.email=? 
        and ie1_0.status=?
2025-12-05T20:57:34.284-05:00  INFO 370351 --- [user-management-service] [http-nio-8083-exec-9] c.s.u.controller.DashboardController     : ✅ Dashboard fetched successfully for user: c16c69e4-bc96-45ea-a97f-b0190bf64392
2025-12-05T20:57:34.289-05:00 DEBUG 370351 --- [user-management-service] [http-nio-8083-exec-1] org.hibernate.SQL                        : 
    select
        upe1_0.id,
        upe1_0.assigned_at,
        upe1_0.max_projects_per_tenant,
        upe1_0.max_scans_per_month,
        upe1_0.max_tenants,
        upe1_0.max_users_per_tenant,
        upe1_0.plan,
        upe1_0.updated_at,
        upe1_0.user_id 
    from
        user_plans upe1_0 
    where
        upe1_0.user_id=?
2025-12-05T20:57:34.291-05:00 DEBUG 370351 --- [user-management-service] [http-nio-8083-exec-1] org.hibernate.SQL                        : 
    select
        tme1_0.id,
        tme1_0.created_at,
        tme1_0.invited_by,
        tme1_0.joined_at,
        tme1_0.role,
        tme1_0.tenant_id,
        tme1_0.updated_at,
        tme1_0.user_id 
    from
        tenant_members tme1_0 
    where
        tme1_0.user_id=?
2025-12-05T20:57:34.299-05:00 DEBUG 370351 --- [user-management-service] [http-nio-8083-exec-1] org.hibernate.SQL                        : 
    select
        pme1_0.id,
        pme1_0.added_by,
        pme1_0.created_at,
        pme1_0.joined_at,
        pme1_0.project_id,
        pme1_0.role,
        pme1_0.tenant_id,
        pme1_0.updated_at,
        pme1_0.user_id 
    from
        project_members pme1_0 
    where
        pme1_0.user_id=?
2025-12-05T20:57:34.306-05:00 DEBUG 370351 --- [user-management-service] [http-nio-8083-exec-1] org.hibernate.SQL                        : 
    select
        ie1_0.id,
        ie1_0.accepted_at,
        ie1_0.created_at,
        ie1_0.email,
        ie1_0.expires_at,
        ie1_0.invited_by,
        ie1_0.inviter_email,
        ie1_0.resource_id,
        ie1_0.resource_name,
        ie1_0.role,
        ie1_0.status,
        ie1_0.token,
        ie1_0.type 
    from
        invitations ie1_0 
    where
        ie1_0.email=? 
        and ie1_0.status=?
2025-12-05T20:57:34.307-05:00  INFO 370351 --- [user-management-service] [http-nio-8083-exec-1] c.s.u.controller.DashboardController     : ✅ Dashboard fetched successfully for user: c16c69e4-bc96-45ea-a97f-b0190bf64392
2025-12-05T20:57:48.366-05:00 DEBUG 370351 --- [user-management-service] [http-nio-8083-exec-4] org.hibernate.SQL                        : 
    select
        upe1_0.id,
        upe1_0.assigned_at,
        upe1_0.max_projects_per_tenant,
        upe1_0.max_scans_per_month,
        upe1_0.max_tenants,
        upe1_0.max_users_per_tenant,
        upe1_0.plan,
        upe1_0.updated_at,
        upe1_0.user_id 
    from
        user_plans upe1_0 
    where
        upe1_0.user_id=?
2025-12-05T20:57:48.369-05:00 DEBUG 370351 --- [user-management-service] [http-nio-8083-exec-4] org.hibernate.SQL                        : 
    select
        tme1_0.id,
        tme1_0.created_at,
        tme1_0.invited_by,
        tme1_0.joined_at,
        tme1_0.role,
        tme1_0.tenant_id,
        tme1_0.updated_at,
        tme1_0.user_id 
    from
        tenant_members tme1_0 
    where
        tme1_0.user_id=?
2025-12-05T20:57:48.378-05:00 DEBUG 370351 --- [user-management-service] [http-nio-8083-exec-4] org.hibernate.SQL                        : 
    select
        pme1_0.id,
        pme1_0.added_by,
        pme1_0.created_at,
        pme1_0.joined_at,
        pme1_0.project_id,
        pme1_0.role,
        pme1_0.tenant_id,
        pme1_0.updated_at,
        pme1_0.user_id 
    from
        project_members pme1_0 
    where
        pme1_0.user_id=?
2025-12-05T20:57:48.379-05:00 DEBUG 370351 --- [user-management-service] [http-nio-8083-exec-4] org.hibernate.SQL                        : 
    select
        ie1_0.id,
        ie1_0.accepted_at,
        ie1_0.created_at,
        ie1_0.email,
        ie1_0.expires_at,
        ie1_0.invited_by,
        ie1_0.inviter_email,
        ie1_0.resource_id,
        ie1_0.resource_name,
        ie1_0.role,
        ie1_0.status,
        ie1_0.token,
        ie1_0.type 
    from
        invitations ie1_0 
    where
        ie1_0.email=? 
        and ie1_0.status=?
2025-12-05T20:57:48.380-05:00  INFO 370351 --- [user-management-service] [http-nio-8083-exec-4] c.s.u.controller.DashboardController     : ✅ Dashboard fetched successfully for user: 7ac6bcef-ddf0-4497-ac03-8ce1f70edb89
2025-12-05T20:57:48.384-05:00 DEBUG 370351 --- [user-management-service] [http-nio-8083-exec-3] org.hibernate.SQL                        : 
    select
        upe1_0.id,
        upe1_0.assigned_at,
        upe1_0.max_projects_per_tenant,
        upe1_0.max_scans_per_month,
        upe1_0.max_tenants,
        upe1_0.max_users_per_tenant,
        upe1_0.plan,
        upe1_0.updated_at,
        upe1_0.user_id 
    from
        user_plans upe1_0 
    where
        upe1_0.user_id=?
2025-12-05T20:57:48.386-05:00 DEBUG 370351 --- [user-management-service] [http-nio-8083-exec-3] org.hibernate.SQL                        : 
    select
        tme1_0.id,
        tme1_0.created_at,
        tme1_0.invited_by,
        tme1_0.joined_at,
        tme1_0.role,
        tme1_0.tenant_id,
        tme1_0.updated_at,
        tme1_0.user_id 
    from
        tenant_members tme1_0 
    where
        tme1_0.user_id=?
2025-12-05T20:57:48.393-05:00 DEBUG 370351 --- [user-management-service] [http-nio-8083-exec-3] org.hibernate.SQL                        : 
    select
        pme1_0.id,
        pme1_0.added_by,
        pme1_0.created_at,
        pme1_0.joined_at,
        pme1_0.project_id,
        pme1_0.role,
        pme1_0.tenant_id,
        pme1_0.updated_at,
        pme1_0.user_id 
    from
        project_members pme1_0 
    where
        pme1_0.user_id=?
2025-12-05T20:57:48.395-05:00 DEBUG 370351 --- [user-management-service] [http-nio-8083-exec-3] org.hibernate.SQL                        : 
    select
        ie1_0.id,
        ie1_0.accepted_at,
        ie1_0.created_at,
        ie1_0.email,
        ie1_0.expires_at,
        ie1_0.invited_by,
        ie1_0.inviter_email,
        ie1_0.resource_id,
        ie1_0.resource_name,
        ie1_0.role,
        ie1_0.status,
        ie1_0.token,
        ie1_0.type 
    from
        invitations ie1_0 
    where
        ie1_0.email=? 
        and ie1_0.status=?
2025-12-05T20:57:48.396-05:00  INFO 370351 --- [user-management-service] [http-nio-8083-exec-3] c.s.u.controller.DashboardController     : ✅ Dashboard fetched successfully for user: 7ac6bcef-ddf0-4497-ac03-8ce1f70edb89
2025-12-05T20:58:01.082-05:00 DEBUG 370351 --- [user-management-service] [http-nio-8083-exec-6] org.hibernate.SQL                        : 
    select
        upe1_0.id,
        upe1_0.assigned_at,
        upe1_0.max_projects_per_tenant,
        upe1_0.max_scans_per_month,
        upe1_0.max_tenants,
        upe1_0.max_users_per_tenant,
        upe1_0.plan,
        upe1_0.updated_at,
        upe1_0.user_id 
    from
        user_plans upe1_0 
    where
        upe1_0.user_id=?
2025-12-05T20:58:01.083-05:00 DEBUG 370351 --- [user-management-service] [http-nio-8083-exec-6] org.hibernate.SQL                        : 
    select
        tme1_0.id,
        tme1_0.created_at,
        tme1_0.invited_by,
        tme1_0.joined_at,
        tme1_0.role,
        tme1_0.tenant_id,
        tme1_0.updated_at,
        tme1_0.user_id 
    from
        tenant_members tme1_0 
    where
        tme1_0.user_id=?
2025-12-05T20:58:01.091-05:00 DEBUG 370351 --- [user-management-service] [http-nio-8083-exec-6] org.hibernate.SQL                        : 
    select
        pme1_0.id,
        pme1_0.added_by,
        pme1_0.created_at,
        pme1_0.joined_at,
        pme1_0.project_id,
        pme1_0.role,
        pme1_0.tenant_id,
        pme1_0.updated_at,
        pme1_0.user_id 
    from
        project_members pme1_0 
    where
        pme1_0.user_id=?
2025-12-05T20:58:01.094-05:00 DEBUG 370351 --- [user-management-service] [http-nio-8083-exec-6] org.hibernate.SQL                        : 
    select
        ie1_0.id,
        ie1_0.accepted_at,
        ie1_0.created_at,
        ie1_0.email,
        ie1_0.expires_at,
        ie1_0.invited_by,
        ie1_0.inviter_email,
        ie1_0.resource_id,
        ie1_0.resource_name,
        ie1_0.role,
        ie1_0.status,
        ie1_0.token,
        ie1_0.type 
    from
        invitations ie1_0 
    where
        ie1_0.email=? 
        and ie1_0.status=?
2025-12-05T20:58:01.095-05:00  INFO 370351 --- [user-management-service] [http-nio-8083-exec-6] c.s.u.controller.DashboardController     : ✅ Dashboard fetched successfully for user: 7ac6bcef-ddf0-4497-ac03-8ce1f70edb89
2025-12-05T21:01:12.183-05:00 DEBUG 370351 --- [user-management-service] [http-nio-8083-exec-1] org.hibernate.SQL                        : 
    select
        upe1_0.id,
        upe1_0.assigned_at,
        upe1_0.max_projects_per_tenant,
        upe1_0.max_scans_per_month,
        upe1_0.max_tenants,
        upe1_0.max_users_per_tenant,
        upe1_0.plan,
        upe1_0.updated_at,
        upe1_0.user_id 
    from
        user_plans upe1_0 
    where
        upe1_0.user_id=?
2025-12-05T21:01:12.186-05:00 DEBUG 370351 --- [user-management-service] [http-nio-8083-exec-1] org.hibernate.SQL                        : 
    select
        tme1_0.id,
        tme1_0.created_at,
        tme1_0.invited_by,
        tme1_0.joined_at,
        tme1_0.role,
        tme1_0.tenant_id,
        tme1_0.updated_at,
        tme1_0.user_id 
    from
        tenant_members tme1_0 
    where
        tme1_0.user_id=?
2025-12-05T21:01:12.196-05:00 DEBUG 370351 --- [user-management-service] [http-nio-8083-exec-1] org.hibernate.SQL                        : 
    select
        pme1_0.id,
        pme1_0.added_by,
        pme1_0.created_at,
        pme1_0.joined_at,
        pme1_0.project_id,
        pme1_0.role,
        pme1_0.tenant_id,
        pme1_0.updated_at,
        pme1_0.user_id 
    from
        project_members pme1_0 
    where
        pme1_0.user_id=?
2025-12-05T21:01:12.198-05:00 DEBUG 370351 --- [user-management-service] [http-nio-8083-exec-1] org.hibernate.SQL                        : 
    select
        ie1_0.id,
        ie1_0.accepted_at,
        ie1_0.created_at,
        ie1_0.email,
        ie1_0.expires_at,
        ie1_0.invited_by,
        ie1_0.inviter_email,
        ie1_0.resource_id,
        ie1_0.resource_name,
        ie1_0.role,
        ie1_0.status,
        ie1_0.token,
        ie1_0.type 
    from
        invitations ie1_0 
    where
        ie1_0.email=? 
        and ie1_0.status=?
2025-12-05T21:01:12.199-05:00  INFO 370351 --- [user-management-service] [http-nio-8083-exec-1] c.s.u.controller.DashboardController     : ✅ Dashboard fetched successfully for user: 7ac6bcef-ddf0-4497-ac03-8ce1f70edb89
2025-12-05T21:01:12.204-05:00 DEBUG 370351 --- [user-management-service] [http-nio-8083-exec-2] org.hibernate.SQL                        : 
    select
        upe1_0.id,
        upe1_0.assigned_at,
        upe1_0.max_projects_per_tenant,
        upe1_0.max_scans_per_month,
        upe1_0.max_tenants,
        upe1_0.max_users_per_tenant,
        upe1_0.plan,
        upe1_0.updated_at,
        upe1_0.user_id 
    from
        user_plans upe1_0 
    where
        upe1_0.user_id=?
2025-12-05T21:01:12.206-05:00 DEBUG 370351 --- [user-management-service] [http-nio-8083-exec-2] org.hibernate.SQL                        : 
    select
        tme1_0.id,
        tme1_0.created_at,
        tme1_0.invited_by,
        tme1_0.joined_at,
        tme1_0.role,
        tme1_0.tenant_id,
        tme1_0.updated_at,
        tme1_0.user_id 
    from
        tenant_members tme1_0 
    where
        tme1_0.user_id=?
2025-12-05T21:01:12.215-05:00 DEBUG 370351 --- [user-management-service] [http-nio-8083-exec-2] org.hibernate.SQL                        : 
    select
        pme1_0.id,
        pme1_0.added_by,
        pme1_0.created_at,
        pme1_0.joined_at,
        pme1_0.project_id,
        pme1_0.role,
        pme1_0.tenant_id,
        pme1_0.updated_at,
        pme1_0.user_id 
    from
        project_members pme1_0 
    where
        pme1_0.user_id=?
2025-12-05T21:01:12.217-05:00 DEBUG 370351 --- [user-management-service] [http-nio-8083-exec-2] org.hibernate.SQL                        : 
    select
        ie1_0.id,
        ie1_0.accepted_at,
        ie1_0.created_at,
        ie1_0.email,
        ie1_0.expires_at,
        ie1_0.invited_by,
        ie1_0.inviter_email,
        ie1_0.resource_id,
        ie1_0.resource_name,
        ie1_0.role,
        ie1_0.status,
        ie1_0.token,
        ie1_0.type 
    from
        invitations ie1_0 
    where
        ie1_0.email=? 
        and ie1_0.status=?
2025-12-05T21:01:12.217-05:00  INFO 370351 --- [user-management-service] [http-nio-8083-exec-2] c.s.u.controller.DashboardController     : ✅ Dashboard fetched successfully for user: 7ac6bcef-ddf0-4497-ac03-8ce1f70edb89
2025-12-05T21:01:17.927-05:00 DEBUG 370351 --- [user-management-service] [http-nio-8083-exec-3] org.hibernate.SQL                        : 
    select
        upe1_0.id,
        upe1_0.assigned_at,
        upe1_0.max_projects_per_tenant,
        upe1_0.max_scans_per_month,
        upe1_0.max_tenants,
        upe1_0.max_users_per_tenant,
        upe1_0.plan,
        upe1_0.updated_at,
        upe1_0.user_id 
    from
        user_plans upe1_0 
    where
        upe1_0.user_id=?
2025-12-05T21:01:17.929-05:00 DEBUG 370351 --- [user-management-service] [http-nio-8083-exec-3] org.hibernate.SQL                        : 
    select
        tme1_0.id,
        tme1_0.created_at,
        tme1_0.invited_by,
        tme1_0.joined_at,
        tme1_0.role,
        tme1_0.tenant_id,
        tme1_0.updated_at,
        tme1_0.user_id 
    from
        tenant_members tme1_0 
    where
        tme1_0.user_id=?
2025-12-05T21:01:17.937-05:00 DEBUG 370351 --- [user-management-service] [http-nio-8083-exec-3] org.hibernate.SQL                        : 
    select
        pme1_0.id,
        pme1_0.added_by,
        pme1_0.created_at,
        pme1_0.joined_at,
        pme1_0.project_id,
        pme1_0.role,
        pme1_0.tenant_id,
        pme1_0.updated_at,
        pme1_0.user_id 
    from
        project_members pme1_0 
    where
        pme1_0.user_id=?
2025-12-05T21:01:17.939-05:00 DEBUG 370351 --- [user-management-service] [http-nio-8083-exec-3] org.hibernate.SQL                        : 
    select
        ie1_0.id,
        ie1_0.accepted_at,
        ie1_0.created_at,
        ie1_0.email,
        ie1_0.expires_at,
        ie1_0.invited_by,
        ie1_0.inviter_email,
        ie1_0.resource_id,
        ie1_0.resource_name,
        ie1_0.role,
        ie1_0.status,
        ie1_0.token,
        ie1_0.type 
    from
        invitations ie1_0 
    where
        ie1_0.email=? 
        and ie1_0.status=?
2025-12-05T21:01:17.940-05:00  INFO 370351 --- [user-management-service] [http-nio-8083-exec-3] c.s.u.controller.DashboardController     : ✅ Dashboard fetched successfully for user: 7ac6bcef-ddf0-4497-ac03-8ce1f70edb89
2025-12-05T21:01:18.741-05:00 DEBUG 370351 --- [user-management-service] [http-nio-8083-exec-5] org.hibernate.SQL                        : 
    select
        upe1_0.id,
        upe1_0.assigned_at,
        upe1_0.max_projects_per_tenant,
        upe1_0.max_scans_per_month,
        upe1_0.max_tenants,
        upe1_0.max_users_per_tenant,
        upe1_0.plan,
        upe1_0.updated_at,
        upe1_0.user_id 
    from
        user_plans upe1_0 
    where
        upe1_0.user_id=?
2025-12-05T21:01:18.743-05:00 DEBUG 370351 --- [user-management-service] [http-nio-8083-exec-5] org.hibernate.SQL                        : 
    select
        tme1_0.id,
        tme1_0.created_at,
        tme1_0.invited_by,
        tme1_0.joined_at,
        tme1_0.role,
        tme1_0.tenant_id,
        tme1_0.updated_at,
        tme1_0.user_id 
    from
        tenant_members tme1_0 
    where
        tme1_0.user_id=?
2025-12-05T21:01:18.750-05:00 DEBUG 370351 --- [user-management-service] [http-nio-8083-exec-5] org.hibernate.SQL                        : 
    select
        pme1_0.id,
        pme1_0.added_by,
        pme1_0.created_at,
        pme1_0.joined_at,
        pme1_0.project_id,
        pme1_0.role,
        pme1_0.tenant_id,
        pme1_0.updated_at,
        pme1_0.user_id 
    from
        project_members pme1_0 
    where
        pme1_0.user_id=?
2025-12-05T21:01:18.752-05:00 DEBUG 370351 --- [user-management-service] [http-nio-8083-exec-5] org.hibernate.SQL                        : 
    select
        ie1_0.id,
        ie1_0.accepted_at,
        ie1_0.created_at,
        ie1_0.email,
        ie1_0.expires_at,
        ie1_0.invited_by,
        ie1_0.inviter_email,
        ie1_0.resource_id,
        ie1_0.resource_name,
        ie1_0.role,
        ie1_0.status,
        ie1_0.token,
        ie1_0.type 
    from
        invitations ie1_0 
    where
        ie1_0.email=? 
        and ie1_0.status=?
2025-12-05T21:01:18.752-05:00  INFO 370351 --- [user-management-service] [http-nio-8083-exec-5] c.s.u.controller.DashboardController     : ✅ Dashboard fetched successfully for user: 7ac6bcef-ddf0-4497-ac03-8ce1f70edb89
2025-12-05T21:01:19.908-05:00 DEBUG 370351 --- [user-management-service] [http-nio-8083-exec-6] org.hibernate.SQL                        : 
    select
        upe1_0.id,
        upe1_0.assigned_at,
        upe1_0.max_projects_per_tenant,
        upe1_0.max_scans_per_month,
        upe1_0.max_tenants,
        upe1_0.max_users_per_tenant,
        upe1_0.plan,
        upe1_0.updated_at,
        upe1_0.user_id 
    from
        user_plans upe1_0 
    where
        upe1_0.user_id=?
2025-12-05T21:01:19.911-05:00 DEBUG 370351 --- [user-management-service] [http-nio-8083-exec-6] org.hibernate.SQL                        : 
    select
        tme1_0.id,
        tme1_0.created_at,
        tme1_0.invited_by,
        tme1_0.joined_at,
        tme1_0.role,
        tme1_0.tenant_id,
        tme1_0.updated_at,
        tme1_0.user_id 
    from
        tenant_members tme1_0 
    where
        tme1_0.user_id=?
2025-12-05T21:01:19.918-05:00 DEBUG 370351 --- [user-management-service] [http-nio-8083-exec-6] org.hibernate.SQL                        : 
    select
        pme1_0.id,
        pme1_0.added_by,
        pme1_0.created_at,
        pme1_0.joined_at,
        pme1_0.project_id,
        pme1_0.role,
        pme1_0.tenant_id,
        pme1_0.updated_at,
        pme1_0.user_id 
    from
        project_members pme1_0 
    where
        pme1_0.user_id=?
2025-12-05T21:01:19.919-05:00 DEBUG 370351 --- [user-management-service] [http-nio-8083-exec-6] org.hibernate.SQL                        : 
    select
        ie1_0.id,
        ie1_0.accepted_at,
        ie1_0.created_at,
        ie1_0.email,
        ie1_0.expires_at,
        ie1_0.invited_by,
        ie1_0.inviter_email,
        ie1_0.resource_id,
        ie1_0.resource_name,
        ie1_0.role,
        ie1_0.status,
        ie1_0.token,
        ie1_0.type 
    from
        invitations ie1_0 
    where
        ie1_0.email=? 
        and ie1_0.status=?
2025-12-05T21:01:19.920-05:00  INFO 370351 --- [user-management-service] [http-nio-8083-exec-6] c.s.u.controller.DashboardController     : ✅ Dashboard fetched successfully for user: 7ac6bcef-ddf0-4497-ac03-8ce1f70edb89
2025-12-05T21:01:19.925-05:00 DEBUG 370351 --- [user-management-service] [http-nio-8083-exec-8] org.hibernate.SQL                        : 
    select
        upe1_0.id,
        upe1_0.assigned_at,
        upe1_0.max_projects_per_tenant,
        upe1_0.max_scans_per_month,
        upe1_0.max_tenants,
        upe1_0.max_users_per_tenant,
        upe1_0.plan,
        upe1_0.updated_at,
        upe1_0.user_id 
    from
        user_plans upe1_0 
    where
        upe1_0.user_id=?
2025-12-05T21:01:19.927-05:00 DEBUG 370351 --- [user-management-service] [http-nio-8083-exec-8] org.hibernate.SQL                        : 
    select
        tme1_0.id,
        tme1_0.created_at,
        tme1_0.invited_by,
        tme1_0.joined_at,
        tme1_0.role,
        tme1_0.tenant_id,
        tme1_0.updated_at,
        tme1_0.user_id 
    from
        tenant_members tme1_0 
    where
        tme1_0.user_id=?
2025-12-05T21:01:19.934-05:00 DEBUG 370351 --- [user-management-service] [http-nio-8083-exec-8] org.hibernate.SQL                        : 
    select
        pme1_0.id,
        pme1_0.added_by,
        pme1_0.created_at,
        pme1_0.joined_at,
        pme1_0.project_id,
        pme1_0.role,
        pme1_0.tenant_id,
        pme1_0.updated_at,
        pme1_0.user_id 
    from
        project_members pme1_0 
    where
        pme1_0.user_id=?
2025-12-05T21:01:19.936-05:00 DEBUG 370351 --- [user-management-service] [http-nio-8083-exec-8] org.hibernate.SQL                        : 
    select
        ie1_0.id,
        ie1_0.accepted_at,
        ie1_0.created_at,
        ie1_0.email,
        ie1_0.expires_at,
        ie1_0.invited_by,
        ie1_0.inviter_email,
        ie1_0.resource_id,
        ie1_0.resource_name,
        ie1_0.role,
        ie1_0.status,
        ie1_0.token,
        ie1_0.type 
    from
        invitations ie1_0 
    where
        ie1_0.email=? 
        and ie1_0.status=?
2025-12-05T21:01:19.938-05:00  INFO 370351 --- [user-management-service] [http-nio-8083-exec-8] c.s.u.controller.DashboardController     : ✅ Dashboard fetched successfully for user: 7ac6bcef-ddf0-4497-ac03-8ce1f70edb89
2025-12-05T21:02:01.457-05:00  INFO 370351 --- [user-management-service] [http-nio-8083-exec-7] c.s.u.controller.TenantMemberController  : Inviting user test2@correo.com to tenant 51ccef58-5c2b-4eb0-815d-938f056b40cb with role TENANT_USER
2025-12-05T21:02:01.458-05:00  INFO 370351 --- [user-management-service] [http-nio-8083-exec-7] c.s.u.s.impl.InvitationServiceImpl       : ✉️ Inviting user test2@correo.com to TENANT 51ccef58-5c2b-4eb0-815d-938f056b40cb
2025-12-05T21:02:01.460-05:00 DEBUG 370351 --- [user-management-service] [http-nio-8083-exec-7] org.hibernate.SQL                        : 
    select
        ie1_0.id,
        ie1_0.accepted_at,
        ie1_0.created_at,
        ie1_0.email,
        ie1_0.expires_at,
        ie1_0.invited_by,
        ie1_0.inviter_email,
        ie1_0.resource_id,
        ie1_0.resource_name,
        ie1_0.role,
        ie1_0.status,
        ie1_0.token,
        ie1_0.type 
    from
        invitations ie1_0 
    where
        ie1_0.email=? 
        and ie1_0.resource_id=? 
        and ie1_0.type=? 
        and ie1_0.status=?
2025-12-05T21:02:01.474-05:00  INFO 370351 --- [user-management-service] [http-nio-8083-exec-7] c.s.u.s.impl.InvitationServiceImpl       : ✅ Invitation created: 84cc18a3-1ad9-4de6-989b-e9cf45d22ed9 with 0 projects
2025-12-05T21:02:01.476-05:00 DEBUG 370351 --- [user-management-service] [http-nio-8083-exec-7] o.s.amqp.rabbit.core.RabbitTemplate      : Executing callback RabbitTemplate$$Lambda/0x000074a6ace7f128 on RabbitMQ Channel: Cached Rabbit Channel: AMQChannel(amqp://guest@127.0.0.1:5672/,4), conn: Proxy@56f3a810 Shared Rabbit Connection: SimpleConnection@2c9ecb60 [delegate=amqp://guest@127.0.0.1:5672/, localPort=33298]
2025-12-05T21:02:01.476-05:00 DEBUG 370351 --- [user-management-service] [http-nio-8083-exec-7] o.s.amqp.rabbit.core.RabbitTemplate      : Publishing message [(Body:'[B@2e035bb6(byte[569])' MessageProperties [headers={__ContentTypeId__=java.lang.Object, __KeyTypeId__=java.lang.Object, __TypeId__=java.util.HashMap}, contentType=application/json, contentEncoding=UTF-8, contentLength=569, deliveryMode=PERSISTENT, priority=0, deliveryTag=0])] on exchange [user_mgmt_exchange], routingKey = [user.invited]
2025-12-05T21:02:01.479-05:00  INFO 370351 --- [user-management-service] [http-nio-8083-exec-7] c.s.u.e.UserManagementEventPublisher     : ✅ Event published: user.invited for test2@correo.com
2025-12-05T21:02:01.483-05:00 DEBUG 370351 --- [user-management-service] [http-nio-8083-exec-7] org.hibernate.SQL                        : 
    insert 
    into
        invitations
        (accepted_at, created_at, email, expires_at, invited_by, inviter_email, resource_id, resource_name, role, status, token, type, id) 
    values
        (?, ?, ?, ?, ?, ?, ?, ?, ?, ?, ?, ?, ?)
2025-12-05T21:02:01.505-05:00 DEBUG 370351 --- [user-management-service] [http-nio-8083-exec-1] org.hibernate.SQL                        : 
    select
        upe1_0.id,
        upe1_0.assigned_at,
        upe1_0.max_projects_per_tenant,
        upe1_0.max_scans_per_month,
        upe1_0.max_tenants,
        upe1_0.max_users_per_tenant,
        upe1_0.plan,
        upe1_0.updated_at,
        upe1_0.user_id 
    from
        user_plans upe1_0 
    where
        upe1_0.user_id=?
2025-12-05T21:02:01.507-05:00 DEBUG 370351 --- [user-management-service] [http-nio-8083-exec-1] org.hibernate.SQL                        : 
    select
        tme1_0.id,
        tme1_0.created_at,
        tme1_0.invited_by,
        tme1_0.joined_at,
        tme1_0.role,
        tme1_0.tenant_id,
        tme1_0.updated_at,
        tme1_0.user_id 
    from
        tenant_members tme1_0 
    where
        tme1_0.user_id=?
2025-12-05T21:02:01.514-05:00 DEBUG 370351 --- [user-management-service] [http-nio-8083-exec-1] org.hibernate.SQL                        : 
    select
        pme1_0.id,
        pme1_0.added_by,
        pme1_0.created_at,
        pme1_0.joined_at,
        pme1_0.project_id,
        pme1_0.role,
        pme1_0.tenant_id,
        pme1_0.updated_at,
        pme1_0.user_id 
    from
        project_members pme1_0 
    where
        pme1_0.user_id=?
2025-12-05T21:02:01.515-05:00 DEBUG 370351 --- [user-management-service] [http-nio-8083-exec-1] org.hibernate.SQL                        : 
    select
        ie1_0.id,
        ie1_0.accepted_at,
        ie1_0.created_at,
        ie1_0.email,
        ie1_0.expires_at,
        ie1_0.invited_by,
        ie1_0.inviter_email,
        ie1_0.resource_id,
        ie1_0.resource_name,
        ie1_0.role,
        ie1_0.status,
        ie1_0.token,
        ie1_0.type 
    from
        invitations ie1_0 
    where
        ie1_0.email=? 
        and ie1_0.status=?
2025-12-05T21:02:01.516-05:00  INFO 370351 --- [user-management-service] [http-nio-8083-exec-1] c.s.u.controller.DashboardController     : ✅ Dashboard fetched successfully for user: 7ac6bcef-ddf0-4497-ac03-8ce1f70edb89
2025-12-05T21:02:03.220-05:00 DEBUG 370351 --- [user-management-service] [http-nio-8083-exec-2] org.hibernate.SQL                        : 
    select
        upe1_0.id,
        upe1_0.assigned_at,
        upe1_0.max_projects_per_tenant,
        upe1_0.max_scans_per_month,
        upe1_0.max_tenants,
        upe1_0.max_users_per_tenant,
        upe1_0.plan,
        upe1_0.updated_at,
        upe1_0.user_id 
    from
        user_plans upe1_0 
    where
        upe1_0.user_id=?
2025-12-05T21:02:03.222-05:00 DEBUG 370351 --- [user-management-service] [http-nio-8083-exec-2] org.hibernate.SQL                        : 
    select
        tme1_0.id,
        tme1_0.created_at,
        tme1_0.invited_by,
        tme1_0.joined_at,
        tme1_0.role,
        tme1_0.tenant_id,
        tme1_0.updated_at,
        tme1_0.user_id 
    from
        tenant_members tme1_0 
    where
        tme1_0.user_id=?
2025-12-05T21:02:03.229-05:00 DEBUG 370351 --- [user-management-service] [http-nio-8083-exec-2] org.hibernate.SQL                        : 
    select
        pme1_0.id,
        pme1_0.added_by,
        pme1_0.created_at,
        pme1_0.joined_at,
        pme1_0.project_id,
        pme1_0.role,
        pme1_0.tenant_id,
        pme1_0.updated_at,
        pme1_0.user_id 
    from
        project_members pme1_0 
    where
        pme1_0.user_id=?
2025-12-05T21:02:03.231-05:00 DEBUG 370351 --- [user-management-service] [http-nio-8083-exec-2] org.hibernate.SQL                        : 
    select
        ie1_0.id,
        ie1_0.accepted_at,
        ie1_0.created_at,
        ie1_0.email,
        ie1_0.expires_at,
        ie1_0.invited_by,
        ie1_0.inviter_email,
        ie1_0.resource_id,
        ie1_0.resource_name,
        ie1_0.role,
        ie1_0.status,
        ie1_0.token,
        ie1_0.type 
    from
        invitations ie1_0 
    where
        ie1_0.email=? 
        and ie1_0.status=?
2025-12-05T21:02:03.232-05:00  INFO 370351 --- [user-management-service] [http-nio-8083-exec-2] c.s.u.controller.DashboardController     : ✅ Dashboard fetched successfully for user: 7ac6bcef-ddf0-4497-ac03-8ce1f70edb89
2025-12-05T21:02:13.631-05:00 DEBUG 370351 --- [user-management-service] [http-nio-8083-exec-3] org.hibernate.SQL                        : 
    select
        upe1_0.id,
        upe1_0.assigned_at,
        upe1_0.max_projects_per_tenant,
        upe1_0.max_scans_per_month,
        upe1_0.max_tenants,
        upe1_0.max_users_per_tenant,
        upe1_0.plan,
        upe1_0.updated_at,
        upe1_0.user_id 
    from
        user_plans upe1_0 
    where
        upe1_0.user_id=?
2025-12-05T21:02:13.634-05:00 DEBUG 370351 --- [user-management-service] [http-nio-8083-exec-3] org.hibernate.SQL                        : 
    select
        tme1_0.id,
        tme1_0.created_at,
        tme1_0.invited_by,
        tme1_0.joined_at,
        tme1_0.role,
        tme1_0.tenant_id,
        tme1_0.updated_at,
        tme1_0.user_id 
    from
        tenant_members tme1_0 
    where
        tme1_0.user_id=?
2025-12-05T21:02:13.644-05:00 DEBUG 370351 --- [user-management-service] [http-nio-8083-exec-3] org.hibernate.SQL                        : 
    select
        pme1_0.id,
        pme1_0.added_by,
        pme1_0.created_at,
        pme1_0.joined_at,
        pme1_0.project_id,
        pme1_0.role,
        pme1_0.tenant_id,
        pme1_0.updated_at,
        pme1_0.user_id 
    from
        project_members pme1_0 
    where
        pme1_0.user_id=?
2025-12-05T21:02:13.651-05:00 DEBUG 370351 --- [user-management-service] [http-nio-8083-exec-3] org.hibernate.SQL                        : 
    select
        ie1_0.id,
        ie1_0.accepted_at,
        ie1_0.created_at,
        ie1_0.email,
        ie1_0.expires_at,
        ie1_0.invited_by,
        ie1_0.inviter_email,
        ie1_0.resource_id,
        ie1_0.resource_name,
        ie1_0.role,
        ie1_0.status,
        ie1_0.token,
        ie1_0.type 
    from
        invitations ie1_0 
    where
        ie1_0.email=? 
        and ie1_0.status=?
2025-12-05T21:02:13.654-05:00 DEBUG 370351 --- [user-management-service] [http-nio-8083-exec-3] org.hibernate.SQL                        : 
    select
        pi1_0.invitation_id,
        pi1_0.project_id 
    from
        invitation_projects pi1_0 
    where
        pi1_0.invitation_id=?
2025-12-05T21:02:13.656-05:00  INFO 370351 --- [user-management-service] [http-nio-8083-exec-3] c.s.u.controller.DashboardController     : ✅ Dashboard fetched successfully for user: c16c69e4-bc96-45ea-a97f-b0190bf64392
2025-12-05T21:02:13.660-05:00 DEBUG 370351 --- [user-management-service] [http-nio-8083-exec-5] org.hibernate.SQL                        : 
    select
        upe1_0.id,
        upe1_0.assigned_at,
        upe1_0.max_projects_per_tenant,
        upe1_0.max_scans_per_month,
        upe1_0.max_tenants,
        upe1_0.max_users_per_tenant,
        upe1_0.plan,
        upe1_0.updated_at,
        upe1_0.user_id 
    from
        user_plans upe1_0 
    where
        upe1_0.user_id=?
2025-12-05T21:02:13.662-05:00 DEBUG 370351 --- [user-management-service] [http-nio-8083-exec-5] org.hibernate.SQL                        : 
    select
        tme1_0.id,
        tme1_0.created_at,
        tme1_0.invited_by,
        tme1_0.joined_at,
        tme1_0.role,
        tme1_0.tenant_id,
        tme1_0.updated_at,
        tme1_0.user_id 
    from
        tenant_members tme1_0 
    where
        tme1_0.user_id=?
2025-12-05T21:02:13.669-05:00 DEBUG 370351 --- [user-management-service] [http-nio-8083-exec-5] org.hibernate.SQL                        : 
    select
        pme1_0.id,
        pme1_0.added_by,
        pme1_0.created_at,
        pme1_0.joined_at,
        pme1_0.project_id,
        pme1_0.role,
        pme1_0.tenant_id,
        pme1_0.updated_at,
        pme1_0.user_id 
    from
        project_members pme1_0 
    where
        pme1_0.user_id=?
2025-12-05T21:02:13.676-05:00 DEBUG 370351 --- [user-management-service] [http-nio-8083-exec-5] org.hibernate.SQL                        : 
    select
        ie1_0.id,
        ie1_0.accepted_at,
        ie1_0.created_at,
        ie1_0.email,
        ie1_0.expires_at,
        ie1_0.invited_by,
        ie1_0.inviter_email,
        ie1_0.resource_id,
        ie1_0.resource_name,
        ie1_0.role,
        ie1_0.status,
        ie1_0.token,
        ie1_0.type 
    from
        invitations ie1_0 
    where
        ie1_0.email=? 
        and ie1_0.status=?
2025-12-05T21:02:13.677-05:00 DEBUG 370351 --- [user-management-service] [http-nio-8083-exec-5] org.hibernate.SQL                        : 
    select
        pi1_0.invitation_id,
        pi1_0.project_id 
    from
        invitation_projects pi1_0 
    where
        pi1_0.invitation_id=?
2025-12-05T21:02:13.678-05:00  INFO 370351 --- [user-management-service] [http-nio-8083-exec-5] c.s.u.controller.DashboardController     : ✅ Dashboard fetched successfully for user: c16c69e4-bc96-45ea-a97f-b0190bf64392
2025-12-05T21:02:16.256-05:00  INFO 370351 --- [user-management-service] [http-nio-8083-exec-8] c.s.u.s.impl.InvitationServiceImpl       : ✅ Accepting invitation with token: d7c4439a94454b0997aefc920eb6af8b by user: c16c69e4-bc96-45ea-a97f-b0190bf64392
2025-12-05T21:02:16.258-05:00 DEBUG 370351 --- [user-management-service] [http-nio-8083-exec-8] org.hibernate.SQL                        : 
    select
        ie1_0.id,
        ie1_0.accepted_at,
        ie1_0.created_at,
        ie1_0.email,
        ie1_0.expires_at,
        ie1_0.invited_by,
        ie1_0.inviter_email,
        ie1_0.resource_id,
        ie1_0.resource_name,
        ie1_0.role,
        ie1_0.status,
        ie1_0.token,
        ie1_0.type 
    from
        invitations ie1_0 
    where
        ie1_0.token=?
2025-12-05T21:02:16.260-05:00 DEBUG 370351 --- [user-management-service] [http-nio-8083-exec-8] org.hibernate.SQL                        : 
    select
        tme1_0.id 
    from
        tenant_members tme1_0 
    where
        tme1_0.tenant_id=? 
        and tme1_0.user_id=? 
    fetch
        first ? rows only
2025-12-05T21:02:16.260-05:00  INFO 370351 --- [user-management-service] [http-nio-8083-exec-8] c.s.u.s.impl.TenantMemberServiceImpl     : Adding member c16c69e4-bc96-45ea-a97f-b0190bf64392 to tenant 51ccef58-5c2b-4eb0-815d-938f056b40cb with role TENANT_USER
2025-12-05T21:02:16.261-05:00 DEBUG 370351 --- [user-management-service] [http-nio-8083-exec-8] org.hibernate.SQL                        : 
    select
        tme1_0.id 
    from
        tenant_members tme1_0 
    where
        tme1_0.tenant_id=? 
        and tme1_0.user_id=? 
    fetch
        first ? rows only
2025-12-05T21:02:16.262-05:00  INFO 370351 --- [user-management-service] [http-nio-8083-exec-8] c.s.u.s.impl.TenantMemberServiceImpl     : Member added successfully: 864c06cd-2ee0-4c77-b92e-07d1ff5f51bd
2025-12-05T21:02:16.262-05:00  INFO 370351 --- [user-management-service] [http-nio-8083-exec-8] c.s.u.s.impl.InvitationServiceImpl       : ✅ User added to tenant as TENANT_USER
2025-12-05T21:02:16.262-05:00 DEBUG 370351 --- [user-management-service] [http-nio-8083-exec-8] org.hibernate.SQL                        : 
    select
        pi1_0.invitation_id,
        pi1_0.project_id 
    from
        invitation_projects pi1_0 
    where
        pi1_0.invitation_id=?
2025-12-05T21:02:16.264-05:00 DEBUG 370351 --- [user-management-service] [http-nio-8083-exec-8] o.s.amqp.rabbit.core.RabbitTemplate      : Executing callback RabbitTemplate$$Lambda/0x000074a6ace7f128 on RabbitMQ Channel: Cached Rabbit Channel: AMQChannel(amqp://guest@127.0.0.1:5672/,4), conn: Proxy@56f3a810 Shared Rabbit Connection: SimpleConnection@2c9ecb60 [delegate=amqp://guest@127.0.0.1:5672/, localPort=33298]
2025-12-05T21:02:16.264-05:00 DEBUG 370351 --- [user-management-service] [http-nio-8083-exec-8] o.s.amqp.rabbit.core.RabbitTemplate      : Publishing message [(Body:'[B@4cddbfca(byte[366])' MessageProperties [headers={__ContentTypeId__=java.lang.Object, __KeyTypeId__=java.lang.Object, __TypeId__=java.util.HashMap}, contentType=application/json, contentEncoding=UTF-8, contentLength=366, deliveryMode=PERSISTENT, priority=0, deliveryTag=0])] on exchange [user_mgmt_exchange], routingKey = [user.invitation.accepted]
2025-12-05T21:02:16.264-05:00  INFO 370351 --- [user-management-service] [http-nio-8083-exec-8] c.s.u.e.UserManagementEventPublisher     : ✅ Event published: user.invitation.accepted for user c16c69e4-bc96-45ea-a97f-b0190bf64392
2025-12-05T21:02:16.264-05:00  INFO 370351 --- [user-management-service] [http-nio-8083-exec-8] c.s.u.s.impl.InvitationServiceImpl       : ✅ Invitation accepted and event published
2025-12-05T21:02:16.265-05:00 DEBUG 370351 --- [user-management-service] [http-nio-8083-exec-8] org.hibernate.SQL                        : 
    insert 
    into
        tenant_members
        (created_at, invited_by, joined_at, role, tenant_id, updated_at, user_id, id) 
    values
        (?, ?, ?, ?, ?, ?, ?, ?)
2025-12-05T21:02:16.268-05:00 DEBUG 370351 --- [user-management-service] [http-nio-8083-exec-8] org.hibernate.SQL                        : 
    update
        invitations 
    set
        accepted_at=?,
        email=?,
        expires_at=?,
        invited_by=?,
        inviter_email=?,
        resource_id=?,
        resource_name=?,
        role=?,
        status=?,
        token=?,
        type=? 
    where
        id=?
2025-12-05T21:02:16.277-05:00 DEBUG 370351 --- [user-management-service] [http-nio-8083-exec-10] org.hibernate.SQL                        : 
    select
        upe1_0.id,
        upe1_0.assigned_at,
        upe1_0.max_projects_per_tenant,
        upe1_0.max_scans_per_month,
        upe1_0.max_tenants,
        upe1_0.max_users_per_tenant,
        upe1_0.plan,
        upe1_0.updated_at,
        upe1_0.user_id 
    from
        user_plans upe1_0 
    where
        upe1_0.user_id=?
2025-12-05T21:02:16.279-05:00 DEBUG 370351 --- [user-management-service] [http-nio-8083-exec-10] org.hibernate.SQL                        : 
    select
        tme1_0.id,
        tme1_0.created_at,
        tme1_0.invited_by,
        tme1_0.joined_at,
        tme1_0.role,
        tme1_0.tenant_id,
        tme1_0.updated_at,
        tme1_0.user_id 
    from
        tenant_members tme1_0 
    where
        tme1_0.user_id=?
2025-12-05T21:02:16.291-05:00 DEBUG 370351 --- [user-management-service] [http-nio-8083-exec-10] org.hibernate.SQL                        : 
    select
        pme1_0.id,
        pme1_0.added_by,
        pme1_0.created_at,
        pme1_0.joined_at,
        pme1_0.project_id,
        pme1_0.role,
        pme1_0.tenant_id,
        pme1_0.updated_at,
        pme1_0.user_id 
    from
        project_members pme1_0 
    where
        pme1_0.user_id=?
2025-12-05T21:02:16.298-05:00 DEBUG 370351 --- [user-management-service] [http-nio-8083-exec-10] org.hibernate.SQL                        : 
    select
        ie1_0.id,
        ie1_0.accepted_at,
        ie1_0.created_at,
        ie1_0.email,
        ie1_0.expires_at,
        ie1_0.invited_by,
        ie1_0.inviter_email,
        ie1_0.resource_id,
        ie1_0.resource_name,
        ie1_0.role,
        ie1_0.status,
        ie1_0.token,
        ie1_0.type 
    from
        invitations ie1_0 
    where
        ie1_0.email=? 
        and ie1_0.status=?
2025-12-05T21:02:16.299-05:00  INFO 370351 --- [user-management-service] [http-nio-8083-exec-10] c.s.u.controller.DashboardController     : ✅ Dashboard fetched successfully for user: c16c69e4-bc96-45ea-a97f-b0190bf64392
2025-12-05T21:02:27.270-05:00 DEBUG 370351 --- [user-management-service] [http-nio-8083-exec-1] org.hibernate.SQL                        : 
    select
        upe1_0.id,
        upe1_0.assigned_at,
        upe1_0.max_projects_per_tenant,
        upe1_0.max_scans_per_month,
        upe1_0.max_tenants,
        upe1_0.max_users_per_tenant,
        upe1_0.plan,
        upe1_0.updated_at,
        upe1_0.user_id 
    from
        user_plans upe1_0 
    where
        upe1_0.user_id=?
2025-12-05T21:02:27.272-05:00 DEBUG 370351 --- [user-management-service] [http-nio-8083-exec-1] org.hibernate.SQL                        : 
    select
        tme1_0.id,
        tme1_0.created_at,
        tme1_0.invited_by,
        tme1_0.joined_at,
        tme1_0.role,
        tme1_0.tenant_id,
        tme1_0.updated_at,
        tme1_0.user_id 
    from
        tenant_members tme1_0 
    where
        tme1_0.user_id=?
2025-12-05T21:02:27.287-05:00 DEBUG 370351 --- [user-management-service] [http-nio-8083-exec-1] org.hibernate.SQL                        : 
    select
        pme1_0.id,
        pme1_0.added_by,
        pme1_0.created_at,
        pme1_0.joined_at,
        pme1_0.project_id,
        pme1_0.role,
        pme1_0.tenant_id,
        pme1_0.updated_at,
        pme1_0.user_id 
    from
        project_members pme1_0 
    where
        pme1_0.user_id=?
2025-12-05T21:02:27.294-05:00 DEBUG 370351 --- [user-management-service] [http-nio-8083-exec-1] org.hibernate.SQL                        : 
    select
        ie1_0.id,
        ie1_0.accepted_at,
        ie1_0.created_at,
        ie1_0.email,
        ie1_0.expires_at,
        ie1_0.invited_by,
        ie1_0.inviter_email,
        ie1_0.resource_id,
        ie1_0.resource_name,
        ie1_0.role,
        ie1_0.status,
        ie1_0.token,
        ie1_0.type 
    from
        invitations ie1_0 
    where
        ie1_0.email=? 
        and ie1_0.status=?
2025-12-05T21:02:27.295-05:00  INFO 370351 --- [user-management-service] [http-nio-8083-exec-1] c.s.u.controller.DashboardController     : ✅ Dashboard fetched successfully for user: c16c69e4-bc96-45ea-a97f-b0190bf64392
2025-12-05T21:02:27.299-05:00 DEBUG 370351 --- [user-management-service] [http-nio-8083-exec-2] org.hibernate.SQL                        : 
    select
        upe1_0.id,
        upe1_0.assigned_at,
        upe1_0.max_projects_per_tenant,
        upe1_0.max_scans_per_month,
        upe1_0.max_tenants,
        upe1_0.max_users_per_tenant,
        upe1_0.plan,
        upe1_0.updated_at,
        upe1_0.user_id 
    from
        user_plans upe1_0 
    where
        upe1_0.user_id=?
2025-12-05T21:02:27.302-05:00 DEBUG 370351 --- [user-management-service] [http-nio-8083-exec-2] org.hibernate.SQL                        : 
    select
        tme1_0.id,
        tme1_0.created_at,
        tme1_0.invited_by,
        tme1_0.joined_at,
        tme1_0.role,
        tme1_0.tenant_id,
        tme1_0.updated_at,
        tme1_0.user_id 
    from
        tenant_members tme1_0 
    where
        tme1_0.user_id=?
2025-12-05T21:02:27.314-05:00 DEBUG 370351 --- [user-management-service] [http-nio-8083-exec-2] org.hibernate.SQL                        : 
    select
        pme1_0.id,
        pme1_0.added_by,
        pme1_0.created_at,
        pme1_0.joined_at,
        pme1_0.project_id,
        pme1_0.role,
        pme1_0.tenant_id,
        pme1_0.updated_at,
        pme1_0.user_id 
    from
        project_members pme1_0 
    where
        pme1_0.user_id=?
2025-12-05T21:02:27.321-05:00 DEBUG 370351 --- [user-management-service] [http-nio-8083-exec-2] org.hibernate.SQL                        : 
    select
        ie1_0.id,
        ie1_0.accepted_at,
        ie1_0.created_at,
        ie1_0.email,
        ie1_0.expires_at,
        ie1_0.invited_by,
        ie1_0.inviter_email,
        ie1_0.resource_id,
        ie1_0.resource_name,
        ie1_0.role,
        ie1_0.status,
        ie1_0.token,
        ie1_0.type 
    from
        invitations ie1_0 
    where
        ie1_0.email=? 
        and ie1_0.status=?
2025-12-05T21:02:27.322-05:00  INFO 370351 --- [user-management-service] [http-nio-8083-exec-2] c.s.u.controller.DashboardController     : ✅ Dashboard fetched successfully for user: c16c69e4-bc96-45ea-a97f-b0190bf64392
2025-12-05T21:02:36.528-05:00 DEBUG 370351 --- [user-management-service] [http-nio-8083-exec-5] org.hibernate.SQL                        : 
    select
        upe1_0.id,
        upe1_0.assigned_at,
        upe1_0.max_projects_per_tenant,
        upe1_0.max_scans_per_month,
        upe1_0.max_tenants,
        upe1_0.max_users_per_tenant,
        upe1_0.plan,
        upe1_0.updated_at,
        upe1_0.user_id 
    from
        user_plans upe1_0 
    where
        upe1_0.user_id=?
2025-12-05T21:02:36.530-05:00 DEBUG 370351 --- [user-management-service] [http-nio-8083-exec-5] org.hibernate.SQL                        : 
    select
        tme1_0.id,
        tme1_0.created_at,
        tme1_0.invited_by,
        tme1_0.joined_at,
        tme1_0.role,
        tme1_0.tenant_id,
        tme1_0.updated_at,
        tme1_0.user_id 
    from
        tenant_members tme1_0 
    where
        tme1_0.user_id=?
2025-12-05T21:02:36.541-05:00 DEBUG 370351 --- [user-management-service] [http-nio-8083-exec-5] org.hibernate.SQL                        : 
    select
        pme1_0.id,
        pme1_0.added_by,
        pme1_0.created_at,
        pme1_0.joined_at,
        pme1_0.project_id,
        pme1_0.role,
        pme1_0.tenant_id,
        pme1_0.updated_at,
        pme1_0.user_id 
    from
        project_members pme1_0 
    where
        pme1_0.user_id=?
2025-12-05T21:02:36.548-05:00 DEBUG 370351 --- [user-management-service] [http-nio-8083-exec-5] org.hibernate.SQL                        : 
    select
        ie1_0.id,
        ie1_0.accepted_at,
        ie1_0.created_at,
        ie1_0.email,
        ie1_0.expires_at,
        ie1_0.invited_by,
        ie1_0.inviter_email,
        ie1_0.resource_id,
        ie1_0.resource_name,
        ie1_0.role,
        ie1_0.status,
        ie1_0.token,
        ie1_0.type 
    from
        invitations ie1_0 
    where
        ie1_0.email=? 
        and ie1_0.status=?
2025-12-05T21:02:36.549-05:00  INFO 370351 --- [user-management-service] [http-nio-8083-exec-5] c.s.u.controller.DashboardController     : ✅ Dashboard fetched successfully for user: c16c69e4-bc96-45ea-a97f-b0190bf64392
2025-12-05T21:02:36.553-05:00 DEBUG 370351 --- [user-management-service] [http-nio-8083-exec-6] org.hibernate.SQL                        : 
    select
        upe1_0.id,
        upe1_0.assigned_at,
        upe1_0.max_projects_per_tenant,
        upe1_0.max_scans_per_month,
        upe1_0.max_tenants,
        upe1_0.max_users_per_tenant,
        upe1_0.plan,
        upe1_0.updated_at,
        upe1_0.user_id 
    from
        user_plans upe1_0 
    where
        upe1_0.user_id=?
2025-12-05T21:02:36.555-05:00 DEBUG 370351 --- [user-management-service] [http-nio-8083-exec-6] org.hibernate.SQL                        : 
    select
        tme1_0.id,
        tme1_0.created_at,
        tme1_0.invited_by,
        tme1_0.joined_at,
        tme1_0.role,
        tme1_0.tenant_id,
        tme1_0.updated_at,
        tme1_0.user_id 
    from
        tenant_members tme1_0 
    where
        tme1_0.user_id=?
2025-12-05T21:02:36.567-05:00 DEBUG 370351 --- [user-management-service] [http-nio-8083-exec-6] org.hibernate.SQL                        : 
    select
        pme1_0.id,
        pme1_0.added_by,
        pme1_0.created_at,
        pme1_0.joined_at,
        pme1_0.project_id,
        pme1_0.role,
        pme1_0.tenant_id,
        pme1_0.updated_at,
        pme1_0.user_id 
    from
        project_members pme1_0 
    where
        pme1_0.user_id=?
2025-12-05T21:02:36.573-05:00 DEBUG 370351 --- [user-management-service] [http-nio-8083-exec-6] org.hibernate.SQL                        : 
    select
        ie1_0.id,
        ie1_0.accepted_at,
        ie1_0.created_at,
        ie1_0.email,
        ie1_0.expires_at,
        ie1_0.invited_by,
        ie1_0.inviter_email,
        ie1_0.resource_id,
        ie1_0.resource_name,
        ie1_0.role,
        ie1_0.status,
        ie1_0.token,
        ie1_0.type 
    from
        invitations ie1_0 
    where
        ie1_0.email=? 
        and ie1_0.status=?
2025-12-05T21:02:36.574-05:00  INFO 370351 --- [user-management-service] [http-nio-8083-exec-6] c.s.u.controller.DashboardController     : ✅ Dashboard fetched successfully for user: c16c69e4-bc96-45ea-a97f-b0190bf64392
2025-12-05T21:02:50.850-05:00 DEBUG 370351 --- [user-management-service] [http-nio-8083-exec-7] org.hibernate.SQL                        : 
    select
        upe1_0.id,
        upe1_0.assigned_at,
        upe1_0.max_projects_per_tenant,
        upe1_0.max_scans_per_month,
        upe1_0.max_tenants,
        upe1_0.max_users_per_tenant,
        upe1_0.plan,
        upe1_0.updated_at,
        upe1_0.user_id 
    from
        user_plans upe1_0 
    where
        upe1_0.user_id=?
2025-12-05T21:02:50.852-05:00 DEBUG 370351 --- [user-management-service] [http-nio-8083-exec-7] org.hibernate.SQL                        : 
    select
        tme1_0.id,
        tme1_0.created_at,
        tme1_0.invited_by,
        tme1_0.joined_at,
        tme1_0.role,
        tme1_0.tenant_id,
        tme1_0.updated_at,
        tme1_0.user_id 
    from
        tenant_members tme1_0 
    where
        tme1_0.user_id=?
2025-12-05T21:02:50.860-05:00 DEBUG 370351 --- [user-management-service] [http-nio-8083-exec-7] org.hibernate.SQL                        : 
    select
        pme1_0.id,
        pme1_0.added_by,
        pme1_0.created_at,
        pme1_0.joined_at,
        pme1_0.project_id,
        pme1_0.role,
        pme1_0.tenant_id,
        pme1_0.updated_at,
        pme1_0.user_id 
    from
        project_members pme1_0 
    where
        pme1_0.user_id=?
2025-12-05T21:02:50.862-05:00 DEBUG 370351 --- [user-management-service] [http-nio-8083-exec-7] org.hibernate.SQL                        : 
    select
        ie1_0.id,
        ie1_0.accepted_at,
        ie1_0.created_at,
        ie1_0.email,
        ie1_0.expires_at,
        ie1_0.invited_by,
        ie1_0.inviter_email,
        ie1_0.resource_id,
        ie1_0.resource_name,
        ie1_0.role,
        ie1_0.status,
        ie1_0.token,
        ie1_0.type 
    from
        invitations ie1_0 
    where
        ie1_0.email=? 
        and ie1_0.status=?
2025-12-05T21:02:50.863-05:00  INFO 370351 --- [user-management-service] [http-nio-8083-exec-7] c.s.u.controller.DashboardController     : ✅ Dashboard fetched successfully for user: 7ac6bcef-ddf0-4497-ac03-8ce1f70edb89
2025-12-05T21:02:50.866-05:00 DEBUG 370351 --- [user-management-service] [http-nio-8083-exec-9] org.hibernate.SQL                        : 
    select
        upe1_0.id,
        upe1_0.assigned_at,
        upe1_0.max_projects_per_tenant,
        upe1_0.max_scans_per_month,
        upe1_0.max_tenants,
        upe1_0.max_users_per_tenant,
        upe1_0.plan,
        upe1_0.updated_at,
        upe1_0.user_id 
    from
        user_plans upe1_0 
    where
        upe1_0.user_id=?
2025-12-05T21:02:50.868-05:00 DEBUG 370351 --- [user-management-service] [http-nio-8083-exec-9] org.hibernate.SQL                        : 
    select
        tme1_0.id,
        tme1_0.created_at,
        tme1_0.invited_by,
        tme1_0.joined_at,
        tme1_0.role,
        tme1_0.tenant_id,
        tme1_0.updated_at,
        tme1_0.user_id 
    from
        tenant_members tme1_0 
    where
        tme1_0.user_id=?
2025-12-05T21:02:50.875-05:00 DEBUG 370351 --- [user-management-service] [http-nio-8083-exec-9] org.hibernate.SQL                        : 
    select
        pme1_0.id,
        pme1_0.added_by,
        pme1_0.created_at,
        pme1_0.joined_at,
        pme1_0.project_id,
        pme1_0.role,
        pme1_0.tenant_id,
        pme1_0.updated_at,
        pme1_0.user_id 
    from
        project_members pme1_0 
    where
        pme1_0.user_id=?
2025-12-05T21:02:50.877-05:00 DEBUG 370351 --- [user-management-service] [http-nio-8083-exec-9] org.hibernate.SQL                        : 
    select
        ie1_0.id,
        ie1_0.accepted_at,
        ie1_0.created_at,
        ie1_0.email,
        ie1_0.expires_at,
        ie1_0.invited_by,
        ie1_0.inviter_email,
        ie1_0.resource_id,
        ie1_0.resource_name,
        ie1_0.role,
        ie1_0.status,
        ie1_0.token,
        ie1_0.type 
    from
        invitations ie1_0 
    where
        ie1_0.email=? 
        and ie1_0.status=?
2025-12-05T21:02:50.877-05:00  INFO 370351 --- [user-management-service] [http-nio-8083-exec-9] c.s.u.controller.DashboardController     : ✅ Dashboard fetched successfully for user: 7ac6bcef-ddf0-4497-ac03-8ce1f70edb89
2025-12-05T21:03:07.282-05:00 DEBUG 370351 --- [user-management-service] [http-nio-8083-exec-1] org.hibernate.SQL                        : 
    select
        tme1_0.id,
        tme1_0.created_at,
        tme1_0.invited_by,
        tme1_0.joined_at,
        tme1_0.role,
        tme1_0.tenant_id,
        tme1_0.updated_at,
        tme1_0.user_id 
    from
        tenant_members tme1_0 
    where
        tme1_0.tenant_id=? 
        and tme1_0.user_id=?
2025-12-05T21:03:10.300-05:00 DEBUG 370351 --- [user-management-service] [pool-3-thread-9] o.s.a.r.listener.BlockingQueueConsumer   : Storing delivery for consumerTag: 'amq.ctag-56qbXcBEDUcp6B_RmiJcqQ' with deliveryTag: '2' in Consumer@69d2fc03: tags=[[amq.ctag-56qbXcBEDUcp6B_RmiJcqQ]], channel=Cached Rabbit Channel: AMQChannel(amqp://guest@127.0.0.1:5672/,2), conn: Proxy@56f3a810 Shared Rabbit Connection: SimpleConnection@2c9ecb60 [delegate=amqp://guest@127.0.0.1:5672/, localPort=33298], acknowledgeMode=AUTO local queue size=0
2025-12-05T21:03:10.300-05:00 DEBUG 370351 --- [user-management-service] [org.springframework.amqp.rabbit.RabbitListenerEndpointContainer#1-1] o.s.a.r.listener.BlockingQueueConsumer   : Received message: (Body:'[B@478809(byte[250])' MessageProperties [headers={__ContentTypeId__=java.lang.Object, __KeyTypeId__=java.lang.Object, __TypeId__=java.util.HashMap}, contentType=application/json, contentEncoding=UTF-8, contentLength=0, receivedDeliveryMode=PERSISTENT, priority=0, redelivered=false, receivedExchange=project-exchange, receivedRoutingKey=project.created, deliveryTag=2, consumerTag=amq.ctag-56qbXcBEDUcp6B_RmiJcqQ, consumerQueue=user_mgmt.project.created.queue])
2025-12-05T21:03:10.301-05:00 DEBUG 370351 --- [user-management-service] [org.springframework.amqp.rabbit.RabbitListenerEndpointContainer#1-1] .a.r.l.a.MessagingMessageListenerAdapter : Processing [GenericMessage [payload={tenantId=51ccef58-5c2b-4eb0-815d-938f056b40cb, eventType=project.created, ownerId=7ac6bcef-ddf0-4497-ac03-8ce1f70edb89, projectName=project1, projectId=d34dad67-cc11-420b-a657-c64f2ebc81fd, timestamp=2025-12-05T21:03:10.299091346}, headers={amqp_receivedDeliveryMode=PERSISTENT, amqp_receivedExchange=project-exchange, amqp_deliveryTag=2, amqp_consumerQueue=user_mgmt.project.created.queue, amqp_redelivered=false, __ContentTypeId__=java.lang.Object, amqp_receivedRoutingKey=project.created, amqp_contentEncoding=UTF-8, __KeyTypeId__=java.lang.Object, amqp_retryCount=0, id=eb9a48e6-27a9-3094-3d73-0d3aa1ad3b30, amqp_consumerTag=amq.ctag-56qbXcBEDUcp6B_RmiJcqQ, amqp_lastInBatch=false, contentType=application/json, __TypeId__=java.util.HashMap, timestamp=1764986590301}]]
2025-12-05T21:03:10.301-05:00  INFO 370351 --- [user-management-service] [org.springframework.amqp.rabbit.RabbitListenerEndpointContainer#1-1] c.s.u.e.l.ProjectCreatedListener         : 📥 Received event: project.created - {tenantId=51ccef58-5c2b-4eb0-815d-938f056b40cb, eventType=project.created, ownerId=7ac6bcef-ddf0-4497-ac03-8ce1f70edb89, projectName=project1, projectId=d34dad67-cc11-420b-a657-c64f2ebc81fd, timestamp=2025-12-05T21:03:10.299091346}
2025-12-05T21:03:10.301-05:00  INFO 370351 --- [user-management-service] [org.springframework.amqp.rabbit.RabbitListenerEndpointContainer#1-1] c.s.u.e.l.ProjectCreatedListener         : 🔄 Adding owner 7ac6bcef-ddf0-4497-ac03-8ce1f70edb89 as PROJECT_ADMIN to project d34dad67-cc11-420b-a657-c64f2ebc81fd (project1)
2025-12-05T21:03:10.301-05:00  INFO 370351 --- [user-management-service] [org.springframework.amqp.rabbit.RabbitListenerEndpointContainer#1-1] c.s.u.s.impl.ProjectMemberServiceImpl    : Adding member 7ac6bcef-ddf0-4497-ac03-8ce1f70edb89 to project d34dad67-cc11-420b-a657-c64f2ebc81fd with role PROJECT_ADMIN
2025-12-05T21:03:10.302-05:00 DEBUG 370351 --- [user-management-service] [org.springframework.amqp.rabbit.RabbitListenerEndpointContainer#1-1] org.hibernate.SQL                        : 
    select
        pme1_0.id 
    from
        project_members pme1_0 
    where
        pme1_0.project_id=? 
        and pme1_0.user_id=? 
    fetch
        first ? rows only
2025-12-05T21:03:10.304-05:00  INFO 370351 --- [user-management-service] [org.springframework.amqp.rabbit.RabbitListenerEndpointContainer#1-1] c.s.u.s.impl.ProjectMemberServiceImpl    : Project member added successfully: 96a74a46-b26e-45f6-b4ff-27a21295bde4
2025-12-05T21:03:10.304-05:00  INFO 370351 --- [user-management-service] [org.springframework.amqp.rabbit.RabbitListenerEndpointContainer#1-1] c.s.u.e.l.ProjectCreatedListener         : ✅ Owner successfully added as PROJECT_ADMIN to project: d34dad67-cc11-420b-a657-c64f2ebc81fd
2025-12-05T21:03:10.304-05:00 DEBUG 370351 --- [user-management-service] [org.springframework.amqp.rabbit.RabbitListenerEndpointContainer#1-1] org.hibernate.SQL                        : 
    insert 
    into
        project_members
        (added_by, created_at, joined_at, project_id, role, tenant_id, updated_at, user_id, id) 
    values
        (?, ?, ?, ?, ?, ?, ?, ?, ?)
2025-12-05T21:03:18.784-05:00 DEBUG 370351 --- [user-management-service] [http-nio-8083-exec-2] org.hibernate.SQL                        : 
    select
        tme1_0.id,
        tme1_0.created_at,
        tme1_0.invited_by,
        tme1_0.joined_at,
        tme1_0.role,
        tme1_0.tenant_id,
        tme1_0.updated_at,
        tme1_0.user_id 
    from
        tenant_members tme1_0 
    where
        tme1_0.tenant_id=? 
        and tme1_0.user_id=?
2025-12-05T21:03:19.726-05:00 DEBUG 370351 --- [user-management-service] [http-nio-8083-exec-4] org.hibernate.SQL                        : 
    select
        tme1_0.id,
        tme1_0.created_at,
        tme1_0.invited_by,
        tme1_0.joined_at,
        tme1_0.role,
        tme1_0.tenant_id,
        tme1_0.updated_at,
        tme1_0.user_id 
    from
        tenant_members tme1_0 
    where
        tme1_0.tenant_id=? 
        and tme1_0.user_id=?
2025-12-05T21:03:19.894-05:00 DEBUG 370351 --- [user-management-service] [http-nio-8083-exec-3] org.hibernate.SQL                        : 
    select
        tme1_0.id,
        tme1_0.created_at,
        tme1_0.invited_by,
        tme1_0.joined_at,
        tme1_0.role,
        tme1_0.tenant_id,
        tme1_0.updated_at,
        tme1_0.user_id 
    from
        tenant_members tme1_0 
    where
        tme1_0.tenant_id=? 
        and tme1_0.user_id=?
2025-12-05T21:03:20.038-05:00 DEBUG 370351 --- [user-management-service] [http-nio-8083-exec-5] org.hibernate.SQL                        : 
    select
        tme1_0.id,
        tme1_0.created_at,
        tme1_0.invited_by,
        tme1_0.joined_at,
        tme1_0.role,
        tme1_0.tenant_id,
        tme1_0.updated_at,
        tme1_0.user_id 
    from
        tenant_members tme1_0 
    where
        tme1_0.tenant_id=? 
        and tme1_0.user_id=?
2025-12-05T21:12:06.081-05:00 DEBUG 370351 --- [user-management-service] [http-nio-8083-exec-1] org.hibernate.SQL                        : 
    select
        upe1_0.id,
        upe1_0.assigned_at,
        upe1_0.max_projects_per_tenant,
        upe1_0.max_scans_per_month,
        upe1_0.max_tenants,
        upe1_0.max_users_per_tenant,
        upe1_0.plan,
        upe1_0.updated_at,
        upe1_0.user_id 
    from
        user_plans upe1_0 
    where
        upe1_0.user_id=?
2025-12-05T21:12:06.083-05:00 DEBUG 370351 --- [user-management-service] [http-nio-8083-exec-1] org.hibernate.SQL                        : 
    select
        tme1_0.id,
        tme1_0.created_at,
        tme1_0.invited_by,
        tme1_0.joined_at,
        tme1_0.role,
        tme1_0.tenant_id,
        tme1_0.updated_at,
        tme1_0.user_id 
    from
        tenant_members tme1_0 
    where
        tme1_0.user_id=?
2025-12-05T21:12:06.090-05:00 DEBUG 370351 --- [user-management-service] [http-nio-8083-exec-1] org.hibernate.SQL                        : 
    select
        pme1_0.id,
        pme1_0.added_by,
        pme1_0.created_at,
        pme1_0.joined_at,
        pme1_0.project_id,
        pme1_0.role,
        pme1_0.tenant_id,
        pme1_0.updated_at,
        pme1_0.user_id 
    from
        project_members pme1_0 
    where
        pme1_0.user_id=?
2025-12-05T21:12:06.097-05:00 DEBUG 370351 --- [user-management-service] [http-nio-8083-exec-1] org.hibernate.SQL                        : 
    select
        ie1_0.id,
        ie1_0.accepted_at,
        ie1_0.created_at,
        ie1_0.email,
        ie1_0.expires_at,
        ie1_0.invited_by,
        ie1_0.inviter_email,
        ie1_0.resource_id,
        ie1_0.resource_name,
        ie1_0.role,
        ie1_0.status,
        ie1_0.token,
        ie1_0.type 
    from
        invitations ie1_0 
    where
        ie1_0.email=? 
        and ie1_0.status=?
2025-12-05T21:12:06.098-05:00  INFO 370351 --- [user-management-service] [http-nio-8083-exec-1] c.s.u.controller.DashboardController     : ✅ Dashboard fetched successfully for user: 7ac6bcef-ddf0-4497-ac03-8ce1f70edb89
2025-12-05T21:12:06.102-05:00 DEBUG 370351 --- [user-management-service] [http-nio-8083-exec-2] org.hibernate.SQL                        : 
    select
        upe1_0.id,
        upe1_0.assigned_at,
        upe1_0.max_projects_per_tenant,
        upe1_0.max_scans_per_month,
        upe1_0.max_tenants,
        upe1_0.max_users_per_tenant,
        upe1_0.plan,
        upe1_0.updated_at,
        upe1_0.user_id 
    from
        user_plans upe1_0 
    where
        upe1_0.user_id=?
2025-12-05T21:12:06.103-05:00 DEBUG 370351 --- [user-management-service] [http-nio-8083-exec-2] org.hibernate.SQL                        : 
    select
        tme1_0.id,
        tme1_0.created_at,
        tme1_0.invited_by,
        tme1_0.joined_at,
        tme1_0.role,
        tme1_0.tenant_id,
        tme1_0.updated_at,
        tme1_0.user_id 
    from
        tenant_members tme1_0 
    where
        tme1_0.user_id=?
2025-12-05T21:12:06.110-05:00 DEBUG 370351 --- [user-management-service] [http-nio-8083-exec-2] org.hibernate.SQL                        : 
    select
        pme1_0.id,
        pme1_0.added_by,
        pme1_0.created_at,
        pme1_0.joined_at,
        pme1_0.project_id,
        pme1_0.role,
        pme1_0.tenant_id,
        pme1_0.updated_at,
        pme1_0.user_id 
    from
        project_members pme1_0 
    where
        pme1_0.user_id=?
2025-12-05T21:12:06.116-05:00 DEBUG 370351 --- [user-management-service] [http-nio-8083-exec-2] org.hibernate.SQL                        : 
    select
        ie1_0.id,
        ie1_0.accepted_at,
        ie1_0.created_at,
        ie1_0.email,
        ie1_0.expires_at,
        ie1_0.invited_by,
        ie1_0.inviter_email,
        ie1_0.resource_id,
        ie1_0.resource_name,
        ie1_0.role,
        ie1_0.status,
        ie1_0.token,
        ie1_0.type 
    from
        invitations ie1_0 
    where
        ie1_0.email=? 
        and ie1_0.status=?
2025-12-05T21:12:06.116-05:00  INFO 370351 --- [user-management-service] [http-nio-8083-exec-2] c.s.u.controller.DashboardController     : ✅ Dashboard fetched successfully for user: 7ac6bcef-ddf0-4497-ac03-8ce1f70edb89
2025-12-05T21:12:16.049-05:00 DEBUG 370351 --- [user-management-service] [http-nio-8083-exec-5] org.hibernate.SQL                        : 
    select
        upe1_0.id,
        upe1_0.assigned_at,
        upe1_0.max_projects_per_tenant,
        upe1_0.max_scans_per_month,
        upe1_0.max_tenants,
        upe1_0.max_users_per_tenant,
        upe1_0.plan,
        upe1_0.updated_at,
        upe1_0.user_id 
    from
        user_plans upe1_0 
    where
        upe1_0.user_id=?
2025-12-05T21:12:16.051-05:00 DEBUG 370351 --- [user-management-service] [http-nio-8083-exec-5] org.hibernate.SQL                        : 
    select
        tme1_0.id,
        tme1_0.created_at,
        tme1_0.invited_by,
        tme1_0.joined_at,
        tme1_0.role,
        tme1_0.tenant_id,
        tme1_0.updated_at,
        tme1_0.user_id 
    from
        tenant_members tme1_0 
    where
        tme1_0.user_id=?
2025-12-05T21:12:16.057-05:00 DEBUG 370351 --- [user-management-service] [http-nio-8083-exec-5] org.hibernate.SQL                        : 
    select
        pme1_0.id,
        pme1_0.added_by,
        pme1_0.created_at,
        pme1_0.joined_at,
        pme1_0.project_id,
        pme1_0.role,
        pme1_0.tenant_id,
        pme1_0.updated_at,
        pme1_0.user_id 
    from
        project_members pme1_0 
    where
        pme1_0.user_id=?
2025-12-05T21:12:16.065-05:00 DEBUG 370351 --- [user-management-service] [http-nio-8083-exec-5] org.hibernate.SQL                        : 
    select
        ie1_0.id,
        ie1_0.accepted_at,
        ie1_0.created_at,
        ie1_0.email,
        ie1_0.expires_at,
        ie1_0.invited_by,
        ie1_0.inviter_email,
        ie1_0.resource_id,
        ie1_0.resource_name,
        ie1_0.role,
        ie1_0.status,
        ie1_0.token,
        ie1_0.type 
    from
        invitations ie1_0 
    where
        ie1_0.email=? 
        and ie1_0.status=?
2025-12-05T21:12:16.066-05:00  INFO 370351 --- [user-management-service] [http-nio-8083-exec-5] c.s.u.controller.DashboardController     : ✅ Dashboard fetched successfully for user: 7ac6bcef-ddf0-4497-ac03-8ce1f70edb89
2025-12-05T21:12:16.070-05:00 DEBUG 370351 --- [user-management-service] [http-nio-8083-exec-8] org.hibernate.SQL                        : 
    select
        upe1_0.id,
        upe1_0.assigned_at,
        upe1_0.max_projects_per_tenant,
        upe1_0.max_scans_per_month,
        upe1_0.max_tenants,
        upe1_0.max_users_per_tenant,
        upe1_0.plan,
        upe1_0.updated_at,
        upe1_0.user_id 
    from
        user_plans upe1_0 
    where
        upe1_0.user_id=?
2025-12-05T21:12:16.071-05:00 DEBUG 370351 --- [user-management-service] [http-nio-8083-exec-8] org.hibernate.SQL                        : 
    select
        tme1_0.id,
        tme1_0.created_at,
        tme1_0.invited_by,
        tme1_0.joined_at,
        tme1_0.role,
        tme1_0.tenant_id,
        tme1_0.updated_at,
        tme1_0.user_id 
    from
        tenant_members tme1_0 
    where
        tme1_0.user_id=?
2025-12-05T21:12:16.077-05:00 DEBUG 370351 --- [user-management-service] [http-nio-8083-exec-8] org.hibernate.SQL                        : 
    select
        pme1_0.id,
        pme1_0.added_by,
        pme1_0.created_at,
        pme1_0.joined_at,
        pme1_0.project_id,
        pme1_0.role,
        pme1_0.tenant_id,
        pme1_0.updated_at,
        pme1_0.user_id 
    from
        project_members pme1_0 
    where
        pme1_0.user_id=?
2025-12-05T21:12:16.084-05:00 DEBUG 370351 --- [user-management-service] [http-nio-8083-exec-8] org.hibernate.SQL                        : 
    select
        ie1_0.id,
        ie1_0.accepted_at,
        ie1_0.created_at,
        ie1_0.email,
        ie1_0.expires_at,
        ie1_0.invited_by,
        ie1_0.inviter_email,
        ie1_0.resource_id,
        ie1_0.resource_name,
        ie1_0.role,
        ie1_0.status,
        ie1_0.token,
        ie1_0.type 
    from
        invitations ie1_0 
    where
        ie1_0.email=? 
        and ie1_0.status=?
2025-12-05T21:12:16.085-05:00  INFO 370351 --- [user-management-service] [http-nio-8083-exec-8] c.s.u.controller.DashboardController     : ✅ Dashboard fetched successfully for user: 7ac6bcef-ddf0-4497-ac03-8ce1f70edb89
